<ns0:linkbase xmlns:ns0="http://www.xbrl.org/2003/linkbase" xmlns:ns2="http://www.w3.org/1999/xlink" xmlns:xsi="http://www.w3.org/2001/XMLSchema-instance" xsi:schemaLocation="http://www.xbrl.org/2003/linkbase http://www.xbrl.org/2003/xbrl-linkbase-2003-12-31.xsd">
   <ns0:roleRef roleURI="http://ferc.gov/form/2020-01-01/roles/Schedule/F1/DistributionOfSalariesAndWages" ns2:href="form-1-sched-DistributionOfSalariesAndWages_2021-01-01.xsd#roleType_DistributionOfSalariesAndWages" ns2:type="simple" />
   <ns0:roleRef roleURI="http://ferc.gov/form/2020-01-01/roles/label/F1Total" ns2:href="../../ferc-core-lab-roles_2021-01-01.xsd#F1Total" ns2:type="simple" />
   <ns0:roleRef roleURI="http://ferc.gov/form/2020-01-01/roles/label/F1SalariesAndWages" ns2:href="../../ferc-core-lab-roles_2021-01-01.xsd#F1SalariesAndWages" ns2:type="simple" />
   <ns0:roleRef roleURI="http://ferc.gov/form/2020-01-01/roles/Schedule/F1/DistributionOfSalariesAndWagesOtherAccounts" ns2:href="form-1-sched-DistributionOfSalariesAndWages_2021-01-01.xsd#roleType_DistributionOfSalariesAndWagesOtherAccounts" ns2:type="simple" />
   <ns0:presentationLink ns2:role="http://ferc.gov/form/2020-01-01/roles/Schedule/F1/DistributionOfSalariesAndWages" ns2:type="extended">
      <ns0:loc ns2:href="../../ferc-core_2021-01-01.xsd#ferc_ScheduleDistributionOfSalariesAndWagesAbstract" ns2:label="ferc_ScheduleDistributionOfSalariesAndWagesAbstract" ns2:type="locator" />
      <ns0:loc ns2:href="../../ferc-core_2021-01-01.xsd#ferc_DistributionOfSalariesAndWagesTable" ns2:label="ferc_DistributionOfSalariesAndWagesTable" ns2:type="locator" />
      <ns0:presentationArc order="1.0" ns2:arcrole="http://www.xbrl.org/2003/arcrole/parent-child" ns2:from="ferc_ScheduleDistributionOfSalariesAndWagesAbstract" ns2:to="ferc_DistributionOfSalariesAndWagesTable" ns2:type="arc" />
      <ns0:loc ns2:href="../../ferc-core_2021-01-01.xsd#ferc_TypeOfDistributionAxis" ns2:label="ferc_TypeOfDistributionAxis" ns2:type="locator" />
      <ns0:presentationArc order="1.0" ns2:arcrole="http://www.xbrl.org/2003/arcrole/parent-child" ns2:from="ferc_DistributionOfSalariesAndWagesTable" ns2:to="ferc_TypeOfDistributionAxis" ns2:type="arc" />
      <ns0:loc ns2:href="../../ferc-core_2021-01-01.xsd#ferc_TypeOfDistributionDomain" ns2:label="ferc_TypeOfDistributionDomain" ns2:type="locator" />
      <ns0:presentationArc order="1.0" ns2:arcrole="http://www.xbrl.org/2003/arcrole/parent-child" ns2:from="ferc_TypeOfDistributionAxis" ns2:to="ferc_TypeOfDistributionDomain" ns2:type="arc" />
      <ns0:loc ns2:href="../../ferc-core_2021-01-01.xsd#ferc_DirectPayrollDistributionMember" ns2:label="ferc_DirectPayrollDistributionMember" ns2:type="locator" />
      <ns0:presentationArc order="1.0" ns2:arcrole="http://www.xbrl.org/2003/arcrole/parent-child" ns2:from="ferc_TypeOfDistributionDomain" ns2:to="ferc_DirectPayrollDistributionMember" ns2:type="arc" />
      <ns0:loc ns2:href="../../ferc-core_2021-01-01.xsd#ferc_AllocationOfPayrollChargedForClearingAccountsMember" ns2:label="ferc_AllocationOfPayrollChargedForClearingAccountsMember" ns2:type="locator" />
      <ns0:presentationArc order="2.0" ns2:arcrole="http://www.xbrl.org/2003/arcrole/parent-child" ns2:from="ferc_TypeOfDistributionDomain" ns2:to="ferc_AllocationOfPayrollChargedForClearingAccountsMember" ns2:type="arc" />
      <ns0:loc ns2:href="../../ferc-core_2021-01-01.xsd#ferc_DistributionOfSalariesAndWagesLineItems" ns2:label="ferc_DistributionOfSalariesAndWagesLineItems" ns2:type="locator" />
      <ns0:presentationArc order="2.0" ns2:arcrole="http://www.xbrl.org/2003/arcrole/parent-child" ns2:from="ferc_DistributionOfSalariesAndWagesTable" ns2:to="ferc_DistributionOfSalariesAndWagesLineItems" ns2:type="arc" />
      <ns0:loc ns2:href="../../ferc-core_2021-01-01.xsd#ferc_SalariesAndWagesElectricAbstract" ns2:label="ferc_SalariesAndWagesElectricAbstract" ns2:type="locator" />
      <ns0:presentationArc order="1.0" preferredLabel="http://ferc.gov/form/2020-01-01/roles/label/F1SalariesAndWages" ns2:arcrole="http://www.xbrl.org/2003/arcrole/parent-child" ns2:from="ferc_DistributionOfSalariesAndWagesLineItems" ns2:to="ferc_SalariesAndWagesElectricAbstract" ns2:type="arc" />
      <ns0:loc ns2:href="../../ferc-core_2021-01-01.xsd#ferc_SalariesAndWagesElectricOperationAbstract" ns2:label="ferc_SalariesAndWagesElectricOperationAbstract" ns2:type="locator" />
      <ns0:presentationArc order="1.0" preferredLabel="http://ferc.gov/form/2020-01-01/roles/label/F1SalariesAndWages" ns2:arcrole="http://www.xbrl.org/2003/arcrole/parent-child" ns2:from="ferc_SalariesAndWagesElectricAbstract" ns2:to="ferc_SalariesAndWagesElectricOperationAbstract" ns2:type="arc" />
      <ns0:loc ns2:href="../../ferc-core_2021-01-01.xsd#ferc_SalariesAndWagesElectricOperationProduction" ns2:label="ferc_SalariesAndWagesElectricOperationProduction" ns2:type="locator" />
      <ns0:presentationArc order="1.0" preferredLabel="http://ferc.gov/form/2020-01-01/roles/label/F1SalariesAndWages" ns2:arcrole="http://www.xbrl.org/2003/arcrole/parent-child" ns2:from="ferc_SalariesAndWagesElectricOperationAbstract" ns2:to="ferc_SalariesAndWagesElectricOperationProduction" ns2:type="arc" />
      <ns0:loc ns2:href="../../ferc-core_2021-01-01.xsd#ferc_SalariesAndWagesElectricOperationTransmission" ns2:label="ferc_SalariesAndWagesElectricOperationTransmission" ns2:type="locator" />
      <ns0:presentationArc order="2.0" preferredLabel="http://ferc.gov/form/2020-01-01/roles/label/F1SalariesAndWages" ns2:arcrole="http://www.xbrl.org/2003/arcrole/parent-child" ns2:from="ferc_SalariesAndWagesElectricOperationAbstract" ns2:to="ferc_SalariesAndWagesElectricOperationTransmission" ns2:type="arc" />
      <ns0:loc ns2:href="../../ferc-core_2021-01-01.xsd#ferc_SalariesAndWagesElectricOperationRegionalMarket" ns2:label="ferc_SalariesAndWagesElectricOperationRegionalMarket" ns2:type="locator" />
      <ns0:presentationArc order="3.0" preferredLabel="http://ferc.gov/form/2020-01-01/roles/label/F1SalariesAndWages" ns2:arcrole="http://www.xbrl.org/2003/arcrole/parent-child" ns2:from="ferc_SalariesAndWagesElectricOperationAbstract" ns2:to="ferc_SalariesAndWagesElectricOperationRegionalMarket" ns2:type="arc" />
      <ns0:loc ns2:href="../../ferc-core_2021-01-01.xsd#ferc_SalariesAndWagesElectricOperationDistribution" ns2:label="ferc_SalariesAndWagesElectricOperationDistribution" ns2:type="locator" />
      <ns0:presentationArc order="4.0" preferredLabel="http://ferc.gov/form/2020-01-01/roles/label/F1SalariesAndWages" ns2:arcrole="http://www.xbrl.org/2003/arcrole/parent-child" ns2:from="ferc_SalariesAndWagesElectricOperationAbstract" ns2:to="ferc_SalariesAndWagesElectricOperationDistribution" ns2:type="arc" />
      <ns0:loc ns2:href="../../ferc-core_2021-01-01.xsd#ferc_SalariesAndWagesElectricOperationCustomerAccounts" ns2:label="ferc_SalariesAndWagesElectricOperationCustomerAccounts" ns2:type="locator" />
      <ns0:presentationArc order="5.0" preferredLabel="http://ferc.gov/form/2020-01-01/roles/label/F1SalariesAndWages" ns2:arcrole="http://www.xbrl.org/2003/arcrole/parent-child" ns2:from="ferc_SalariesAndWagesElectricOperationAbstract" ns2:to="ferc_SalariesAndWagesElectricOperationCustomerAccounts" ns2:type="arc" />
      <ns0:loc ns2:href="../../ferc-core_2021-01-01.xsd#ferc_SalariesAndWagesElectricOperationCustomerServiceAndInformational" ns2:label="ferc_SalariesAndWagesElectricOperationCustomerServiceAndInformational" ns2:type="locator" />
      <ns0:presentationArc order="6.0" preferredLabel="http://ferc.gov/form/2020-01-01/roles/label/F1SalariesAndWages" ns2:arcrole="http://www.xbrl.org/2003/arcrole/parent-child" ns2:from="ferc_SalariesAndWagesElectricOperationAbstract" ns2:to="ferc_SalariesAndWagesElectricOperationCustomerServiceAndInformational" ns2:type="arc" />
      <ns0:loc ns2:href="../../ferc-core_2021-01-01.xsd#ferc_SalariesAndWagesElectricOperationSales" ns2:label="ferc_SalariesAndWagesElectricOperationSales" ns2:type="locator" />
      <ns0:presentationArc order="7.0" preferredLabel="http://ferc.gov/form/2020-01-01/roles/label/F1SalariesAndWages" ns2:arcrole="http://www.xbrl.org/2003/arcrole/parent-child" ns2:from="ferc_SalariesAndWagesElectricOperationAbstract" ns2:to="ferc_SalariesAndWagesElectricOperationSales" ns2:type="arc" />
      <ns0:loc ns2:href="../../ferc-core_2021-01-01.xsd#ferc_SalariesAndWagesElectricOperationAdministrativeAndGeneral" ns2:label="ferc_SalariesAndWagesElectricOperationAdministrativeAndGeneral" ns2:type="locator" />
      <ns0:presentationArc order="8.0" preferredLabel="http://ferc.gov/form/2020-01-01/roles/label/F1SalariesAndWages" ns2:arcrole="http://www.xbrl.org/2003/arcrole/parent-child" ns2:from="ferc_SalariesAndWagesElectricOperationAbstract" ns2:to="ferc_SalariesAndWagesElectricOperationAdministrativeAndGeneral" ns2:type="arc" />
      <ns0:loc ns2:href="../../ferc-core_2021-01-01.xsd#ferc_SalariesAndWagesElectricOperation" ns2:label="ferc_SalariesAndWagesElectricOperation" ns2:type="locator" />
      <ns0:presentationArc order="9.0" preferredLabel="http://ferc.gov/form/2020-01-01/roles/label/F1Total" ns2:arcrole="http://www.xbrl.org/2003/arcrole/parent-child" ns2:from="ferc_SalariesAndWagesElectricOperationAbstract" ns2:to="ferc_SalariesAndWagesElectricOperation" ns2:type="arc" />
      <ns0:loc ns2:href="../../ferc-core_2021-01-01.xsd#ferc_SalariesAndWagesElectricMaintenanceAbstract" ns2:label="ferc_SalariesAndWagesElectricMaintenanceAbstract" ns2:type="locator" />
      <ns0:presentationArc order="2.0" preferredLabel="http://ferc.gov/form/2020-01-01/roles/label/F1SalariesAndWages" ns2:arcrole="http://www.xbrl.org/2003/arcrole/parent-child" ns2:from="ferc_SalariesAndWagesElectricAbstract" ns2:to="ferc_SalariesAndWagesElectricMaintenanceAbstract" ns2:type="arc" />
      <ns0:loc ns2:href="../../ferc-core_2021-01-01.xsd#ferc_SalariesAndWagesElectricMaintenanceProduction" ns2:label="ferc_SalariesAndWagesElectricMaintenanceProduction" ns2:type="locator" />
      <ns0:presentationArc order="1.0" preferredLabel="http://ferc.gov/form/2020-01-01/roles/label/F1SalariesAndWages" ns2:arcrole="http://www.xbrl.org/2003/arcrole/parent-child" ns2:from="ferc_SalariesAndWagesElectricMaintenanceAbstract" ns2:to="ferc_SalariesAndWagesElectricMaintenanceProduction" ns2:type="arc" />
      <ns0:loc ns2:href="../../ferc-core_2021-01-01.xsd#ferc_SalariesAndWagesElectricMaintenanceTransmission" ns2:label="ferc_SalariesAndWagesElectricMaintenanceTransmission" ns2:type="locator" />
      <ns0:presentationArc order="2.0" preferredLabel="http://ferc.gov/form/2020-01-01/roles/label/F1SalariesAndWages" ns2:arcrole="http://www.xbrl.org/2003/arcrole/parent-child" ns2:from="ferc_SalariesAndWagesElectricMaintenanceAbstract" ns2:to="ferc_SalariesAndWagesElectricMaintenanceTransmission" ns2:type="arc" />
      <ns0:loc ns2:href="../../ferc-core_2021-01-01.xsd#ferc_SalariesAndWagesElectricMaintenanceRegionalMarket" ns2:label="ferc_SalariesAndWagesElectricMaintenanceRegionalMarket" ns2:type="locator" />
      <ns0:presentationArc order="3.0" preferredLabel="http://ferc.gov/form/2020-01-01/roles/label/F1SalariesAndWages" ns2:arcrole="http://www.xbrl.org/2003/arcrole/parent-child" ns2:from="ferc_SalariesAndWagesElectricMaintenanceAbstract" ns2:to="ferc_SalariesAndWagesElectricMaintenanceRegionalMarket" ns2:type="arc" />
      <ns0:loc ns2:href="../../ferc-core_2021-01-01.xsd#ferc_SalariesAndWagesElectricMaintenanceDistribution" ns2:label="ferc_SalariesAndWagesElectricMaintenanceDistribution" ns2:type="locator" />
      <ns0:presentationArc order="4.0" preferredLabel="http://ferc.gov/form/2020-01-01/roles/label/F1SalariesAndWages" ns2:arcrole="http://www.xbrl.org/2003/arcrole/parent-child" ns2:from="ferc_SalariesAndWagesElectricMaintenanceAbstract" ns2:to="ferc_SalariesAndWagesElectricMaintenanceDistribution" ns2:type="arc" />
      <ns0:loc ns2:href="../../ferc-core_2021-01-01.xsd#ferc_SalariesAndWagesElectricMaintenanceAdministrativeAndGeneral" ns2:label="ferc_SalariesAndWagesElectricMaintenanceAdministrativeAndGeneral" ns2:type="locator" />
      <ns0:presentationArc order="5.0" preferredLabel="http://ferc.gov/form/2020-01-01/roles/label/F1SalariesAndWages" ns2:arcrole="http://www.xbrl.org/2003/arcrole/parent-child" ns2:from="ferc_SalariesAndWagesElectricMaintenanceAbstract" ns2:to="ferc_SalariesAndWagesElectricMaintenanceAdministrativeAndGeneral" ns2:type="arc" />
      <ns0:loc ns2:href="../../ferc-core_2021-01-01.xsd#ferc_SalariesAndWagesElectricMaintenance" ns2:label="ferc_SalariesAndWagesElectricMaintenance" ns2:type="locator" />
      <ns0:presentationArc order="6.0" preferredLabel="http://ferc.gov/form/2020-01-01/roles/label/F1Total" ns2:arcrole="http://www.xbrl.org/2003/arcrole/parent-child" ns2:from="ferc_SalariesAndWagesElectricMaintenanceAbstract" ns2:to="ferc_SalariesAndWagesElectricMaintenance" ns2:type="arc" />
      <ns0:loc ns2:href="../../ferc-core_2021-01-01.xsd#ferc_SalariesAndWagesElectricOperationAndMaintenanceAbstract" ns2:label="ferc_SalariesAndWagesElectricOperationAndMaintenanceAbstract" ns2:type="locator" />
      <ns0:presentationArc order="3.0" preferredLabel="http://ferc.gov/form/2020-01-01/roles/label/F1Total" ns2:arcrole="http://www.xbrl.org/2003/arcrole/parent-child" ns2:from="ferc_SalariesAndWagesElectricAbstract" ns2:to="ferc_SalariesAndWagesElectricOperationAndMaintenanceAbstract" ns2:type="arc" />
      <ns0:loc ns2:href="../../ferc-core_2021-01-01.xsd#ferc_SalariesAndWagesElectricProduction" ns2:label="ferc_SalariesAndWagesElectricProduction" ns2:type="locator" />
      <ns0:presentationArc order="1.0" preferredLabel="http://ferc.gov/form/2020-01-01/roles/label/F1Total" ns2:arcrole="http://www.xbrl.org/2003/arcrole/parent-child" ns2:from="ferc_SalariesAndWagesElectricOperationAndMaintenanceAbstract" ns2:to="ferc_SalariesAndWagesElectricProduction" ns2:type="arc" />
      <ns0:loc ns2:href="../../ferc-core_2021-01-01.xsd#ferc_SalariesAndWagesElectricTransmission" ns2:label="ferc_SalariesAndWagesElectricTransmission" ns2:type="locator" />
      <ns0:presentationArc order="2.0" preferredLabel="http://ferc.gov/form/2020-01-01/roles/label/F1Total" ns2:arcrole="http://www.xbrl.org/2003/arcrole/parent-child" ns2:from="ferc_SalariesAndWagesElectricOperationAndMaintenanceAbstract" ns2:to="ferc_SalariesAndWagesElectricTransmission" ns2:type="arc" />
      <ns0:loc ns2:href="../../ferc-core_2021-01-01.xsd#ferc_SalariesAndWagesElectricRegionalMarket" ns2:label="ferc_SalariesAndWagesElectricRegionalMarket" ns2:type="locator" />
      <ns0:presentationArc order="3.0" preferredLabel="http://ferc.gov/form/2020-01-01/roles/label/F1Total" ns2:arcrole="http://www.xbrl.org/2003/arcrole/parent-child" ns2:from="ferc_SalariesAndWagesElectricOperationAndMaintenanceAbstract" ns2:to="ferc_SalariesAndWagesElectricRegionalMarket" ns2:type="arc" />
      <ns0:loc ns2:href="../../ferc-core_2021-01-01.xsd#ferc_SalariesAndWagesElectricDistribution" ns2:label="ferc_SalariesAndWagesElectricDistribution" ns2:type="locator" />
      <ns0:presentationArc order="4.0" preferredLabel="http://ferc.gov/form/2020-01-01/roles/label/F1Total" ns2:arcrole="http://www.xbrl.org/2003/arcrole/parent-child" ns2:from="ferc_SalariesAndWagesElectricOperationAndMaintenanceAbstract" ns2:to="ferc_SalariesAndWagesElectricDistribution" ns2:type="arc" />
      <ns0:loc ns2:href="../../ferc-core_2021-01-01.xsd#ferc_SalariesAndWagesElectricCustomerAccounts" ns2:label="ferc_SalariesAndWagesElectricCustomerAccounts" ns2:type="locator" />
      <ns0:presentationArc order="5.0" preferredLabel="http://ferc.gov/form/2020-01-01/roles/label/F1Total" ns2:arcrole="http://www.xbrl.org/2003/arcrole/parent-child" ns2:from="ferc_SalariesAndWagesElectricOperationAndMaintenanceAbstract" ns2:to="ferc_SalariesAndWagesElectricCustomerAccounts" ns2:type="arc" />
      <ns0:loc ns2:href="../../ferc-core_2021-01-01.xsd#ferc_SalariesAndWagesElectricCustomerServiceAndInformational" ns2:label="ferc_SalariesAndWagesElectricCustomerServiceAndInformational" ns2:type="locator" />
      <ns0:presentationArc order="6.0" preferredLabel="http://ferc.gov/form/2020-01-01/roles/label/F1Total" ns2:arcrole="http://www.xbrl.org/2003/arcrole/parent-child" ns2:from="ferc_SalariesAndWagesElectricOperationAndMaintenanceAbstract" ns2:to="ferc_SalariesAndWagesElectricCustomerServiceAndInformational" ns2:type="arc" />
      <ns0:loc ns2:href="../../ferc-core_2021-01-01.xsd#ferc_SalariesAndWagesElectricSales" ns2:label="ferc_SalariesAndWagesElectricSales" ns2:type="locator" />
      <ns0:presentationArc order="7.0" preferredLabel="http://ferc.gov/form/2020-01-01/roles/label/F1Total" ns2:arcrole="http://www.xbrl.org/2003/arcrole/parent-child" ns2:from="ferc_SalariesAndWagesElectricOperationAndMaintenanceAbstract" ns2:to="ferc_SalariesAndWagesElectricSales" ns2:type="arc" />
      <ns0:loc ns2:href="../../ferc-core_2021-01-01.xsd#ferc_SalariesAndWagesElectricAdministrativeAndGeneral" ns2:label="ferc_SalariesAndWagesElectricAdministrativeAndGeneral" ns2:type="locator" />
      <ns0:presentationArc order="8.0" preferredLabel="http://ferc.gov/form/2020-01-01/roles/label/F1Total" ns2:arcrole="http://www.xbrl.org/2003/arcrole/parent-child" ns2:from="ferc_SalariesAndWagesElectricOperationAndMaintenanceAbstract" ns2:to="ferc_SalariesAndWagesElectricAdministrativeAndGeneral" ns2:type="arc" />
      <ns0:loc ns2:href="../../ferc-core_2021-01-01.xsd#ferc_SalariesAndWagesElectricOperationAndMaintenance" ns2:label="ferc_SalariesAndWagesElectricOperationAndMaintenance" ns2:type="locator" />
      <ns0:presentationArc order="9.0" preferredLabel="http://ferc.gov/form/2020-01-01/roles/label/F1Total" ns2:arcrole="http://www.xbrl.org/2003/arcrole/parent-child" ns2:from="ferc_SalariesAndWagesElectricOperationAndMaintenanceAbstract" ns2:to="ferc_SalariesAndWagesElectricOperationAndMaintenance" ns2:type="arc" />
      <ns0:loc ns2:href="../../ferc-core_2021-01-01.xsd#ferc_SalariesAndWagesGasAbstract" ns2:label="ferc_SalariesAndWagesGasAbstract" ns2:type="locator" />
      <ns0:presentationArc order="2.0" preferredLabel="http://ferc.gov/form/2020-01-01/roles/label/F1SalariesAndWages" ns2:arcrole="http://www.xbrl.org/2003/arcrole/parent-child" ns2:from="ferc_DistributionOfSalariesAndWagesLineItems" ns2:to="ferc_SalariesAndWagesGasAbstract" ns2:type="arc" />
      <ns0:loc ns2:href="../../ferc-core_2021-01-01.xsd#ferc_SalariesAndWagesGasOperationAbstract" ns2:label="ferc_SalariesAndWagesGasOperationAbstract" ns2:type="locator" />
      <ns0:presentationArc order="1.0" preferredLabel="http://ferc.gov/form/2020-01-01/roles/label/F1SalariesAndWages" ns2:arcrole="http://www.xbrl.org/2003/arcrole/parent-child" ns2:from="ferc_SalariesAndWagesGasAbstract" ns2:to="ferc_SalariesAndWagesGasOperationAbstract" ns2:type="arc" />
      <ns0:loc ns2:href="../../ferc-core_2021-01-01.xsd#ferc_SalariesAndWagesGasOperationProductionManufacturedGas" ns2:label="ferc_SalariesAndWagesGasOperationProductionManufacturedGas" ns2:type="locator" />
      <ns0:presentationArc order="1.0" preferredLabel="http://ferc.gov/form/2020-01-01/roles/label/F1SalariesAndWages" ns2:arcrole="http://www.xbrl.org/2003/arcrole/parent-child" ns2:from="ferc_SalariesAndWagesGasOperationAbstract" ns2:to="ferc_SalariesAndWagesGasOperationProductionManufacturedGas" ns2:type="arc" />
      <ns0:loc ns2:href="../../ferc-core_2021-01-01.xsd#ferc_SalariesAndWagesGasOperationProductionNaturalGas" ns2:label="ferc_SalariesAndWagesGasOperationProductionNaturalGas" ns2:type="locator" />
      <ns0:presentationArc order="2.0" preferredLabel="http://ferc.gov/form/2020-01-01/roles/label/F1SalariesAndWages" ns2:arcrole="http://www.xbrl.org/2003/arcrole/parent-child" ns2:from="ferc_SalariesAndWagesGasOperationAbstract" ns2:to="ferc_SalariesAndWagesGasOperationProductionNaturalGas" ns2:type="arc" />
      <ns0:loc ns2:href="../../ferc-core_2021-01-01.xsd#ferc_SalariesAndWagesGasOperationOtherGasSupply" ns2:label="ferc_SalariesAndWagesGasOperationOtherGasSupply" ns2:type="locator" />
      <ns0:presentationArc order="3.0" preferredLabel="http://ferc.gov/form/2020-01-01/roles/label/F1SalariesAndWages" ns2:arcrole="http://www.xbrl.org/2003/arcrole/parent-child" ns2:from="ferc_SalariesAndWagesGasOperationAbstract" ns2:to="ferc_SalariesAndWagesGasOperationOtherGasSupply" ns2:type="arc" />
      <ns0:loc ns2:href="../../ferc-core_2021-01-01.xsd#ferc_SalariesAndWagesGasOperationStorageLiquifiedNaturalGasTerminalingAndProcessing" ns2:label="ferc_SalariesAndWagesGasOperationStorageLiquifiedNaturalGasTerminalingAndProcessing" ns2:type="locator" />
      <ns0:presentationArc order="4.0" preferredLabel="http://ferc.gov/form/2020-01-01/roles/label/F1SalariesAndWages" ns2:arcrole="http://www.xbrl.org/2003/arcrole/parent-child" ns2:from="ferc_SalariesAndWagesGasOperationAbstract" ns2:to="ferc_SalariesAndWagesGasOperationStorageLiquifiedNaturalGasTerminalingAndProcessing" ns2:type="arc" />
      <ns0:loc ns2:href="../../ferc-core_2021-01-01.xsd#ferc_SalariesAndWagesGasOperationTransmission" ns2:label="ferc_SalariesAndWagesGasOperationTransmission" ns2:type="locator" />
      <ns0:presentationArc order="5.0" preferredLabel="http://ferc.gov/form/2020-01-01/roles/label/F1SalariesAndWages" ns2:arcrole="http://www.xbrl.org/2003/arcrole/parent-child" ns2:from="ferc_SalariesAndWagesGasOperationAbstract" ns2:to="ferc_SalariesAndWagesGasOperationTransmission" ns2:type="arc" />
      <ns0:loc ns2:href="../../ferc-core_2021-01-01.xsd#ferc_SalariesAndWagesGasOperationDistribution" ns2:label="ferc_SalariesAndWagesGasOperationDistribution" ns2:type="locator" />
      <ns0:presentationArc order="6.0" preferredLabel="http://ferc.gov/form/2020-01-01/roles/label/F1SalariesAndWages" ns2:arcrole="http://www.xbrl.org/2003/arcrole/parent-child" ns2:from="ferc_SalariesAndWagesGasOperationAbstract" ns2:to="ferc_SalariesAndWagesGasOperationDistribution" ns2:type="arc" />
      <ns0:loc ns2:href="../../ferc-core_2021-01-01.xsd#ferc_SalariesAndWagesGasCustomerAccounts" ns2:label="ferc_SalariesAndWagesGasCustomerAccounts" ns2:type="locator" />
      <ns0:presentationArc order="7.0" preferredLabel="http://ferc.gov/form/2020-01-01/roles/label/F1SalariesAndWages" ns2:arcrole="http://www.xbrl.org/2003/arcrole/parent-child" ns2:from="ferc_SalariesAndWagesGasOperationAbstract" ns2:to="ferc_SalariesAndWagesGasCustomerAccounts" ns2:type="arc" />
      <ns0:loc ns2:href="../../ferc-core_2021-01-01.xsd#ferc_SalariesAndWagesGasCustomerServiceAndInformational" ns2:label="ferc_SalariesAndWagesGasCustomerServiceAndInformational" ns2:type="locator" />
      <ns0:presentationArc order="8.0" preferredLabel="http://ferc.gov/form/2020-01-01/roles/label/F1SalariesAndWages" ns2:arcrole="http://www.xbrl.org/2003/arcrole/parent-child" ns2:from="ferc_SalariesAndWagesGasOperationAbstract" ns2:to="ferc_SalariesAndWagesGasCustomerServiceAndInformational" ns2:type="arc" />
      <ns0:loc ns2:href="../../ferc-core_2021-01-01.xsd#ferc_SalariesAndWagesGasSales" ns2:label="ferc_SalariesAndWagesGasSales" ns2:type="locator" />
      <ns0:presentationArc order="9.0" preferredLabel="http://ferc.gov/form/2020-01-01/roles/label/F1SalariesAndWages" ns2:arcrole="http://www.xbrl.org/2003/arcrole/parent-child" ns2:from="ferc_SalariesAndWagesGasOperationAbstract" ns2:to="ferc_SalariesAndWagesGasSales" ns2:type="arc" />
      <ns0:loc ns2:href="../../ferc-core_2021-01-01.xsd#ferc_SalariesAndWagesGasOperationAdministrativeAndGeneral" ns2:label="ferc_SalariesAndWagesGasOperationAdministrativeAndGeneral" ns2:type="locator" />
      <ns0:presentationArc order="10.0" preferredLabel="http://ferc.gov/form/2020-01-01/roles/label/F1SalariesAndWages" ns2:arcrole="http://www.xbrl.org/2003/arcrole/parent-child" ns2:from="ferc_SalariesAndWagesGasOperationAbstract" ns2:to="ferc_SalariesAndWagesGasOperationAdministrativeAndGeneral" ns2:type="arc" />
      <ns0:loc ns2:href="../../ferc-core_2021-01-01.xsd#ferc_SalariesAndWagesGasOperation" ns2:label="ferc_SalariesAndWagesGasOperation" ns2:type="locator" />
      <ns0:presentationArc order="11.0" preferredLabel="http://ferc.gov/form/2020-01-01/roles/label/F1Total" ns2:arcrole="http://www.xbrl.org/2003/arcrole/parent-child" ns2:from="ferc_SalariesAndWagesGasOperationAbstract" ns2:to="ferc_SalariesAndWagesGasOperation" ns2:type="arc" />
      <ns0:loc ns2:href="../../ferc-core_2021-01-01.xsd#ferc_SalariesAndWagesGasMaintenanceAbstract" ns2:label="ferc_SalariesAndWagesGasMaintenanceAbstract" ns2:type="locator" />
      <ns0:presentationArc order="2.0" preferredLabel="http://ferc.gov/form/2020-01-01/roles/label/F1SalariesAndWages" ns2:arcrole="http://www.xbrl.org/2003/arcrole/parent-child" ns2:from="ferc_SalariesAndWagesGasAbstract" ns2:to="ferc_SalariesAndWagesGasMaintenanceAbstract" ns2:type="arc" />
      <ns0:loc ns2:href="../../ferc-core_2021-01-01.xsd#ferc_SalariesAndWagesGasMaintenanceProductionManufacturedGas" ns2:label="ferc_SalariesAndWagesGasMaintenanceProductionManufacturedGas" ns2:type="locator" />
      <ns0:presentationArc order="1.0" preferredLabel="http://ferc.gov/form/2020-01-01/roles/label/F1SalariesAndWages" ns2:arcrole="http://www.xbrl.org/2003/arcrole/parent-child" ns2:from="ferc_SalariesAndWagesGasMaintenanceAbstract" ns2:to="ferc_SalariesAndWagesGasMaintenanceProductionManufacturedGas" ns2:type="arc" />
      <ns0:loc ns2:href="../../ferc-core_2021-01-01.xsd#ferc_SalariesAndWagesGasMaintenanceProductionNaturalGas" ns2:label="ferc_SalariesAndWagesGasMaintenanceProductionNaturalGas" ns2:type="locator" />
      <ns0:presentationArc order="2.0" preferredLabel="http://ferc.gov/form/2020-01-01/roles/label/F1SalariesAndWages" ns2:arcrole="http://www.xbrl.org/2003/arcrole/parent-child" ns2:from="ferc_SalariesAndWagesGasMaintenanceAbstract" ns2:to="ferc_SalariesAndWagesGasMaintenanceProductionNaturalGas" ns2:type="arc" />
      <ns0:loc ns2:href="../../ferc-core_2021-01-01.xsd#ferc_SalariesAndWagesGasMaintenanceOtherGasSupply" ns2:label="ferc_SalariesAndWagesGasMaintenanceOtherGasSupply" ns2:type="locator" />
      <ns0:presentationArc order="3.0" preferredLabel="http://ferc.gov/form/2020-01-01/roles/label/F1SalariesAndWages" ns2:arcrole="http://www.xbrl.org/2003/arcrole/parent-child" ns2:from="ferc_SalariesAndWagesGasMaintenanceAbstract" ns2:to="ferc_SalariesAndWagesGasMaintenanceOtherGasSupply" ns2:type="arc" />
      <ns0:loc ns2:href="../../ferc-core_2021-01-01.xsd#ferc_SalariesAndWagesGasMaintenanceStorageLngTerminalingAndProcessing" ns2:label="ferc_SalariesAndWagesGasMaintenanceStorageLngTerminalingAndProcessing" ns2:type="locator" />
      <ns0:presentationArc order="4.0" preferredLabel="http://ferc.gov/form/2020-01-01/roles/label/F1SalariesAndWages" ns2:arcrole="http://www.xbrl.org/2003/arcrole/parent-child" ns2:from="ferc_SalariesAndWagesGasMaintenanceAbstract" ns2:to="ferc_SalariesAndWagesGasMaintenanceStorageLngTerminalingAndProcessing" ns2:type="arc" />
      <ns0:loc ns2:href="../../ferc-core_2021-01-01.xsd#ferc_SalariesAndWagesGasMaintenanceTransmission" ns2:label="ferc_SalariesAndWagesGasMaintenanceTransmission" ns2:type="locator" />
      <ns0:presentationArc order="5.0" preferredLabel="http://ferc.gov/form/2020-01-01/roles/label/F1SalariesAndWages" ns2:arcrole="http://www.xbrl.org/2003/arcrole/parent-child" ns2:from="ferc_SalariesAndWagesGasMaintenanceAbstract" ns2:to="ferc_SalariesAndWagesGasMaintenanceTransmission" ns2:type="arc" />
      <ns0:loc ns2:href="../../ferc-core_2021-01-01.xsd#ferc_SalariesAndWagesGasMaintenanceDistribution" ns2:label="ferc_SalariesAndWagesGasMaintenanceDistribution" ns2:type="locator" />
      <ns0:presentationArc order="6.0" preferredLabel="http://ferc.gov/form/2020-01-01/roles/label/F1SalariesAndWages" ns2:arcrole="http://www.xbrl.org/2003/arcrole/parent-child" ns2:from="ferc_SalariesAndWagesGasMaintenanceAbstract" ns2:to="ferc_SalariesAndWagesGasMaintenanceDistribution" ns2:type="arc" />
      <ns0:loc ns2:href="../../ferc-core_2021-01-01.xsd#ferc_SalariesAndWagesGasMaintenanceAdministrativeAndGeneral" ns2:label="ferc_SalariesAndWagesGasMaintenanceAdministrativeAndGeneral" ns2:type="locator" />
      <ns0:presentationArc order="7.0" preferredLabel="http://ferc.gov/form/2020-01-01/roles/label/F1SalariesAndWages" ns2:arcrole="http://www.xbrl.org/2003/arcrole/parent-child" ns2:from="ferc_SalariesAndWagesGasMaintenanceAbstract" ns2:to="ferc_SalariesAndWagesGasMaintenanceAdministrativeAndGeneral" ns2:type="arc" />
      <ns0:loc ns2:href="../../ferc-core_2021-01-01.xsd#ferc_SalariesAndWagesGasMaintenance" ns2:label="ferc_SalariesAndWagesGasMaintenance" ns2:type="locator" />
      <ns0:presentationArc order="8.0" preferredLabel="http://ferc.gov/form/2020-01-01/roles/label/F1Total" ns2:arcrole="http://www.xbrl.org/2003/arcrole/parent-child" ns2:from="ferc_SalariesAndWagesGasMaintenanceAbstract" ns2:to="ferc_SalariesAndWagesGasMaintenance" ns2:type="arc" />
      <ns0:loc ns2:href="../../ferc-core_2021-01-01.xsd#ferc_SalariesAndWagesGasOperationAndMaintenanceAbstract" ns2:label="ferc_SalariesAndWagesGasOperationAndMaintenanceAbstract" ns2:type="locator" />
      <ns0:presentationArc order="3.0" preferredLabel="http://ferc.gov/form/2020-01-01/roles/label/F1Total" ns2:arcrole="http://www.xbrl.org/2003/arcrole/parent-child" ns2:from="ferc_SalariesAndWagesGasAbstract" ns2:to="ferc_SalariesAndWagesGasOperationAndMaintenanceAbstract" ns2:type="arc" />
      <ns0:loc ns2:href="../../ferc-core_2021-01-01.xsd#ferc_SalariesAndWagesGasProductionManufacturedGas" ns2:label="ferc_SalariesAndWagesGasProductionManufacturedGas" ns2:type="locator" />
      <ns0:presentationArc order="1.0" preferredLabel="http://ferc.gov/form/2020-01-01/roles/label/F1Total" ns2:arcrole="http://www.xbrl.org/2003/arcrole/parent-child" ns2:from="ferc_SalariesAndWagesGasOperationAndMaintenanceAbstract" ns2:to="ferc_SalariesAndWagesGasProductionManufacturedGas" ns2:type="arc" />
      <ns0:loc ns2:href="../../ferc-core_2021-01-01.xsd#ferc_SalariesAndWagesGasProductionNaturalGas" ns2:label="ferc_SalariesAndWagesGasProductionNaturalGas" ns2:type="locator" />
      <ns0:presentationArc order="2.0" preferredLabel="http://ferc.gov/form/2020-01-01/roles/label/F1Total" ns2:arcrole="http://www.xbrl.org/2003/arcrole/parent-child" ns2:from="ferc_SalariesAndWagesGasOperationAndMaintenanceAbstract" ns2:to="ferc_SalariesAndWagesGasProductionNaturalGas" ns2:type="arc" />
      <ns0:loc ns2:href="../../ferc-core_2021-01-01.xsd#ferc_SalariesAndWagesGasOtherGasSupply" ns2:label="ferc_SalariesAndWagesGasOtherGasSupply" ns2:type="locator" />
      <ns0:presentationArc order="3.0" preferredLabel="http://ferc.gov/form/2020-01-01/roles/label/F1Total" ns2:arcrole="http://www.xbrl.org/2003/arcrole/parent-child" ns2:from="ferc_SalariesAndWagesGasOperationAndMaintenanceAbstract" ns2:to="ferc_SalariesAndWagesGasOtherGasSupply" ns2:type="arc" />
      <ns0:loc ns2:href="../../ferc-core_2021-01-01.xsd#ferc_SalariesAndWagesGasStorageLngTerminalingAndProcessing" ns2:label="ferc_SalariesAndWagesGasStorageLngTerminalingAndProcessing" ns2:type="locator" />
      <ns0:presentationArc order="4.0" preferredLabel="http://ferc.gov/form/2020-01-01/roles/label/F1Total" ns2:arcrole="http://www.xbrl.org/2003/arcrole/parent-child" ns2:from="ferc_SalariesAndWagesGasOperationAndMaintenanceAbstract" ns2:to="ferc_SalariesAndWagesGasStorageLngTerminalingAndProcessing" ns2:type="arc" />
      <ns0:loc ns2:href="../../ferc-core_2021-01-01.xsd#ferc_SalariesAndWagesGasTransmission" ns2:label="ferc_SalariesAndWagesGasTransmission" ns2:type="locator" />
      <ns0:presentationArc order="5.0" preferredLabel="http://ferc.gov/form/2020-01-01/roles/label/F1Total" ns2:arcrole="http://www.xbrl.org/2003/arcrole/parent-child" ns2:from="ferc_SalariesAndWagesGasOperationAndMaintenanceAbstract" ns2:to="ferc_SalariesAndWagesGasTransmission" ns2:type="arc" />
      <ns0:loc ns2:href="../../ferc-core_2021-01-01.xsd#ferc_SalariesAndWagesGasDistribution" ns2:label="ferc_SalariesAndWagesGasDistribution" ns2:type="locator" />
      <ns0:presentationArc order="6.0" preferredLabel="http://ferc.gov/form/2020-01-01/roles/label/F1Total" ns2:arcrole="http://www.xbrl.org/2003/arcrole/parent-child" ns2:from="ferc_SalariesAndWagesGasOperationAndMaintenanceAbstract" ns2:to="ferc_SalariesAndWagesGasDistribution" ns2:type="arc" />
      <ns0:presentationArc order="7.0" preferredLabel="http://ferc.gov/form/2020-01-01/roles/label/F1Total" ns2:arcrole="http://www.xbrl.org/2003/arcrole/parent-child" ns2:from="ferc_SalariesAndWagesGasOperationAndMaintenanceAbstract" ns2:to="ferc_SalariesAndWagesGasCustomerAccounts" ns2:type="arc" />
      <ns0:presentationArc order="8.0" preferredLabel="http://ferc.gov/form/2020-01-01/roles/label/F1Total" ns2:arcrole="http://www.xbrl.org/2003/arcrole/parent-child" ns2:from="ferc_SalariesAndWagesGasOperationAndMaintenanceAbstract" ns2:to="ferc_SalariesAndWagesGasCustomerServiceAndInformational" ns2:type="arc" />
      <ns0:presentationArc order="9.0" preferredLabel="http://ferc.gov/form/2020-01-01/roles/label/F1Total" ns2:arcrole="http://www.xbrl.org/2003/arcrole/parent-child" ns2:from="ferc_SalariesAndWagesGasOperationAndMaintenanceAbstract" ns2:to="ferc_SalariesAndWagesGasSales" ns2:type="arc" />
      <ns0:loc ns2:href="../../ferc-core_2021-01-01.xsd#ferc_SalariesAndWagesGasAdministrativeAndGeneral" ns2:label="ferc_SalariesAndWagesGasAdministrativeAndGeneral" ns2:type="locator" />
      <ns0:presentationArc order="10.0" preferredLabel="http://ferc.gov/form/2020-01-01/roles/label/F1Total" ns2:arcrole="http://www.xbrl.org/2003/arcrole/parent-child" ns2:from="ferc_SalariesAndWagesGasOperationAndMaintenanceAbstract" ns2:to="ferc_SalariesAndWagesGasAdministrativeAndGeneral" ns2:type="arc" />
      <ns0:loc ns2:href="../../ferc-core_2021-01-01.xsd#ferc_SalariesAndWagesUtilityPlantAbstract" ns2:label="ferc_SalariesAndWagesUtilityPlantAbstract" ns2:type="locator" />
      <ns0:presentationArc order="3.0" preferredLabel="http://ferc.gov/form/2020-01-01/roles/label/F1SalariesAndWages" ns2:arcrole="http://www.xbrl.org/2003/arcrole/parent-child" ns2:from="ferc_DistributionOfSalariesAndWagesLineItems" ns2:to="ferc_SalariesAndWagesUtilityPlantAbstract" ns2:type="arc" />
      <ns0:loc ns2:href="../../ferc-core_2021-01-01.xsd#ferc_SalariesAndWagesUtilityPlantConstructionAbstract" ns2:label="ferc_SalariesAndWagesUtilityPlantConstructionAbstract" ns2:type="locator" />
      <ns0:presentationArc order="1.0" preferredLabel="http://ferc.gov/form/2020-01-01/roles/label/F1SalariesAndWages" ns2:arcrole="http://www.xbrl.org/2003/arcrole/parent-child" ns2:from="ferc_SalariesAndWagesUtilityPlantAbstract" ns2:to="ferc_SalariesAndWagesUtilityPlantConstructionAbstract" ns2:type="arc" />
      <ns0:loc ns2:href="../../ferc-core_2021-01-01.xsd#ferc_SalariesAndWagesUtilityPlantConstructionElectricPlant" ns2:label="ferc_SalariesAndWagesUtilityPlantConstructionElectricPlant" ns2:type="locator" />
      <ns0:presentationArc order="1.0" preferredLabel="http://ferc.gov/form/2020-01-01/roles/label/F1SalariesAndWages" ns2:arcrole="http://www.xbrl.org/2003/arcrole/parent-child" ns2:from="ferc_SalariesAndWagesUtilityPlantConstructionAbstract" ns2:to="ferc_SalariesAndWagesUtilityPlantConstructionElectricPlant" ns2:type="arc" />
      <ns0:loc ns2:href="../../ferc-core_2021-01-01.xsd#ferc_SalariesAndWagesUtilityPlantConstructionGasPlant" ns2:label="ferc_SalariesAndWagesUtilityPlantConstructionGasPlant" ns2:type="locator" />
      <ns0:presentationArc order="2.0" preferredLabel="http://ferc.gov/form/2020-01-01/roles/label/F1SalariesAndWages" ns2:arcrole="http://www.xbrl.org/2003/arcrole/parent-child" ns2:from="ferc_SalariesAndWagesUtilityPlantConstructionAbstract" ns2:to="ferc_SalariesAndWagesUtilityPlantConstructionGasPlant" ns2:type="arc" />
      <ns0:loc ns2:href="../../ferc-core_2021-01-01.xsd#ferc_SalariesAndWagesUtilityPlantConstructionOther" ns2:label="ferc_SalariesAndWagesUtilityPlantConstructionOther" ns2:type="locator" />
      <ns0:presentationArc order="3.0" preferredLabel="http://ferc.gov/form/2020-01-01/roles/label/F1SalariesAndWages" ns2:arcrole="http://www.xbrl.org/2003/arcrole/parent-child" ns2:from="ferc_SalariesAndWagesUtilityPlantConstructionAbstract" ns2:to="ferc_SalariesAndWagesUtilityPlantConstructionOther" ns2:type="arc" />
      <ns0:loc ns2:href="../../ferc-core_2021-01-01.xsd#ferc_SalariesAndWagesUtilityPlantConstruction" ns2:label="ferc_SalariesAndWagesUtilityPlantConstruction" ns2:type="locator" />
      <ns0:presentationArc order="4.0" preferredLabel="http://ferc.gov/form/2020-01-01/roles/label/F1Total" ns2:arcrole="http://www.xbrl.org/2003/arcrole/parent-child" ns2:from="ferc_SalariesAndWagesUtilityPlantConstructionAbstract" ns2:to="ferc_SalariesAndWagesUtilityPlantConstruction" ns2:type="arc" />
      <ns0:loc ns2:href="../../ferc-core_2021-01-01.xsd#ferc_SalariesAndWagesPlantRemovalAbstract" ns2:label="ferc_SalariesAndWagesPlantRemovalAbstract" ns2:type="locator" />
      <ns0:presentationArc order="2.0" preferredLabel="http://ferc.gov/form/2020-01-01/roles/label/F1SalariesAndWages" ns2:arcrole="http://www.xbrl.org/2003/arcrole/parent-child" ns2:from="ferc_SalariesAndWagesUtilityPlantAbstract" ns2:to="ferc_SalariesAndWagesPlantRemovalAbstract" ns2:type="arc" />
      <ns0:loc ns2:href="../../ferc-core_2021-01-01.xsd#ferc_SalariesAndWagesPlantRemovalElectricPlant" ns2:label="ferc_SalariesAndWagesPlantRemovalElectricPlant" ns2:type="locator" />
      <ns0:presentationArc order="1.0" preferredLabel="http://ferc.gov/form/2020-01-01/roles/label/F1SalariesAndWages" ns2:arcrole="http://www.xbrl.org/2003/arcrole/parent-child" ns2:from="ferc_SalariesAndWagesPlantRemovalAbstract" ns2:to="ferc_SalariesAndWagesPlantRemovalElectricPlant" ns2:type="arc" />
      <ns0:loc ns2:href="../../ferc-core_2021-01-01.xsd#ferc_SalariesAndWagesPlantRemovalGasPlant" ns2:label="ferc_SalariesAndWagesPlantRemovalGasPlant" ns2:type="locator" />
      <ns0:presentationArc order="2.0" preferredLabel="http://ferc.gov/form/2020-01-01/roles/label/F1SalariesAndWages" ns2:arcrole="http://www.xbrl.org/2003/arcrole/parent-child" ns2:from="ferc_SalariesAndWagesPlantRemovalAbstract" ns2:to="ferc_SalariesAndWagesPlantRemovalGasPlant" ns2:type="arc" />
      <ns0:loc ns2:href="../../ferc-core_2021-01-01.xsd#ferc_SalariesAndWagesPlantRemovalOther" ns2:label="ferc_SalariesAndWagesPlantRemovalOther" ns2:type="locator" />
      <ns0:presentationArc order="3.0" preferredLabel="http://ferc.gov/form/2020-01-01/roles/label/F1SalariesAndWages" ns2:arcrole="http://www.xbrl.org/2003/arcrole/parent-child" ns2:from="ferc_SalariesAndWagesPlantRemovalAbstract" ns2:to="ferc_SalariesAndWagesPlantRemovalOther" ns2:type="arc" />
      <ns0:loc ns2:href="../../ferc-core_2021-01-01.xsd#ferc_SalariesAndWagesPlantRemoval" ns2:label="ferc_SalariesAndWagesPlantRemoval" ns2:type="locator" />
      <ns0:presentationArc order="4.0" preferredLabel="http://ferc.gov/form/2020-01-01/roles/label/F1Total" ns2:arcrole="http://www.xbrl.org/2003/arcrole/parent-child" ns2:from="ferc_SalariesAndWagesPlantRemovalAbstract" ns2:to="ferc_SalariesAndWagesPlantRemoval" ns2:type="arc" />
      <ns0:loc ns2:href="../../ferc-core_2021-01-01.xsd#ferc_SalariesAndWagesOtherAccountsAbstract" ns2:label="ferc_SalariesAndWagesOtherAccountsAbstract" ns2:type="locator" />
      <ns0:presentationArc order="5.0" preferredLabel="http://ferc.gov/form/2020-01-01/roles/label/F1SalariesAndWages" ns2:arcrole="http://www.xbrl.org/2003/arcrole/parent-child" ns2:from="ferc_SalariesAndWagesPlantRemovalAbstract" ns2:to="ferc_SalariesAndWagesOtherAccountsAbstract" ns2:type="arc" />
      <ns0:loc ns2:href="../../ferc-core_2021-01-01.xsd#ferc_SalariesAndWagesOtherAccounts" ns2:label="ferc_SalariesAndWagesOtherAccounts" ns2:type="locator" />
      <ns0:presentationArc order="3.0" preferredLabel="http://ferc.gov/form/2020-01-01/roles/label/F1Total" ns2:arcrole="http://www.xbrl.org/2003/arcrole/parent-child" ns2:from="ferc_SalariesAndWagesUtilityPlantAbstract" ns2:to="ferc_SalariesAndWagesOtherAccounts" ns2:type="arc" />
      <ns0:loc ns2:href="../../ferc-core_2021-01-01.xsd#ferc_SalariesAndWagesGeneralExpense" ns2:label="ferc_SalariesAndWagesGeneralExpense" ns2:type="locator" />
      <ns0:presentationArc order="4.0" preferredLabel="http://ferc.gov/form/2020-01-01/roles/label/F1Total" ns2:arcrole="http://www.xbrl.org/2003/arcrole/parent-child" ns2:from="ferc_DistributionOfSalariesAndWagesLineItems" ns2:to="ferc_SalariesAndWagesGeneralExpense" ns2:type="arc" />
      <ns0:loc ns2:href="../../ferc-core_2021-01-01.xsd#ferc_SalariesAndWagesOtherUtilityDepartmentsAbstract" ns2:label="lbl_SalariesAndWagesOtherUtilityDepartmentsAbstract" ns2:type="locator" />
      <ns0:loc ns2:href="../../ferc-core_2021-01-01.xsd#ferc_SalariesAndWagesOtherUtilityDepartmentsOperationAndMaintenance" ns2:label="lbl_SalariesAndWagesOtherUtilityDepartmentsOperationAndMaintenance" ns2:type="locator" />
      <ns0:presentationArc order="1.0" preferredLabel="http://ferc.gov/form/2020-01-01/roles/label/F1SalariesAndWages" ns2:arcrole="http://www.xbrl.org/2003/arcrole/parent-child" ns2:from="lbl_SalariesAndWagesOtherUtilityDepartmentsAbstract" ns2:to="lbl_SalariesAndWagesOtherUtilityDepartmentsOperationAndMaintenance" ns2:type="arc" />
      <ns0:loc ns2:href="../../ferc-core_2021-01-01.xsd#ferc_SalariesAndWagesGasOperationAndMaintenance" ns2:label="lbl_SalariesAndWagesGasOperationAndMaintenance" ns2:type="locator" />
      <ns0:presentationArc order="11.0" preferredLabel="http://ferc.gov/form/2020-01-01/roles/label/F1Total" ns2:arcrole="http://www.xbrl.org/2003/arcrole/parent-child" ns2:from="ferc_SalariesAndWagesGasOperationAndMaintenanceAbstract" ns2:to="lbl_SalariesAndWagesGasOperationAndMaintenance" ns2:type="arc" />
      <ns0:loc ns2:href="../../ferc-core_2021-01-01.xsd#ferc_SalariesAndWagesOperationsAndMaintenance" ns2:label="lbl_SalariesAndWagesOperationsAndMaintenance" ns2:type="locator" />
      <ns0:presentationArc order="2.5" preferredLabel="http://ferc.gov/form/2020-01-01/roles/label/F1Total" ns2:arcrole="http://www.xbrl.org/2003/arcrole/parent-child" ns2:from="ferc_DistributionOfSalariesAndWagesLineItems" ns2:to="lbl_SalariesAndWagesOperationsAndMaintenance" ns2:type="arc" />
      <ns0:presentationArc order="2.2" preferredLabel="http://ferc.gov/form/2020-01-01/roles/label/F1SalariesAndWages" ns2:arcrole="http://www.xbrl.org/2003/arcrole/parent-child" ns2:from="ferc_DistributionOfSalariesAndWagesLineItems" ns2:to="lbl_SalariesAndWagesOtherUtilityDepartmentsAbstract" ns2:type="arc" />
   </ns0:presentationLink>
   <ns0:presentationLink ns2:role="http://ferc.gov/form/2020-01-01/roles/Schedule/F1/DistributionOfSalariesAndWagesOtherAccounts" ns2:type="extended">
      <ns0:loc ns2:href="../../ferc-core_2021-01-01.xsd#ferc_ScheduleDistributionOfSalariesAndWagesAbstract" ns2:label="ferc_ScheduleDistributionOfSalariesAndWagesAbstract" ns2:type="locator" />
      <ns0:loc ns2:href="../../ferc-core_2021-01-01.xsd#ferc_DistributionOfSalariesAndWagesTable" ns2:label="ferc_DistributionOfSalariesAndWagesTable" ns2:type="locator" />
      <ns0:presentationArc order="1.0" ns2:arcrole="http://www.xbrl.org/2003/arcrole/parent-child" ns2:from="ferc_ScheduleDistributionOfSalariesAndWagesAbstract" ns2:to="ferc_DistributionOfSalariesAndWagesTable" ns2:type="arc" />
      <ns0:loc ns2:href="../../ferc-core_2021-01-01.xsd#ferc_TypeOfDistributionAxis" ns2:label="ferc_TypeOfDistributionAxis" ns2:type="locator" />
      <ns0:presentationArc order="1.0" ns2:arcrole="http://www.xbrl.org/2003/arcrole/parent-child" ns2:from="ferc_DistributionOfSalariesAndWagesTable" ns2:to="ferc_TypeOfDistributionAxis" ns2:type="arc" />
      <ns0:loc ns2:href="../../ferc-core_2021-01-01.xsd#ferc_TypeOfDistributionDomain" ns2:label="ferc_TypeOfDistributionDomain" ns2:type="locator" />
      <ns0:presentationArc order="1.0" ns2:arcrole="http://www.xbrl.org/2003/arcrole/parent-child" ns2:from="ferc_TypeOfDistributionAxis" ns2:to="ferc_TypeOfDistributionDomain" ns2:type="arc" />
      <ns0:loc ns2:href="../../ferc-core_2021-01-01.xsd#ferc_DirectPayrollDistributionMember" ns2:label="ferc_DirectPayrollDistributionMember" ns2:type="locator" />
      <ns0:presentationArc order="1.0" ns2:arcrole="http://www.xbrl.org/2003/arcrole/parent-child" ns2:from="ferc_TypeOfDistributionDomain" ns2:to="ferc_DirectPayrollDistributionMember" ns2:type="arc" />
      <ns0:loc ns2:href="../../ferc-core_2021-01-01.xsd#ferc_AllocationOfPayrollChargedForClearingAccountsMember" ns2:label="ferc_AllocationOfPayrollChargedForClearingAccountsMember" ns2:type="locator" />
      <ns0:presentationArc order="2.0" ns2:arcrole="http://www.xbrl.org/2003/arcrole/parent-child" ns2:from="ferc_TypeOfDistributionDomain" ns2:to="ferc_AllocationOfPayrollChargedForClearingAccountsMember" ns2:type="arc" />
      <ns0:loc ns2:href="../../ferc-core_2021-01-01.xsd#ferc_DistributionOfSalariesAndWagesOtherAccountsAxis" ns2:label="ferc_DistributionOfSalariesAndWagesOtherAccountsAxis" ns2:type="locator" />
      <ns0:presentationArc order="2.0" ns2:arcrole="http://www.xbrl.org/2003/arcrole/parent-child" ns2:from="ferc_DistributionOfSalariesAndWagesTable" ns2:to="ferc_DistributionOfSalariesAndWagesOtherAccountsAxis" ns2:type="arc" />
      <ns0:loc ns2:href="../../ferc-core_2021-01-01.xsd#ferc_DistributionOfSalariesAndWagesLineItems" ns2:label="ferc_DistributionOfSalariesAndWagesLineItems" ns2:type="locator" />
      <ns0:presentationArc order="3.0" ns2:arcrole="http://www.xbrl.org/2003/arcrole/parent-child" ns2:from="ferc_DistributionOfSalariesAndWagesTable" ns2:to="ferc_DistributionOfSalariesAndWagesLineItems" ns2:type="arc" />
      <ns0:loc ns2:href="../../ferc-core_2021-01-01.xsd#ferc_OrderNumber" ns2:label="ferc_OrderNumber" ns2:type="locator" />
      <ns0:presentationArc order="1.0" ns2:arcrole="http://www.xbrl.org/2003/arcrole/parent-child" ns2:from="ferc_DistributionOfSalariesAndWagesLineItems" ns2:to="ferc_OrderNumber" ns2:type="arc" />
      <ns0:loc ns2:href="../../ferc-core_2021-01-01.xsd#ferc_SalariesAndWagesOtherAccountsDescription" ns2:label="ferc_SalariesAndWagesOtherAccountsDescription" ns2:type="locator" />
      <ns0:presentationArc order="2.0" ns2:arcrole="http://www.xbrl.org/2003/arcrole/parent-child" ns2:from="ferc_DistributionOfSalariesAndWagesLineItems" ns2:to="ferc_SalariesAndWagesOtherAccountsDescription" ns2:type="arc" />
      <ns0:loc ns2:href="../../ferc-core_2021-01-01.xsd#ferc_SalariesAndWagesOtherAccounts" ns2:label="ferc_SalariesAndWagesOtherAccounts" ns2:type="locator" />
      <ns0:presentationArc order="3.0" ns2:arcrole="http://www.xbrl.org/2003/arcrole/parent-child" ns2:from="ferc_DistributionOfSalariesAndWagesLineItems" ns2:to="ferc_SalariesAndWagesOtherAccounts" ns2:type="arc" />
   </ns0:presentationLink>
</ns0:linkbase>