<ns0:linkbase xmlns:ns0="http://www.xbrl.org/2003/linkbase" xmlns:ns2="http://www.w3.org/1999/xlink" xmlns:xsi="http://www.w3.org/2001/XMLSchema-instance" xsi:schemaLocation="http://www.xbrl.org/2003/linkbase http://www.xbrl.org/2003/xbrl-linkbase-2003-12-31.xsd">
    <ns0:roleRef roleURI="http://ferc.gov/form/2020-01-01/roles/Schedule/F1/ComparativeBalanceSheetLiabilities" ns2:href="form-1-sched-ComparativeBalanceSheet_2021-01-01.xsd#roleType_ComparativeBalanceSheetLiabilities" ns2:type="simple" />
    <ns0:roleRef roleURI="http://ferc.gov/form/2020-01-01/roles/label/F1ComparativeBalanceSheet2" ns2:href="../../ferc-core-lab-roles_2021-01-01.xsd#F1ComparativeBalanceSheet2" ns2:type="simple" />
    <ns0:roleRef roleURI="http://ferc.gov/form/2020-01-01/roles/Schedule/F1/ComparativeBalanceSheetAssets" ns2:href="form-1-sched-ComparativeBalanceSheet_2021-01-01.xsd#roleType_ComparativeBalanceSheetAssets" ns2:type="simple" />
    <ns0:roleRef roleURI="http://ferc.gov/form/2020-01-01/roles/label/F1Total" ns2:href="../../ferc-core-lab-roles_2021-01-01.xsd#F1Total" ns2:type="simple" />
    <ns0:roleRef roleURI="http://ferc.gov/form/2020-01-01/roles/label/F1ComparativeBalanceSheet" ns2:href="../../ferc-core-lab-roles_2021-01-01.xsd#F1ComparativeBalanceSheet" ns2:type="simple" />
    <ns0:presentationLink ns2:role="http://ferc.gov/form/2020-01-01/roles/Schedule/F1/ComparativeBalanceSheetAssets" ns2:type="extended">
        <ns0:loc ns2:href="../../ferc-core_2021-01-01.xsd#ferc_ScheduleComparativeBalanceSheetAssetsAndOtherDebitsAbstract" ns2:label="ferc_ScheduleComparativeBalanceSheetAssetsAndOtherDebitsAbstract" ns2:type="locator" />
        <ns0:loc ns2:href="../../ferc-core_2021-01-01.xsd#ferc_ComparativeBalanceSheetTable" ns2:label="ferc_ComparativeBalanceSheetTable" ns2:type="locator" />
        <ns0:presentationArc order="1" ns2:arcrole="http://www.xbrl.org/2003/arcrole/parent-child" ns2:from="ferc_ScheduleComparativeBalanceSheetAssetsAndOtherDebitsAbstract" ns2:to="ferc_ComparativeBalanceSheetTable" ns2:type="arc" />
        <ns0:loc ns2:href="../../ferc-core_2021-01-01.xsd#ferc_ComparativeBalanceSheetLineItems" ns2:label="ferc_ComparativeBalanceSheetLineItems" ns2:type="locator" />
        <ns0:presentationArc order="1" ns2:arcrole="http://www.xbrl.org/2003/arcrole/parent-child" ns2:from="ferc_ComparativeBalanceSheetTable" ns2:to="ferc_ComparativeBalanceSheetLineItems" ns2:type="arc" />
        <ns0:loc ns2:href="../../ferc-core_2021-01-01.xsd#ferc_AssetsAndOtherDebitsAbstract" ns2:label="ferc_AssetsAndOtherDebitsAbstract" ns2:type="locator" />
        <ns0:presentationArc order="1" preferredLabel="http://ferc.gov/form/2020-01-01/roles/label/F1ComparativeBalanceSheet" ns2:arcrole="http://www.xbrl.org/2003/arcrole/parent-child" ns2:from="ferc_ComparativeBalanceSheetLineItems" ns2:to="ferc_AssetsAndOtherDebitsAbstract" ns2:type="arc" />
        <ns0:loc ns2:href="../../ferc-core_2021-01-01.xsd#ferc_UtilityPlantAbstract" ns2:label="ferc_UtilityPlantAbstract" ns2:type="locator" />
        <ns0:presentationArc order="1" preferredLabel="http://ferc.gov/form/2020-01-01/roles/label/F1ComparativeBalanceSheet" ns2:arcrole="http://www.xbrl.org/2003/arcrole/parent-child" ns2:from="ferc_AssetsAndOtherDebitsAbstract" ns2:to="ferc_UtilityPlantAbstract" ns2:type="arc" />
        <ns0:loc ns2:href="../../ferc-core_2021-01-01.xsd#ferc_UtilityPlant" ns2:label="ferc_UtilityPlant" ns2:type="locator" />
        <ns0:presentationArc order="1" preferredLabel="http://ferc.gov/form/2020-01-01/roles/label/F1ComparativeBalanceSheet" ns2:arcrole="http://www.xbrl.org/2003/arcrole/parent-child" ns2:from="ferc_UtilityPlantAbstract" ns2:to="ferc_UtilityPlant" ns2:type="arc" />
        <ns0:loc ns2:href="../../ferc-core_2021-01-01.xsd#ferc_ConstructionWorkInProgress" ns2:label="ferc_ConstructionWorkInProgress" ns2:type="locator" />
        <ns0:presentationArc order="2" preferredLabel="http://ferc.gov/form/2020-01-01/roles/label/F1ComparativeBalanceSheet" ns2:arcrole="http://www.xbrl.org/2003/arcrole/parent-child" ns2:from="ferc_UtilityPlantAbstract" ns2:to="ferc_ConstructionWorkInProgress" ns2:type="arc" />
        <ns0:loc ns2:href="../../ferc-core_2021-01-01.xsd#ferc_UtilityPlantAndConstructionWorkInProgress" ns2:label="ferc_UtilityPlantAndConstructionWorkInProgress" ns2:type="locator" />
        <ns0:presentationArc order="3" preferredLabel="http://ferc.gov/form/2020-01-01/roles/label/F1Total" ns2:arcrole="http://www.xbrl.org/2003/arcrole/parent-child" ns2:from="ferc_UtilityPlantAbstract" ns2:to="ferc_UtilityPlantAndConstructionWorkInProgress" ns2:type="arc" />
        <ns0:loc ns2:href="../../ferc-core_2021-01-01.xsd#ferc_AccumulatedProvisionForDepreciationAmortizationAndDepletionOfPlantUtility" ns2:label="ferc_AccumulatedProvisionForDepreciationAmortizationAndDepletionOfPlantUtility" ns2:type="locator" />
        <ns0:presentationArc order="4" preferredLabel="http://ferc.gov/form/2020-01-01/roles/label/F1ComparativeBalanceSheet" ns2:arcrole="http://www.xbrl.org/2003/arcrole/parent-child" ns2:from="ferc_UtilityPlantAbstract" ns2:to="ferc_AccumulatedProvisionForDepreciationAmortizationAndDepletionOfPlantUtility" ns2:type="arc" />
        <ns0:loc ns2:href="../../ferc-core_2021-01-01.xsd#ferc_UtilityPlantNet" ns2:label="ferc_UtilityPlantNet" ns2:type="locator" />
        <ns0:presentationArc order="5" preferredLabel="http://ferc.gov/form/2020-01-01/roles/label/F1Total" ns2:arcrole="http://www.xbrl.org/2003/arcrole/parent-child" ns2:from="ferc_UtilityPlantAbstract" ns2:to="ferc_UtilityPlantNet" ns2:type="arc" />
        <ns0:loc ns2:href="../../ferc-core_2021-01-01.xsd#ferc_NuclearFuelInProcessOfRefinementConversionEnrichmentAndFabrication" ns2:label="ferc_NuclearFuelInProcessOfRefinementConversionEnrichmentAndFabrication" ns2:type="locator" />
        <ns0:presentationArc order="6" preferredLabel="http://ferc.gov/form/2020-01-01/roles/label/F1ComparativeBalanceSheet" ns2:arcrole="http://www.xbrl.org/2003/arcrole/parent-child" ns2:from="ferc_UtilityPlantAbstract" ns2:to="ferc_NuclearFuelInProcessOfRefinementConversionEnrichmentAndFabrication" ns2:type="arc" />
        <ns0:loc ns2:href="../../ferc-core_2021-01-01.xsd#ferc_NuclearFuelMaterialsAndAssembliesStockAccountMajorOnly" ns2:label="ferc_NuclearFuelMaterialsAndAssembliesStockAccountMajorOnly" ns2:type="locator" />
        <ns0:presentationArc order="7" preferredLabel="http://ferc.gov/form/2020-01-01/roles/label/F1ComparativeBalanceSheet" ns2:arcrole="http://www.xbrl.org/2003/arcrole/parent-child" ns2:from="ferc_UtilityPlantAbstract" ns2:to="ferc_NuclearFuelMaterialsAndAssembliesStockAccountMajorOnly" ns2:type="arc" />
        <ns0:loc ns2:href="../../ferc-core_2021-01-01.xsd#ferc_NuclearFuelAssembliesInReactorMajorOnly" ns2:label="ferc_NuclearFuelAssembliesInReactorMajorOnly" ns2:type="locator" />
        <ns0:presentationArc order="8" preferredLabel="http://ferc.gov/form/2020-01-01/roles/label/F1ComparativeBalanceSheet" ns2:arcrole="http://www.xbrl.org/2003/arcrole/parent-child" ns2:from="ferc_UtilityPlantAbstract" ns2:to="ferc_NuclearFuelAssembliesInReactorMajorOnly" ns2:type="arc" />
        <ns0:loc ns2:href="../../ferc-core_2021-01-01.xsd#ferc_SpentNuclearFuelMajorOnly" ns2:label="ferc_SpentNuclearFuelMajorOnly" ns2:type="locator" />
        <ns0:presentationArc order="9" preferredLabel="http://ferc.gov/form/2020-01-01/roles/label/F1ComparativeBalanceSheet" ns2:arcrole="http://www.xbrl.org/2003/arcrole/parent-child" ns2:from="ferc_UtilityPlantAbstract" ns2:to="ferc_SpentNuclearFuelMajorOnly" ns2:type="arc" />
        <ns0:loc ns2:href="../../ferc-core_2021-01-01.xsd#ferc_NuclearFuelUnderCapitalLeases" ns2:label="ferc_NuclearFuelUnderCapitalLeases" ns2:type="locator" />
        <ns0:presentationArc order="10" preferredLabel="http://ferc.gov/form/2020-01-01/roles/label/F1ComparativeBalanceSheet" ns2:arcrole="http://www.xbrl.org/2003/arcrole/parent-child" ns2:from="ferc_UtilityPlantAbstract" ns2:to="ferc_NuclearFuelUnderCapitalLeases" ns2:type="arc" />
        <ns0:loc ns2:href="../../ferc-core_2021-01-01.xsd#ferc_AccumulatedProvisionForAmortizationOfNuclearFuelAssemblies" ns2:label="ferc_AccumulatedProvisionForAmortizationOfNuclearFuelAssemblies" ns2:type="locator" />
        <ns0:presentationArc order="11" preferredLabel="http://ferc.gov/form/2020-01-01/roles/label/F1ComparativeBalanceSheet" ns2:arcrole="http://www.xbrl.org/2003/arcrole/parent-child" ns2:from="ferc_UtilityPlantAbstract" ns2:to="ferc_AccumulatedProvisionForAmortizationOfNuclearFuelAssemblies" ns2:type="arc" />
        <ns0:loc ns2:href="../../ferc-core_2021-01-01.xsd#ferc_NuclearFuelNet" ns2:label="ferc_NuclearFuelNet" ns2:type="locator" />
        <ns0:presentationArc order="12" preferredLabel="http://ferc.gov/form/2020-01-01/roles/label/F1ComparativeBalanceSheet2" ns2:arcrole="http://www.xbrl.org/2003/arcrole/parent-child" ns2:from="ferc_UtilityPlantAbstract" ns2:to="ferc_NuclearFuelNet" ns2:type="arc" />
        <ns0:loc ns2:href="../../ferc-core_2021-01-01.xsd#ferc_UtilityPlantAndNuclearFuelNet" ns2:label="ferc_UtilityPlantAndNuclearFuelNet" ns2:type="locator" />
        <ns0:presentationArc order="13" preferredLabel="http://ferc.gov/form/2020-01-01/roles/label/F1Total" ns2:arcrole="http://www.xbrl.org/2003/arcrole/parent-child" ns2:from="ferc_UtilityPlantAbstract" ns2:to="ferc_UtilityPlantAndNuclearFuelNet" ns2:type="arc" />
        <ns0:loc ns2:href="../../ferc-core_2021-01-01.xsd#ferc_OtherElectricPlantAdjustments" ns2:label="ferc_OtherElectricPlantAdjustments" ns2:type="locator" />
        <ns0:presentationArc order="14" preferredLabel="http://ferc.gov/form/2020-01-01/roles/label/F1ComparativeBalanceSheet" ns2:arcrole="http://www.xbrl.org/2003/arcrole/parent-child" ns2:from="ferc_UtilityPlantAbstract" ns2:to="ferc_OtherElectricPlantAdjustments" ns2:type="arc" />
        <ns0:loc ns2:href="../../ferc-core_2021-01-01.xsd#ferc_GasStoredUndergroundNoncurrent" ns2:label="ferc_GasStoredUndergroundNoncurrent" ns2:type="locator" />
        <ns0:presentationArc order="15" preferredLabel="http://ferc.gov/form/2020-01-01/roles/label/F1ComparativeBalanceSheet" ns2:arcrole="http://www.xbrl.org/2003/arcrole/parent-child" ns2:from="ferc_UtilityPlantAbstract" ns2:to="ferc_GasStoredUndergroundNoncurrent" ns2:type="arc" />
        <ns0:loc ns2:href="../../ferc-core_2021-01-01.xsd#ferc_OtherPropertyAndInvestmentsAbstract" ns2:label="ferc_OtherPropertyAndInvestmentsAbstract" ns2:type="locator" />
        <ns0:presentationArc order="2" preferredLabel="http://ferc.gov/form/2020-01-01/roles/label/F1ComparativeBalanceSheet" ns2:arcrole="http://www.xbrl.org/2003/arcrole/parent-child" ns2:from="ferc_AssetsAndOtherDebitsAbstract" ns2:to="ferc_OtherPropertyAndInvestmentsAbstract" ns2:type="arc" />
        <ns0:loc ns2:href="../../ferc-core_2021-01-01.xsd#ferc_NonutilityProperty" ns2:label="ferc_NonutilityProperty" ns2:type="locator" />
        <ns0:presentationArc order="1" preferredLabel="http://ferc.gov/form/2020-01-01/roles/label/F1ComparativeBalanceSheet" ns2:arcrole="http://www.xbrl.org/2003/arcrole/parent-child" ns2:from="ferc_OtherPropertyAndInvestmentsAbstract" ns2:to="ferc_NonutilityProperty" ns2:type="arc" />
        <ns0:loc ns2:href="../../ferc-core_2021-01-01.xsd#ferc_AccumulatedProvisionForDepreciationAndAmortizationOfNonutilityProperty" ns2:label="ferc_AccumulatedProvisionForDepreciationAndAmortizationOfNonutilityProperty" ns2:type="locator" />
        <ns0:presentationArc order="2" preferredLabel="http://ferc.gov/form/2020-01-01/roles/label/F1ComparativeBalanceSheet" ns2:arcrole="http://www.xbrl.org/2003/arcrole/parent-child" ns2:from="ferc_OtherPropertyAndInvestmentsAbstract" ns2:to="ferc_AccumulatedProvisionForDepreciationAndAmortizationOfNonutilityProperty" ns2:type="arc" />
        <ns0:loc ns2:href="../../ferc-core_2021-01-01.xsd#ferc_InvestmentInAssociatedCompanies" ns2:label="ferc_InvestmentInAssociatedCompanies" ns2:type="locator" />
        <ns0:presentationArc order="3" preferredLabel="http://ferc.gov/form/2020-01-01/roles/label/F1ComparativeBalanceSheet" ns2:arcrole="http://www.xbrl.org/2003/arcrole/parent-child" ns2:from="ferc_OtherPropertyAndInvestmentsAbstract" ns2:to="ferc_InvestmentInAssociatedCompanies" ns2:type="arc" />
        <ns0:loc ns2:href="../../ferc-core_2021-01-01.xsd#ferc_InvestmentInSubsidiaryCompanies" ns2:label="ferc_InvestmentInSubsidiaryCompanies" ns2:type="locator" />
        <ns0:presentationArc order="4" preferredLabel="http://ferc.gov/form/2020-01-01/roles/label/F1ComparativeBalanceSheet" ns2:arcrole="http://www.xbrl.org/2003/arcrole/parent-child" ns2:from="ferc_OtherPropertyAndInvestmentsAbstract" ns2:to="ferc_InvestmentInSubsidiaryCompanies" ns2:type="arc" />
        <ns0:loc ns2:href="../../ferc-core_2021-01-01.xsd#ferc_NoncurrentPortionOfAllowances" ns2:label="ferc_NoncurrentPortionOfAllowances" ns2:type="locator" />
        <ns0:presentationArc order="5" preferredLabel="http://ferc.gov/form/2020-01-01/roles/label/F1ComparativeBalanceSheet" ns2:arcrole="http://www.xbrl.org/2003/arcrole/parent-child" ns2:from="ferc_OtherPropertyAndInvestmentsAbstract" ns2:to="ferc_NoncurrentPortionOfAllowances" ns2:type="arc" />
        <ns0:loc ns2:href="../../ferc-core_2021-01-01.xsd#ferc_OtherInvestments" ns2:label="ferc_OtherInvestments" ns2:type="locator" />
        <ns0:presentationArc order="6" preferredLabel="http://ferc.gov/form/2020-01-01/roles/label/F1ComparativeBalanceSheet" ns2:arcrole="http://www.xbrl.org/2003/arcrole/parent-child" ns2:from="ferc_OtherPropertyAndInvestmentsAbstract" ns2:to="ferc_OtherInvestments" ns2:type="arc" />
        <ns0:loc ns2:href="../../ferc-core_2021-01-01.xsd#ferc_SinkingFunds" ns2:label="ferc_SinkingFunds" ns2:type="locator" />
        <ns0:presentationArc order="7" preferredLabel="http://ferc.gov/form/2020-01-01/roles/label/F1ComparativeBalanceSheet" ns2:arcrole="http://www.xbrl.org/2003/arcrole/parent-child" ns2:from="ferc_OtherPropertyAndInvestmentsAbstract" ns2:to="ferc_SinkingFunds" ns2:type="arc" />
        <ns0:loc ns2:href="../../ferc-core_2021-01-01.xsd#ferc_DepreciationFund" ns2:label="ferc_DepreciationFund" ns2:type="locator" />
        <ns0:presentationArc order="8" preferredLabel="http://ferc.gov/form/2020-01-01/roles/label/F1ComparativeBalanceSheet" ns2:arcrole="http://www.xbrl.org/2003/arcrole/parent-child" ns2:from="ferc_OtherPropertyAndInvestmentsAbstract" ns2:to="ferc_DepreciationFund" ns2:type="arc" />
        <ns0:loc ns2:href="../../ferc-core_2021-01-01.xsd#ferc_AmortizationFundFederal" ns2:label="ferc_AmortizationFundFederal" ns2:type="locator" />
        <ns0:presentationArc order="9" preferredLabel="http://ferc.gov/form/2020-01-01/roles/label/F1ComparativeBalanceSheet" ns2:arcrole="http://www.xbrl.org/2003/arcrole/parent-child" ns2:from="ferc_OtherPropertyAndInvestmentsAbstract" ns2:to="ferc_AmortizationFundFederal" ns2:type="arc" />
        <ns0:loc ns2:href="../../ferc-core_2021-01-01.xsd#ferc_OtherSpecialFunds" ns2:label="ferc_OtherSpecialFunds" ns2:type="locator" />
        <ns0:presentationArc order="10" preferredLabel="http://ferc.gov/form/2020-01-01/roles/label/F1ComparativeBalanceSheet" ns2:arcrole="http://www.xbrl.org/2003/arcrole/parent-child" ns2:from="ferc_OtherPropertyAndInvestmentsAbstract" ns2:to="ferc_OtherSpecialFunds" ns2:type="arc" />
        <ns0:loc ns2:href="../../ferc-core_2021-01-01.xsd#ferc_SpecialFunds" ns2:label="ferc_SpecialFunds" ns2:type="locator" />
        <ns0:presentationArc order="11" preferredLabel="http://ferc.gov/form/2020-01-01/roles/label/F1ComparativeBalanceSheet" ns2:arcrole="http://www.xbrl.org/2003/arcrole/parent-child" ns2:from="ferc_OtherPropertyAndInvestmentsAbstract" ns2:to="ferc_SpecialFunds" ns2:type="arc" />
        <ns0:loc ns2:href="../../ferc-core_2021-01-01.xsd#ferc_DerivativeInstrumentAssetsLongTerm" ns2:label="ferc_DerivativeInstrumentAssetsLongTerm" ns2:type="locator" />
        <ns0:presentationArc order="12" preferredLabel="http://ferc.gov/form/2020-01-01/roles/label/F1ComparativeBalanceSheet" ns2:arcrole="http://www.xbrl.org/2003/arcrole/parent-child" ns2:from="ferc_OtherPropertyAndInvestmentsAbstract" ns2:to="ferc_DerivativeInstrumentAssetsLongTerm" ns2:type="arc" />
        <ns0:loc ns2:href="../../ferc-core_2021-01-01.xsd#ferc_DerivativeInstrumentAssetsHedgesLongTerm" ns2:label="ferc_DerivativeInstrumentAssetsHedgesLongTerm" ns2:type="locator" />
        <ns0:presentationArc order="13" preferredLabel="http://ferc.gov/form/2020-01-01/roles/label/F1ComparativeBalanceSheet" ns2:arcrole="http://www.xbrl.org/2003/arcrole/parent-child" ns2:from="ferc_OtherPropertyAndInvestmentsAbstract" ns2:to="ferc_DerivativeInstrumentAssetsHedgesLongTerm" ns2:type="arc" />
        <ns0:loc ns2:href="../../ferc-core_2021-01-01.xsd#ferc_OtherPropertyAndInvestments" ns2:label="ferc_OtherPropertyAndInvestments" ns2:type="locator" />
        <ns0:presentationArc order="14" preferredLabel="http://ferc.gov/form/2020-01-01/roles/label/F1Total" ns2:arcrole="http://www.xbrl.org/2003/arcrole/parent-child" ns2:from="ferc_OtherPropertyAndInvestmentsAbstract" ns2:to="ferc_OtherPropertyAndInvestments" ns2:type="arc" />
        <ns0:loc ns2:href="../../ferc-core_2021-01-01.xsd#ferc_CurrentAndAccruedAssetsAbstract" ns2:label="ferc_CurrentAndAccruedAssetsAbstract" ns2:type="locator" />
        <ns0:presentationArc order="3" preferredLabel="http://ferc.gov/form/2020-01-01/roles/label/F1ComparativeBalanceSheet" ns2:arcrole="http://www.xbrl.org/2003/arcrole/parent-child" ns2:from="ferc_AssetsAndOtherDebitsAbstract" ns2:to="ferc_CurrentAndAccruedAssetsAbstract" ns2:type="arc" />
        <ns0:loc ns2:href="../../ferc-core_2021-01-01.xsd#ferc_CashAndWorkingFunds" ns2:label="ferc_CashAndWorkingFunds" ns2:type="locator" />
        <ns0:presentationArc order="1" preferredLabel="http://ferc.gov/form/2020-01-01/roles/label/F1ComparativeBalanceSheet" ns2:arcrole="http://www.xbrl.org/2003/arcrole/parent-child" ns2:from="ferc_CurrentAndAccruedAssetsAbstract" ns2:to="ferc_CashAndWorkingFunds" ns2:type="arc" />
        <ns0:loc ns2:href="../../ferc-core_2021-01-01.xsd#ferc_Cash" ns2:label="ferc_Cash" ns2:type="locator" />
        <ns0:presentationArc order="2" preferredLabel="http://ferc.gov/form/2020-01-01/roles/label/F1ComparativeBalanceSheet" ns2:arcrole="http://www.xbrl.org/2003/arcrole/parent-child" ns2:from="ferc_CurrentAndAccruedAssetsAbstract" ns2:to="ferc_Cash" ns2:type="arc" />
        <ns0:loc ns2:href="../../ferc-core_2021-01-01.xsd#ferc_SpecialDeposits" ns2:label="ferc_SpecialDeposits" ns2:type="locator" />
        <ns0:presentationArc order="3" preferredLabel="http://ferc.gov/form/2020-01-01/roles/label/F1ComparativeBalanceSheet" ns2:arcrole="http://www.xbrl.org/2003/arcrole/parent-child" ns2:from="ferc_CurrentAndAccruedAssetsAbstract" ns2:to="ferc_SpecialDeposits" ns2:type="arc" />
        <ns0:loc ns2:href="../../ferc-core_2021-01-01.xsd#ferc_WorkingFunds" ns2:label="ferc_WorkingFunds" ns2:type="locator" />
        <ns0:presentationArc order="4" preferredLabel="http://ferc.gov/form/2020-01-01/roles/label/F1ComparativeBalanceSheet" ns2:arcrole="http://www.xbrl.org/2003/arcrole/parent-child" ns2:from="ferc_CurrentAndAccruedAssetsAbstract" ns2:to="ferc_WorkingFunds" ns2:type="arc" />
        <ns0:loc ns2:href="../../ferc-core_2021-01-01.xsd#ferc_TemporaryCashInvestments" ns2:label="ferc_TemporaryCashInvestments" ns2:type="locator" />
        <ns0:presentationArc order="5" preferredLabel="http://ferc.gov/form/2020-01-01/roles/label/F1ComparativeBalanceSheet" ns2:arcrole="http://www.xbrl.org/2003/arcrole/parent-child" ns2:from="ferc_CurrentAndAccruedAssetsAbstract" ns2:to="ferc_TemporaryCashInvestments" ns2:type="arc" />
        <ns0:loc ns2:href="../../ferc-core_2021-01-01.xsd#ferc_NotesReceivable" ns2:label="ferc_NotesReceivable" ns2:type="locator" />
        <ns0:presentationArc order="6" preferredLabel="http://ferc.gov/form/2020-01-01/roles/label/F1ComparativeBalanceSheet" ns2:arcrole="http://www.xbrl.org/2003/arcrole/parent-child" ns2:from="ferc_CurrentAndAccruedAssetsAbstract" ns2:to="ferc_NotesReceivable" ns2:type="arc" />
        <ns0:loc ns2:href="../../ferc-core_2021-01-01.xsd#ferc_CustomerAccountsReceivable" ns2:label="ferc_CustomerAccountsReceivable" ns2:type="locator" />
        <ns0:presentationArc order="7" preferredLabel="http://ferc.gov/form/2020-01-01/roles/label/F1ComparativeBalanceSheet" ns2:arcrole="http://www.xbrl.org/2003/arcrole/parent-child" ns2:from="ferc_CurrentAndAccruedAssetsAbstract" ns2:to="ferc_CustomerAccountsReceivable" ns2:type="arc" />
        <ns0:loc ns2:href="../../ferc-core_2021-01-01.xsd#ferc_OtherAccountsReceivable" ns2:label="ferc_OtherAccountsReceivable" ns2:type="locator" />
        <ns0:presentationArc order="8" preferredLabel="http://ferc.gov/form/2020-01-01/roles/label/F1ComparativeBalanceSheet" ns2:arcrole="http://www.xbrl.org/2003/arcrole/parent-child" ns2:from="ferc_CurrentAndAccruedAssetsAbstract" ns2:to="ferc_OtherAccountsReceivable" ns2:type="arc" />
        <ns0:loc ns2:href="../../ferc-core_2021-01-01.xsd#ferc_AccumulatedProvisionForUncollectibleAccountsCredit" ns2:label="ferc_AccumulatedProvisionForUncollectibleAccountsCredit" ns2:type="locator" />
        <ns0:presentationArc order="9" preferredLabel="http://ferc.gov/form/2020-01-01/roles/label/F1ComparativeBalanceSheet" ns2:arcrole="http://www.xbrl.org/2003/arcrole/parent-child" ns2:from="ferc_CurrentAndAccruedAssetsAbstract" ns2:to="ferc_AccumulatedProvisionForUncollectibleAccountsCredit" ns2:type="arc" />
        <ns0:loc ns2:href="../../ferc-core_2021-01-01.xsd#ferc_NotesReceivableFromAssociatedCompanies" ns2:label="ferc_NotesReceivableFromAssociatedCompanies" ns2:type="locator" />
        <ns0:presentationArc order="10" preferredLabel="http://ferc.gov/form/2020-01-01/roles/label/F1ComparativeBalanceSheet" ns2:arcrole="http://www.xbrl.org/2003/arcrole/parent-child" ns2:from="ferc_CurrentAndAccruedAssetsAbstract" ns2:to="ferc_NotesReceivableFromAssociatedCompanies" ns2:type="arc" />
        <ns0:loc ns2:href="../../ferc-core_2021-01-01.xsd#ferc_AccountsReceivableFromAssociatedCompanies" ns2:label="ferc_AccountsReceivableFromAssociatedCompanies" ns2:type="locator" />
        <ns0:presentationArc order="11" preferredLabel="http://ferc.gov/form/2020-01-01/roles/label/F1ComparativeBalanceSheet" ns2:arcrole="http://www.xbrl.org/2003/arcrole/parent-child" ns2:from="ferc_CurrentAndAccruedAssetsAbstract" ns2:to="ferc_AccountsReceivableFromAssociatedCompanies" ns2:type="arc" />
        <ns0:loc ns2:href="../../ferc-core_2021-01-01.xsd#ferc_FuelStock" ns2:label="ferc_FuelStock" ns2:type="locator" />
        <ns0:presentationArc order="12" preferredLabel="http://ferc.gov/form/2020-01-01/roles/label/F1ComparativeBalanceSheet" ns2:arcrole="http://www.xbrl.org/2003/arcrole/parent-child" ns2:from="ferc_CurrentAndAccruedAssetsAbstract" ns2:to="ferc_FuelStock" ns2:type="arc" />
        <ns0:loc ns2:href="../../ferc-core_2021-01-01.xsd#ferc_FuelStockExpensesUndistributed" ns2:label="ferc_FuelStockExpensesUndistributed" ns2:type="locator" />
        <ns0:presentationArc order="13" preferredLabel="http://ferc.gov/form/2020-01-01/roles/label/F1ComparativeBalanceSheet" ns2:arcrole="http://www.xbrl.org/2003/arcrole/parent-child" ns2:from="ferc_CurrentAndAccruedAssetsAbstract" ns2:to="ferc_FuelStockExpensesUndistributed" ns2:type="arc" />
        <ns0:loc ns2:href="../../ferc-core_2021-01-01.xsd#ferc_Residuals" ns2:label="ferc_Residuals" ns2:type="locator" />
        <ns0:presentationArc order="14" preferredLabel="http://ferc.gov/form/2020-01-01/roles/label/F1ComparativeBalanceSheet" ns2:arcrole="http://www.xbrl.org/2003/arcrole/parent-child" ns2:from="ferc_CurrentAndAccruedAssetsAbstract" ns2:to="ferc_Residuals" ns2:type="arc" />
        <ns0:loc ns2:href="../../ferc-core_2021-01-01.xsd#ferc_PlantMaterialsAndOperatingSupplies" ns2:label="ferc_PlantMaterialsAndOperatingSupplies" ns2:type="locator" />
        <ns0:presentationArc order="15" preferredLabel="http://ferc.gov/form/2020-01-01/roles/label/F1ComparativeBalanceSheet" ns2:arcrole="http://www.xbrl.org/2003/arcrole/parent-child" ns2:from="ferc_CurrentAndAccruedAssetsAbstract" ns2:to="ferc_PlantMaterialsAndOperatingSupplies" ns2:type="arc" />
        <ns0:loc ns2:href="../../ferc-core_2021-01-01.xsd#ferc_Merchandise" ns2:label="ferc_Merchandise" ns2:type="locator" />
        <ns0:presentationArc order="16" preferredLabel="http://ferc.gov/form/2020-01-01/roles/label/F1ComparativeBalanceSheet" ns2:arcrole="http://www.xbrl.org/2003/arcrole/parent-child" ns2:from="ferc_CurrentAndAccruedAssetsAbstract" ns2:to="ferc_Merchandise" ns2:type="arc" />
        <ns0:loc ns2:href="../../ferc-core_2021-01-01.xsd#ferc_OtherMaterialsAndSupplies" ns2:label="ferc_OtherMaterialsAndSupplies" ns2:type="locator" />
        <ns0:presentationArc order="17" preferredLabel="http://ferc.gov/form/2020-01-01/roles/label/F1ComparativeBalanceSheet" ns2:arcrole="http://www.xbrl.org/2003/arcrole/parent-child" ns2:from="ferc_CurrentAndAccruedAssetsAbstract" ns2:to="ferc_OtherMaterialsAndSupplies" ns2:type="arc" />
        <ns0:loc ns2:href="../../ferc-core_2021-01-01.xsd#ferc_NuclearMaterialsHeldForSale" ns2:label="ferc_NuclearMaterialsHeldForSale" ns2:type="locator" />
        <ns0:presentationArc order="18" preferredLabel="http://ferc.gov/form/2020-01-01/roles/label/F1ComparativeBalanceSheet" ns2:arcrole="http://www.xbrl.org/2003/arcrole/parent-child" ns2:from="ferc_CurrentAndAccruedAssetsAbstract" ns2:to="ferc_NuclearMaterialsHeldForSale" ns2:type="arc" />
        <ns0:loc ns2:href="../../ferc-core_2021-01-01.xsd#ferc_AllowanceInventoryAndWithheld" ns2:label="ferc_AllowanceInventoryAndWithheld" ns2:type="locator" />
        <ns0:presentationArc order="19" preferredLabel="http://ferc.gov/form/2020-01-01/roles/label/F1ComparativeBalanceSheet" ns2:arcrole="http://www.xbrl.org/2003/arcrole/parent-child" ns2:from="ferc_CurrentAndAccruedAssetsAbstract" ns2:to="ferc_AllowanceInventoryAndWithheld" ns2:type="arc" />
        <ns0:presentationArc order="20" preferredLabel="http://ferc.gov/form/2020-01-01/roles/label/F1ComparativeBalanceSheet2" ns2:arcrole="http://www.xbrl.org/2003/arcrole/parent-child" ns2:from="ferc_CurrentAndAccruedAssetsAbstract" ns2:to="ferc_NoncurrentPortionOfAllowances" ns2:type="arc" />
        <ns0:loc ns2:href="../../ferc-core_2021-01-01.xsd#ferc_StoresExpenseUndistributed" ns2:label="ferc_StoresExpenseUndistributed" ns2:type="locator" />
        <ns0:presentationArc order="21" preferredLabel="http://ferc.gov/form/2020-01-01/roles/label/F1ComparativeBalanceSheet" ns2:arcrole="http://www.xbrl.org/2003/arcrole/parent-child" ns2:from="ferc_CurrentAndAccruedAssetsAbstract" ns2:to="ferc_StoresExpenseUndistributed" ns2:type="arc" />
        <ns0:loc ns2:href="../../ferc-core_2021-01-01.xsd#ferc_GasStoredCurrent" ns2:label="ferc_GasStoredCurrent" ns2:type="locator" />
        <ns0:presentationArc order="22" preferredLabel="http://ferc.gov/form/2020-01-01/roles/label/F1ComparativeBalanceSheet" ns2:arcrole="http://www.xbrl.org/2003/arcrole/parent-child" ns2:from="ferc_CurrentAndAccruedAssetsAbstract" ns2:to="ferc_GasStoredCurrent" ns2:type="arc" />
        <ns0:loc ns2:href="../../ferc-core_2021-01-01.xsd#ferc_LiquefiedNaturalGasStoredAndHeldForProcessing" ns2:label="ferc_LiquefiedNaturalGasStoredAndHeldForProcessing" ns2:type="locator" />
        <ns0:presentationArc order="23" preferredLabel="http://ferc.gov/form/2020-01-01/roles/label/F1ComparativeBalanceSheet" ns2:arcrole="http://www.xbrl.org/2003/arcrole/parent-child" ns2:from="ferc_CurrentAndAccruedAssetsAbstract" ns2:to="ferc_LiquefiedNaturalGasStoredAndHeldForProcessing" ns2:type="arc" />
        <ns0:loc ns2:href="../../ferc-core_2021-01-01.xsd#ferc_Prepayments" ns2:label="ferc_Prepayments" ns2:type="locator" />
        <ns0:presentationArc order="24" preferredLabel="http://ferc.gov/form/2020-01-01/roles/label/F1ComparativeBalanceSheet" ns2:arcrole="http://www.xbrl.org/2003/arcrole/parent-child" ns2:from="ferc_CurrentAndAccruedAssetsAbstract" ns2:to="ferc_Prepayments" ns2:type="arc" />
        <ns0:loc ns2:href="../../ferc-core_2021-01-01.xsd#ferc_AdvancesForGas" ns2:label="ferc_AdvancesForGas" ns2:type="locator" />
        <ns0:presentationArc order="25" preferredLabel="http://ferc.gov/form/2020-01-01/roles/label/F1ComparativeBalanceSheet" ns2:arcrole="http://www.xbrl.org/2003/arcrole/parent-child" ns2:from="ferc_CurrentAndAccruedAssetsAbstract" ns2:to="ferc_AdvancesForGas" ns2:type="arc" />
        <ns0:loc ns2:href="../../ferc-core_2021-01-01.xsd#ferc_InterestAndDividendsReceivable" ns2:label="ferc_InterestAndDividendsReceivable" ns2:type="locator" />
        <ns0:presentationArc order="26" preferredLabel="http://ferc.gov/form/2020-01-01/roles/label/F1ComparativeBalanceSheet" ns2:arcrole="http://www.xbrl.org/2003/arcrole/parent-child" ns2:from="ferc_CurrentAndAccruedAssetsAbstract" ns2:to="ferc_InterestAndDividendsReceivable" ns2:type="arc" />
        <ns0:loc ns2:href="../../ferc-core_2021-01-01.xsd#ferc_RentsReceivable" ns2:label="ferc_RentsReceivable" ns2:type="locator" />
        <ns0:presentationArc order="27" preferredLabel="http://ferc.gov/form/2020-01-01/roles/label/F1ComparativeBalanceSheet" ns2:arcrole="http://www.xbrl.org/2003/arcrole/parent-child" ns2:from="ferc_CurrentAndAccruedAssetsAbstract" ns2:to="ferc_RentsReceivable" ns2:type="arc" />
        <ns0:loc ns2:href="../../ferc-core_2021-01-01.xsd#ferc_AccruedUtilityRevenues" ns2:label="ferc_AccruedUtilityRevenues" ns2:type="locator" />
        <ns0:presentationArc order="28" preferredLabel="http://ferc.gov/form/2020-01-01/roles/label/F1ComparativeBalanceSheet" ns2:arcrole="http://www.xbrl.org/2003/arcrole/parent-child" ns2:from="ferc_CurrentAndAccruedAssetsAbstract" ns2:to="ferc_AccruedUtilityRevenues" ns2:type="arc" />
        <ns0:loc ns2:href="../../ferc-core_2021-01-01.xsd#ferc_MiscellaneousCurrentAndAccruedAssets" ns2:label="ferc_MiscellaneousCurrentAndAccruedAssets" ns2:type="locator" />
        <ns0:presentationArc order="29" preferredLabel="http://ferc.gov/form/2020-01-01/roles/label/F1ComparativeBalanceSheet" ns2:arcrole="http://www.xbrl.org/2003/arcrole/parent-child" ns2:from="ferc_CurrentAndAccruedAssetsAbstract" ns2:to="ferc_MiscellaneousCurrentAndAccruedAssets" ns2:type="arc" />
        <ns0:loc ns2:href="../../ferc-core_2021-01-01.xsd#ferc_DerivativeInstrumentAssets" ns2:label="ferc_DerivativeInstrumentAssets" ns2:type="locator" />
        <ns0:presentationArc order="30" preferredLabel="http://ferc.gov/form/2020-01-01/roles/label/F1ComparativeBalanceSheet" ns2:arcrole="http://www.xbrl.org/2003/arcrole/parent-child" ns2:from="ferc_CurrentAndAccruedAssetsAbstract" ns2:to="ferc_DerivativeInstrumentAssets" ns2:type="arc" />
        <ns0:presentationArc order="31" preferredLabel="http://ferc.gov/form/2020-01-01/roles/label/F1ComparativeBalanceSheet2" ns2:arcrole="http://www.xbrl.org/2003/arcrole/parent-child" ns2:from="ferc_CurrentAndAccruedAssetsAbstract" ns2:to="ferc_DerivativeInstrumentAssetsLongTerm" ns2:type="arc" />
        <ns0:loc ns2:href="../../ferc-core_2021-01-01.xsd#ferc_DerivativeInstrumentAssetsHedges" ns2:label="ferc_DerivativeInstrumentAssetsHedges" ns2:type="locator" />
        <ns0:presentationArc order="32" preferredLabel="http://ferc.gov/form/2020-01-01/roles/label/F1ComparativeBalanceSheet" ns2:arcrole="http://www.xbrl.org/2003/arcrole/parent-child" ns2:from="ferc_CurrentAndAccruedAssetsAbstract" ns2:to="ferc_DerivativeInstrumentAssetsHedges" ns2:type="arc" />
        <ns0:presentationArc order="33" preferredLabel="http://ferc.gov/form/2020-01-01/roles/label/F1ComparativeBalanceSheet2" ns2:arcrole="http://www.xbrl.org/2003/arcrole/parent-child" ns2:from="ferc_CurrentAndAccruedAssetsAbstract" ns2:to="ferc_DerivativeInstrumentAssetsHedgesLongTerm" ns2:type="arc" />
        <ns0:loc ns2:href="../../ferc-core_2021-01-01.xsd#ferc_CurrentAndAccruedAssets" ns2:label="ferc_CurrentAndAccruedAssets" ns2:type="locator" />
        <ns0:presentationArc order="34" preferredLabel="http://ferc.gov/form/2020-01-01/roles/label/F1Total" ns2:arcrole="http://www.xbrl.org/2003/arcrole/parent-child" ns2:from="ferc_CurrentAndAccruedAssetsAbstract" ns2:to="ferc_CurrentAndAccruedAssets" ns2:type="arc" />
        <ns0:loc ns2:href="../../ferc-core_2021-01-01.xsd#ferc_DeferredDebitsAbstract" ns2:label="ferc_DeferredDebitsAbstract" ns2:type="locator" />
        <ns0:presentationArc order="4" preferredLabel="http://ferc.gov/form/2020-01-01/roles/label/F1ComparativeBalanceSheet" ns2:arcrole="http://www.xbrl.org/2003/arcrole/parent-child" ns2:from="ferc_AssetsAndOtherDebitsAbstract" ns2:to="ferc_DeferredDebitsAbstract" ns2:type="arc" />
        <ns0:loc ns2:href="../../ferc-core_2021-01-01.xsd#ferc_UnamortizedDebtExpense" ns2:label="ferc_UnamortizedDebtExpense" ns2:type="locator" />
        <ns0:presentationArc order="1" preferredLabel="http://ferc.gov/form/2020-01-01/roles/label/F1ComparativeBalanceSheet" ns2:arcrole="http://www.xbrl.org/2003/arcrole/parent-child" ns2:from="ferc_DeferredDebitsAbstract" ns2:to="ferc_UnamortizedDebtExpense" ns2:type="arc" />
        <ns0:loc ns2:href="../../ferc-core_2021-01-01.xsd#ferc_ExtraordinaryPropertyLosses" ns2:label="ferc_ExtraordinaryPropertyLosses" ns2:type="locator" />
        <ns0:presentationArc order="2" preferredLabel="http://ferc.gov/form/2020-01-01/roles/label/F1ComparativeBalanceSheet" ns2:arcrole="http://www.xbrl.org/2003/arcrole/parent-child" ns2:from="ferc_DeferredDebitsAbstract" ns2:to="ferc_ExtraordinaryPropertyLosses" ns2:type="arc" />
        <ns0:loc ns2:href="../../ferc-core_2021-01-01.xsd#ferc_UnrecoveredPlantAndRegulatoryStudyCosts" ns2:label="ferc_UnrecoveredPlantAndRegulatoryStudyCosts" ns2:type="locator" />
        <ns0:presentationArc order="3" preferredLabel="http://ferc.gov/form/2020-01-01/roles/label/F1ComparativeBalanceSheet" ns2:arcrole="http://www.xbrl.org/2003/arcrole/parent-child" ns2:from="ferc_DeferredDebitsAbstract" ns2:to="ferc_UnrecoveredPlantAndRegulatoryStudyCosts" ns2:type="arc" />
        <ns0:loc ns2:href="../../ferc-core_2021-01-01.xsd#ferc_OtherRegulatoryAssets" ns2:label="ferc_OtherRegulatoryAssets" ns2:type="locator" />
        <ns0:presentationArc order="4" preferredLabel="http://ferc.gov/form/2020-01-01/roles/label/F1ComparativeBalanceSheet" ns2:arcrole="http://www.xbrl.org/2003/arcrole/parent-child" ns2:from="ferc_DeferredDebitsAbstract" ns2:to="ferc_OtherRegulatoryAssets" ns2:type="arc" />
        <ns0:loc ns2:href="../../ferc-core_2021-01-01.xsd#ferc_PreliminarySurveyAndInvestigationCharges" ns2:label="ferc_PreliminarySurveyAndInvestigationCharges" ns2:type="locator" />
        <ns0:presentationArc order="5" preferredLabel="http://ferc.gov/form/2020-01-01/roles/label/F1ComparativeBalanceSheet" ns2:arcrole="http://www.xbrl.org/2003/arcrole/parent-child" ns2:from="ferc_DeferredDebitsAbstract" ns2:to="ferc_PreliminarySurveyAndInvestigationCharges" ns2:type="arc" />
        <ns0:loc ns2:href="../../ferc-core_2021-01-01.xsd#ferc_PreliminaryNaturalGasSurveyAndInvestigationChargesAndOtherPreliminarySurveyAndInvestigationCharges" ns2:label="ferc_PreliminaryNaturalGasSurveyAndInvestigationChargesAndOtherPreliminarySurveyAndInvestigationCharges" ns2:type="locator" />
        <ns0:presentationArc order="6" preferredLabel="http://ferc.gov/form/2020-01-01/roles/label/F1ComparativeBalanceSheet" ns2:arcrole="http://www.xbrl.org/2003/arcrole/parent-child" ns2:from="ferc_DeferredDebitsAbstract" ns2:to="ferc_PreliminaryNaturalGasSurveyAndInvestigationChargesAndOtherPreliminarySurveyAndInvestigationCharges" ns2:type="arc" />
        <ns0:loc ns2:href="../../ferc-core_2021-01-01.xsd#ferc_OtherPreliminarySurveyAndInvestigationCharges" ns2:label="ferc_OtherPreliminarySurveyAndInvestigationCharges" ns2:type="locator" />
        <ns0:presentationArc order="7" preferredLabel="http://ferc.gov/form/2020-01-01/roles/label/F1ComparativeBalanceSheet" ns2:arcrole="http://www.xbrl.org/2003/arcrole/parent-child" ns2:from="ferc_DeferredDebitsAbstract" ns2:to="ferc_OtherPreliminarySurveyAndInvestigationCharges" ns2:type="arc" />
        <ns0:loc ns2:href="../../ferc-core_2021-01-01.xsd#ferc_ClearingAccounts" ns2:label="ferc_ClearingAccounts" ns2:type="locator" />
        <ns0:presentationArc order="8" preferredLabel="http://ferc.gov/form/2020-01-01/roles/label/F1ComparativeBalanceSheet" ns2:arcrole="http://www.xbrl.org/2003/arcrole/parent-child" ns2:from="ferc_DeferredDebitsAbstract" ns2:to="ferc_ClearingAccounts" ns2:type="arc" />
        <ns0:loc ns2:href="../../ferc-core_2021-01-01.xsd#ferc_TemporaryFacilities" ns2:label="ferc_TemporaryFacilities" ns2:type="locator" />
        <ns0:presentationArc order="9" preferredLabel="http://ferc.gov/form/2020-01-01/roles/label/F1ComparativeBalanceSheet" ns2:arcrole="http://www.xbrl.org/2003/arcrole/parent-child" ns2:from="ferc_DeferredDebitsAbstract" ns2:to="ferc_TemporaryFacilities" ns2:type="arc" />
        <ns0:loc ns2:href="../../ferc-core_2021-01-01.xsd#ferc_MiscellaneousDeferredDebits" ns2:label="ferc_MiscellaneousDeferredDebits" ns2:type="locator" />
        <ns0:presentationArc order="10" preferredLabel="http://ferc.gov/form/2020-01-01/roles/label/F1ComparativeBalanceSheet" ns2:arcrole="http://www.xbrl.org/2003/arcrole/parent-child" ns2:from="ferc_DeferredDebitsAbstract" ns2:to="ferc_MiscellaneousDeferredDebits" ns2:type="arc" />
        <ns0:loc ns2:href="../../ferc-core_2021-01-01.xsd#ferc_DeferredLossesFromDispositionOfUtilityPlant" ns2:label="ferc_DeferredLossesFromDispositionOfUtilityPlant" ns2:type="locator" />
        <ns0:presentationArc order="11" preferredLabel="http://ferc.gov/form/2020-01-01/roles/label/F1ComparativeBalanceSheet" ns2:arcrole="http://www.xbrl.org/2003/arcrole/parent-child" ns2:from="ferc_DeferredDebitsAbstract" ns2:to="ferc_DeferredLossesFromDispositionOfUtilityPlant" ns2:type="arc" />
        <ns0:loc ns2:href="../../ferc-core_2021-01-01.xsd#ferc_ResearchDevelopmentAndDemonstrationExpenditures" ns2:label="ferc_ResearchDevelopmentAndDemonstrationExpenditures" ns2:type="locator" />
        <ns0:presentationArc order="12" preferredLabel="http://ferc.gov/form/2020-01-01/roles/label/F1ComparativeBalanceSheet" ns2:arcrole="http://www.xbrl.org/2003/arcrole/parent-child" ns2:from="ferc_DeferredDebitsAbstract" ns2:to="ferc_ResearchDevelopmentAndDemonstrationExpenditures" ns2:type="arc" />
        <ns0:loc ns2:href="../../ferc-core_2021-01-01.xsd#ferc_UnamortizedLossOnReacquiredDebt" ns2:label="ferc_UnamortizedLossOnReacquiredDebt" ns2:type="locator" />
        <ns0:presentationArc order="13" preferredLabel="http://ferc.gov/form/2020-01-01/roles/label/F1ComparativeBalanceSheet" ns2:arcrole="http://www.xbrl.org/2003/arcrole/parent-child" ns2:from="ferc_DeferredDebitsAbstract" ns2:to="ferc_UnamortizedLossOnReacquiredDebt" ns2:type="arc" />
        <ns0:loc ns2:href="../../ferc-core_2021-01-01.xsd#ferc_AccumulatedDeferredIncomeTaxes" ns2:label="ferc_AccumulatedDeferredIncomeTaxes" ns2:type="locator" />
        <ns0:presentationArc order="14" preferredLabel="http://ferc.gov/form/2020-01-01/roles/label/F1ComparativeBalanceSheet" ns2:arcrole="http://www.xbrl.org/2003/arcrole/parent-child" ns2:from="ferc_DeferredDebitsAbstract" ns2:to="ferc_AccumulatedDeferredIncomeTaxes" ns2:type="arc" />
        <ns0:loc ns2:href="../../ferc-core_2021-01-01.xsd#ferc_UnrecoveredPurchasedGasCosts" ns2:label="ferc_UnrecoveredPurchasedGasCosts" ns2:type="locator" />
        <ns0:presentationArc order="15" preferredLabel="http://ferc.gov/form/2020-01-01/roles/label/F1ComparativeBalanceSheet" ns2:arcrole="http://www.xbrl.org/2003/arcrole/parent-child" ns2:from="ferc_DeferredDebitsAbstract" ns2:to="ferc_UnrecoveredPurchasedGasCosts" ns2:type="arc" />
        <ns0:loc ns2:href="../../ferc-core_2021-01-01.xsd#ferc_DeferredDebits" ns2:label="ferc_DeferredDebits" ns2:type="locator" />
        <ns0:presentationArc order="16" preferredLabel="http://ferc.gov/form/2020-01-01/roles/label/F1Total" ns2:arcrole="http://www.xbrl.org/2003/arcrole/parent-child" ns2:from="ferc_DeferredDebitsAbstract" ns2:to="ferc_DeferredDebits" ns2:type="arc" />
        <ns0:loc ns2:href="../../ferc-core_2021-01-01.xsd#ferc_AssetsAndOtherDebits" ns2:label="ferc_AssetsAndOtherDebits" ns2:type="locator" />
        <ns0:presentationArc order="5" preferredLabel="http://ferc.gov/form/2020-01-01/roles/label/F1Total" ns2:arcrole="http://www.xbrl.org/2003/arcrole/parent-child" ns2:from="ferc_AssetsAndOtherDebitsAbstract" ns2:to="ferc_AssetsAndOtherDebits" ns2:type="arc" />
    </ns0:presentationLink>
    <ns0:presentationLink ns2:role="http://ferc.gov/form/2020-01-01/roles/Schedule/F1/ComparativeBalanceSheetLiabilities" ns2:type="extended">
        <ns0:loc ns2:href="../../ferc-core_2021-01-01.xsd#ferc_ScheduleComparativeBalanceSheetLiabilitiesOtherCreditsAbstract" ns2:label="ferc_ScheduleComparativeBalanceSheetLiabilitiesOtherCreditsAbstract" ns2:type="locator" />
        <ns0:loc ns2:href="../../ferc-core_2021-01-01.xsd#ferc_ComparativeBalanceSheetTable" ns2:label="ferc_ComparativeBalanceSheetTable" ns2:type="locator" />
        <ns0:presentationArc order="1" ns2:arcrole="http://www.xbrl.org/2003/arcrole/parent-child" ns2:from="ferc_ScheduleComparativeBalanceSheetLiabilitiesOtherCreditsAbstract" ns2:to="ferc_ComparativeBalanceSheetTable" ns2:type="arc" />
        <ns0:loc ns2:href="../../ferc-core_2021-01-01.xsd#ferc_ComparativeBalanceSheetLineItems" ns2:label="ferc_ComparativeBalanceSheetLineItems" ns2:type="locator" />
        <ns0:presentationArc order="1" ns2:arcrole="http://www.xbrl.org/2003/arcrole/parent-child" ns2:from="ferc_ComparativeBalanceSheetTable" ns2:to="ferc_ComparativeBalanceSheetLineItems" ns2:type="arc" />
        <ns0:loc ns2:href="../../ferc-core_2021-01-01.xsd#ferc_LiabilitiesAndOtherCreditsAbstract" ns2:label="ferc_LiabilitiesAndOtherCreditsAbstract" ns2:type="locator" />
        <ns0:presentationArc order="1" preferredLabel="http://ferc.gov/form/2020-01-01/roles/label/F1ComparativeBalanceSheet" ns2:arcrole="http://www.xbrl.org/2003/arcrole/parent-child" ns2:from="ferc_ComparativeBalanceSheetLineItems" ns2:to="ferc_LiabilitiesAndOtherCreditsAbstract" ns2:type="arc" />
        <ns0:loc ns2:href="../../ferc-core_2021-01-01.xsd#ferc_ProprietaryCapitalAbstract" ns2:label="ferc_ProprietaryCapitalAbstract" ns2:type="locator" />
        <ns0:presentationArc order="1" preferredLabel="http://ferc.gov/form/2020-01-01/roles/label/F1ComparativeBalanceSheet" ns2:arcrole="http://www.xbrl.org/2003/arcrole/parent-child" ns2:from="ferc_LiabilitiesAndOtherCreditsAbstract" ns2:to="ferc_ProprietaryCapitalAbstract" ns2:type="arc" />
        <ns0:loc ns2:href="../../ferc-core_2021-01-01.xsd#ferc_CommonStockIssued" ns2:label="ferc_CommonStockIssued" ns2:type="locator" />
        <ns0:presentationArc order="1" preferredLabel="http://ferc.gov/form/2020-01-01/roles/label/F1ComparativeBalanceSheet" ns2:arcrole="http://www.xbrl.org/2003/arcrole/parent-child" ns2:from="ferc_ProprietaryCapitalAbstract" ns2:to="ferc_CommonStockIssued" ns2:type="arc" />
        <ns0:loc ns2:href="../../ferc-core_2021-01-01.xsd#ferc_PreferredStockIssued" ns2:label="ferc_PreferredStockIssued" ns2:type="locator" />
        <ns0:presentationArc order="2" preferredLabel="http://ferc.gov/form/2020-01-01/roles/label/F1ComparativeBalanceSheet" ns2:arcrole="http://www.xbrl.org/2003/arcrole/parent-child" ns2:from="ferc_ProprietaryCapitalAbstract" ns2:to="ferc_PreferredStockIssued" ns2:type="arc" />
        <ns0:loc ns2:href="../../ferc-core_2021-01-01.xsd#ferc_CapitalStockSubscribed" ns2:label="ferc_CapitalStockSubscribed" ns2:type="locator" />
        <ns0:presentationArc order="3" preferredLabel="http://ferc.gov/form/2020-01-01/roles/label/F1ComparativeBalanceSheet" ns2:arcrole="http://www.xbrl.org/2003/arcrole/parent-child" ns2:from="ferc_ProprietaryCapitalAbstract" ns2:to="ferc_CapitalStockSubscribed" ns2:type="arc" />
        <ns0:loc ns2:href="../../ferc-core_2021-01-01.xsd#ferc_StockLiabilityForConversion" ns2:label="ferc_StockLiabilityForConversion" ns2:type="locator" />
        <ns0:presentationArc order="4" preferredLabel="http://ferc.gov/form/2020-01-01/roles/label/F1ComparativeBalanceSheet" ns2:arcrole="http://www.xbrl.org/2003/arcrole/parent-child" ns2:from="ferc_ProprietaryCapitalAbstract" ns2:to="ferc_StockLiabilityForConversion" ns2:type="arc" />
        <ns0:loc ns2:href="../../ferc-core_2021-01-01.xsd#ferc_PremiumOnCapitalStock" ns2:label="ferc_PremiumOnCapitalStock" ns2:type="locator" />
        <ns0:presentationArc order="5" preferredLabel="http://ferc.gov/form/2020-01-01/roles/label/F1ComparativeBalanceSheet" ns2:arcrole="http://www.xbrl.org/2003/arcrole/parent-child" ns2:from="ferc_ProprietaryCapitalAbstract" ns2:to="ferc_PremiumOnCapitalStock" ns2:type="arc" />
        <ns0:loc ns2:href="../../ferc-core_2021-01-01.xsd#ferc_OtherPaidInCapital" ns2:label="ferc_OtherPaidInCapital" ns2:type="locator" />
        <ns0:presentationArc order="6" preferredLabel="http://ferc.gov/form/2020-01-01/roles/label/F1ComparativeBalanceSheet" ns2:arcrole="http://www.xbrl.org/2003/arcrole/parent-child" ns2:from="ferc_ProprietaryCapitalAbstract" ns2:to="ferc_OtherPaidInCapital" ns2:type="arc" />
        <ns0:loc ns2:href="../../ferc-core_2021-01-01.xsd#ferc_InstallmentsReceivedOnCapitalStock" ns2:label="ferc_InstallmentsReceivedOnCapitalStock" ns2:type="locator" />
        <ns0:presentationArc order="7" preferredLabel="http://ferc.gov/form/2020-01-01/roles/label/F1ComparativeBalanceSheet" ns2:arcrole="http://www.xbrl.org/2003/arcrole/parent-child" ns2:from="ferc_ProprietaryCapitalAbstract" ns2:to="ferc_InstallmentsReceivedOnCapitalStock" ns2:type="arc" />
        <ns0:loc ns2:href="../../ferc-core_2021-01-01.xsd#ferc_DiscountOnCapitalStock" ns2:label="ferc_DiscountOnCapitalStock" ns2:type="locator" />
        <ns0:presentationArc order="8" preferredLabel="http://ferc.gov/form/2020-01-01/roles/label/F1ComparativeBalanceSheet" ns2:arcrole="http://www.xbrl.org/2003/arcrole/parent-child" ns2:from="ferc_ProprietaryCapitalAbstract" ns2:to="ferc_DiscountOnCapitalStock" ns2:type="arc" />
        <ns0:loc ns2:href="../../ferc-core_2021-01-01.xsd#ferc_CapitalStockExpense" ns2:label="ferc_CapitalStockExpense" ns2:type="locator" />
        <ns0:presentationArc order="9" preferredLabel="http://ferc.gov/form/2020-01-01/roles/label/F1ComparativeBalanceSheet" ns2:arcrole="http://www.xbrl.org/2003/arcrole/parent-child" ns2:from="ferc_ProprietaryCapitalAbstract" ns2:to="ferc_CapitalStockExpense" ns2:type="arc" />
        <ns0:loc ns2:href="../../ferc-core_2021-01-01.xsd#ferc_RetainedEarnings" ns2:label="ferc_RetainedEarnings" ns2:type="locator" />
        <ns0:presentationArc order="10" preferredLabel="http://ferc.gov/form/2020-01-01/roles/label/F1ComparativeBalanceSheet" ns2:arcrole="http://www.xbrl.org/2003/arcrole/parent-child" ns2:from="ferc_ProprietaryCapitalAbstract" ns2:to="ferc_RetainedEarnings" ns2:type="arc" />
        <ns0:loc ns2:href="../../ferc-core_2021-01-01.xsd#ferc_UnappropriatedUndistributedSubsidiaryEarnings" ns2:label="ferc_UnappropriatedUndistributedSubsidiaryEarnings" ns2:type="locator" />
        <ns0:presentationArc order="11" preferredLabel="http://ferc.gov/form/2020-01-01/roles/label/F1ComparativeBalanceSheet" ns2:arcrole="http://www.xbrl.org/2003/arcrole/parent-child" ns2:from="ferc_ProprietaryCapitalAbstract" ns2:to="ferc_UnappropriatedUndistributedSubsidiaryEarnings" ns2:type="arc" />
        <ns0:loc ns2:href="../../ferc-core_2021-01-01.xsd#ferc_ReacquiredCapitalStock" ns2:label="ferc_ReacquiredCapitalStock" ns2:type="locator" />
        <ns0:presentationArc order="12" preferredLabel="http://ferc.gov/form/2020-01-01/roles/label/F1ComparativeBalanceSheet" ns2:arcrole="http://www.xbrl.org/2003/arcrole/parent-child" ns2:from="ferc_ProprietaryCapitalAbstract" ns2:to="ferc_ReacquiredCapitalStock" ns2:type="arc" />
        <ns0:loc ns2:href="../../ferc-core_2021-01-01.xsd#ferc_NoncorporateProprietorship" ns2:label="ferc_NoncorporateProprietorship" ns2:type="locator" />
        <ns0:presentationArc order="13" preferredLabel="http://ferc.gov/form/2020-01-01/roles/label/F1ComparativeBalanceSheet" ns2:arcrole="http://www.xbrl.org/2003/arcrole/parent-child" ns2:from="ferc_ProprietaryCapitalAbstract" ns2:to="ferc_NoncorporateProprietorship" ns2:type="arc" />
        <ns0:loc ns2:href="../../ferc-core_2021-01-01.xsd#ferc_AccumulatedOtherComprehensiveIncome" ns2:label="ferc_AccumulatedOtherComprehensiveIncome" ns2:type="locator" />
        <ns0:presentationArc order="14" preferredLabel="http://ferc.gov/form/2020-01-01/roles/label/F1ComparativeBalanceSheet" ns2:arcrole="http://www.xbrl.org/2003/arcrole/parent-child" ns2:from="ferc_ProprietaryCapitalAbstract" ns2:to="ferc_AccumulatedOtherComprehensiveIncome" ns2:type="arc" />
        <ns0:loc ns2:href="../../ferc-core_2021-01-01.xsd#ferc_ProprietaryCapital" ns2:label="ferc_ProprietaryCapital" ns2:type="locator" />
        <ns0:presentationArc order="15" preferredLabel="http://ferc.gov/form/2020-01-01/roles/label/F1Total" ns2:arcrole="http://www.xbrl.org/2003/arcrole/parent-child" ns2:from="ferc_ProprietaryCapitalAbstract" ns2:to="ferc_ProprietaryCapital" ns2:type="arc" />
        <ns0:loc ns2:href="../../ferc-core_2021-01-01.xsd#ferc_LongTermDebtAbstract" ns2:label="ferc_LongTermDebtAbstract" ns2:type="locator" />
        <ns0:presentationArc order="2" preferredLabel="http://ferc.gov/form/2020-01-01/roles/label/F1ComparativeBalanceSheet" ns2:arcrole="http://www.xbrl.org/2003/arcrole/parent-child" ns2:from="ferc_LiabilitiesAndOtherCreditsAbstract" ns2:to="ferc_LongTermDebtAbstract" ns2:type="arc" />
        <ns0:loc ns2:href="../../ferc-core_2021-01-01.xsd#ferc_Bonds" ns2:label="ferc_Bonds" ns2:type="locator" />
        <ns0:presentationArc order="1" preferredLabel="http://ferc.gov/form/2020-01-01/roles/label/F1ComparativeBalanceSheet" ns2:arcrole="http://www.xbrl.org/2003/arcrole/parent-child" ns2:from="ferc_LongTermDebtAbstract" ns2:to="ferc_Bonds" ns2:type="arc" />
        <ns0:loc ns2:href="../../ferc-core_2021-01-01.xsd#ferc_ReacquiredBonds" ns2:label="ferc_ReacquiredBonds" ns2:type="locator" />
        <ns0:presentationArc order="2" preferredLabel="http://ferc.gov/form/2020-01-01/roles/label/F1ComparativeBalanceSheet" ns2:arcrole="http://www.xbrl.org/2003/arcrole/parent-child" ns2:from="ferc_LongTermDebtAbstract" ns2:to="ferc_ReacquiredBonds" ns2:type="arc" />
        <ns0:loc ns2:href="../../ferc-core_2021-01-01.xsd#ferc_AdvancesFromAssociatedCompanies" ns2:label="ferc_AdvancesFromAssociatedCompanies" ns2:type="locator" />
        <ns0:presentationArc order="3" preferredLabel="http://ferc.gov/form/2020-01-01/roles/label/F1ComparativeBalanceSheet" ns2:arcrole="http://www.xbrl.org/2003/arcrole/parent-child" ns2:from="ferc_LongTermDebtAbstract" ns2:to="ferc_AdvancesFromAssociatedCompanies" ns2:type="arc" />
        <ns0:loc ns2:href="../../ferc-core_2021-01-01.xsd#ferc_OtherLongTermDebt" ns2:label="ferc_OtherLongTermDebt" ns2:type="locator" />
        <ns0:presentationArc order="4" preferredLabel="http://ferc.gov/form/2020-01-01/roles/label/F1ComparativeBalanceSheet" ns2:arcrole="http://www.xbrl.org/2003/arcrole/parent-child" ns2:from="ferc_LongTermDebtAbstract" ns2:to="ferc_OtherLongTermDebt" ns2:type="arc" />
        <ns0:loc ns2:href="../../ferc-core_2021-01-01.xsd#ferc_UnamortizedPremiumOnLongTermDebt" ns2:label="ferc_UnamortizedPremiumOnLongTermDebt" ns2:type="locator" />
        <ns0:presentationArc order="5" preferredLabel="http://ferc.gov/form/2020-01-01/roles/label/F1ComparativeBalanceSheet" ns2:arcrole="http://www.xbrl.org/2003/arcrole/parent-child" ns2:from="ferc_LongTermDebtAbstract" ns2:to="ferc_UnamortizedPremiumOnLongTermDebt" ns2:type="arc" />
        <ns0:loc ns2:href="../../ferc-core_2021-01-01.xsd#ferc_UnamortizedDiscountOnLongTermDebtDebit" ns2:label="ferc_UnamortizedDiscountOnLongTermDebtDebit" ns2:type="locator" />
        <ns0:presentationArc order="6" preferredLabel="http://ferc.gov/form/2020-01-01/roles/label/F1ComparativeBalanceSheet" ns2:arcrole="http://www.xbrl.org/2003/arcrole/parent-child" ns2:from="ferc_LongTermDebtAbstract" ns2:to="ferc_UnamortizedDiscountOnLongTermDebtDebit" ns2:type="arc" />
        <ns0:loc ns2:href="../../ferc-core_2021-01-01.xsd#ferc_LongTermDebt" ns2:label="ferc_LongTermDebt" ns2:type="locator" />
        <ns0:presentationArc order="7" preferredLabel="http://ferc.gov/form/2020-01-01/roles/label/F1Total" ns2:arcrole="http://www.xbrl.org/2003/arcrole/parent-child" ns2:from="ferc_LongTermDebtAbstract" ns2:to="ferc_LongTermDebt" ns2:type="arc" />
        <ns0:loc ns2:href="../../ferc-core_2021-01-01.xsd#ferc_OtherNoncurrentLiabilitiesAbstract" ns2:label="ferc_OtherNoncurrentLiabilitiesAbstract" ns2:type="locator" />
        <ns0:presentationArc order="3" preferredLabel="http://ferc.gov/form/2020-01-01/roles/label/F1ComparativeBalanceSheet" ns2:arcrole="http://www.xbrl.org/2003/arcrole/parent-child" ns2:from="ferc_LiabilitiesAndOtherCreditsAbstract" ns2:to="ferc_OtherNoncurrentLiabilitiesAbstract" ns2:type="arc" />
        <ns0:loc ns2:href="../../ferc-core_2021-01-01.xsd#ferc_ObligationsUnderCapitalLeaseNoncurrent" ns2:label="ferc_ObligationsUnderCapitalLeaseNoncurrent" ns2:type="locator" />
        <ns0:presentationArc order="1" preferredLabel="http://ferc.gov/form/2020-01-01/roles/label/F1ComparativeBalanceSheet" ns2:arcrole="http://www.xbrl.org/2003/arcrole/parent-child" ns2:from="ferc_OtherNoncurrentLiabilitiesAbstract" ns2:to="ferc_ObligationsUnderCapitalLeaseNoncurrent" ns2:type="arc" />
        <ns0:loc ns2:href="../../ferc-core_2021-01-01.xsd#ferc_AccumulatedProvisionForPropertyInsurance" ns2:label="ferc_AccumulatedProvisionForPropertyInsurance" ns2:type="locator" />
        <ns0:presentationArc order="2" preferredLabel="http://ferc.gov/form/2020-01-01/roles/label/F1ComparativeBalanceSheet" ns2:arcrole="http://www.xbrl.org/2003/arcrole/parent-child" ns2:from="ferc_OtherNoncurrentLiabilitiesAbstract" ns2:to="ferc_AccumulatedProvisionForPropertyInsurance" ns2:type="arc" />
        <ns0:loc ns2:href="../../ferc-core_2021-01-01.xsd#ferc_AccumulatedProvisionForInjuriesAndDamages" ns2:label="ferc_AccumulatedProvisionForInjuriesAndDamages" ns2:type="locator" />
        <ns0:presentationArc order="3" preferredLabel="http://ferc.gov/form/2020-01-01/roles/label/F1ComparativeBalanceSheet" ns2:arcrole="http://www.xbrl.org/2003/arcrole/parent-child" ns2:from="ferc_OtherNoncurrentLiabilitiesAbstract" ns2:to="ferc_AccumulatedProvisionForInjuriesAndDamages" ns2:type="arc" />
        <ns0:loc ns2:href="../../ferc-core_2021-01-01.xsd#ferc_AccumulatedProvisionForPensionsAndBenefits" ns2:label="ferc_AccumulatedProvisionForPensionsAndBenefits" ns2:type="locator" />
        <ns0:presentationArc order="4" preferredLabel="http://ferc.gov/form/2020-01-01/roles/label/F1ComparativeBalanceSheet" ns2:arcrole="http://www.xbrl.org/2003/arcrole/parent-child" ns2:from="ferc_OtherNoncurrentLiabilitiesAbstract" ns2:to="ferc_AccumulatedProvisionForPensionsAndBenefits" ns2:type="arc" />
        <ns0:loc ns2:href="../../ferc-core_2021-01-01.xsd#ferc_AccumulatedMiscellaneousOperatingProvisions" ns2:label="ferc_AccumulatedMiscellaneousOperatingProvisions" ns2:type="locator" />
        <ns0:presentationArc order="5" preferredLabel="http://ferc.gov/form/2020-01-01/roles/label/F1ComparativeBalanceSheet" ns2:arcrole="http://www.xbrl.org/2003/arcrole/parent-child" ns2:from="ferc_OtherNoncurrentLiabilitiesAbstract" ns2:to="ferc_AccumulatedMiscellaneousOperatingProvisions" ns2:type="arc" />
        <ns0:loc ns2:href="../../ferc-core_2021-01-01.xsd#ferc_AccumulatedProvisionForRateRefunds" ns2:label="ferc_AccumulatedProvisionForRateRefunds" ns2:type="locator" />
        <ns0:presentationArc order="6" preferredLabel="http://ferc.gov/form/2020-01-01/roles/label/F1ComparativeBalanceSheet" ns2:arcrole="http://www.xbrl.org/2003/arcrole/parent-child" ns2:from="ferc_OtherNoncurrentLiabilitiesAbstract" ns2:to="ferc_AccumulatedProvisionForRateRefunds" ns2:type="arc" />
        <ns0:loc ns2:href="../../ferc-core_2021-01-01.xsd#ferc_LongTermPortionOfDerivativeInstrumentLiabilities" ns2:label="ferc_LongTermPortionOfDerivativeInstrumentLiabilities" ns2:type="locator" />
        <ns0:presentationArc order="7" preferredLabel="http://ferc.gov/form/2020-01-01/roles/label/F1ComparativeBalanceSheet" ns2:arcrole="http://www.xbrl.org/2003/arcrole/parent-child" ns2:from="ferc_OtherNoncurrentLiabilitiesAbstract" ns2:to="ferc_LongTermPortionOfDerivativeInstrumentLiabilities" ns2:type="arc" />
        <ns0:loc ns2:href="../../ferc-core_2021-01-01.xsd#ferc_LongTermPortionOfDerivativeInstrumentLiabilitiesHedges" ns2:label="ferc_LongTermPortionOfDerivativeInstrumentLiabilitiesHedges" ns2:type="locator" />
        <ns0:presentationArc order="8" preferredLabel="http://ferc.gov/form/2020-01-01/roles/label/F1ComparativeBalanceSheet" ns2:arcrole="http://www.xbrl.org/2003/arcrole/parent-child" ns2:from="ferc_OtherNoncurrentLiabilitiesAbstract" ns2:to="ferc_LongTermPortionOfDerivativeInstrumentLiabilitiesHedges" ns2:type="arc" />
        <ns0:loc ns2:href="../../ferc-core_2021-01-01.xsd#ferc_AssetRetirementObligations" ns2:label="ferc_AssetRetirementObligations" ns2:type="locator" />
        <ns0:presentationArc order="9" preferredLabel="http://ferc.gov/form/2020-01-01/roles/label/F1ComparativeBalanceSheet" ns2:arcrole="http://www.xbrl.org/2003/arcrole/parent-child" ns2:from="ferc_OtherNoncurrentLiabilitiesAbstract" ns2:to="ferc_AssetRetirementObligations" ns2:type="arc" />
        <ns0:loc ns2:href="../../ferc-core_2021-01-01.xsd#ferc_OtherNoncurrentLiabilities" ns2:label="ferc_OtherNoncurrentLiabilities" ns2:type="locator" />
        <ns0:presentationArc order="10" preferredLabel="http://ferc.gov/form/2020-01-01/roles/label/F1Total" ns2:arcrole="http://www.xbrl.org/2003/arcrole/parent-child" ns2:from="ferc_OtherNoncurrentLiabilitiesAbstract" ns2:to="ferc_OtherNoncurrentLiabilities" ns2:type="arc" />
        <ns0:loc ns2:href="../../ferc-core_2021-01-01.xsd#ferc_CurrentAndAccruedLiabilitiesAbstract" ns2:label="ferc_CurrentAndAccruedLiabilitiesAbstract" ns2:type="locator" />
        <ns0:presentationArc order="4" preferredLabel="http://ferc.gov/form/2020-01-01/roles/label/F1ComparativeBalanceSheet" ns2:arcrole="http://www.xbrl.org/2003/arcrole/parent-child" ns2:from="ferc_LiabilitiesAndOtherCreditsAbstract" ns2:to="ferc_CurrentAndAccruedLiabilitiesAbstract" ns2:type="arc" />
        <ns0:loc ns2:href="../../ferc-core_2021-01-01.xsd#ferc_NotesPayable" ns2:label="ferc_NotesPayable" ns2:type="locator" />
        <ns0:presentationArc order="1" preferredLabel="http://ferc.gov/form/2020-01-01/roles/label/F1ComparativeBalanceSheet" ns2:arcrole="http://www.xbrl.org/2003/arcrole/parent-child" ns2:from="ferc_CurrentAndAccruedLiabilitiesAbstract" ns2:to="ferc_NotesPayable" ns2:type="arc" />
        <ns0:loc ns2:href="../../ferc-core_2021-01-01.xsd#ferc_AccountsPayable" ns2:label="ferc_AccountsPayable" ns2:type="locator" />
        <ns0:presentationArc order="2" preferredLabel="http://ferc.gov/form/2020-01-01/roles/label/F1ComparativeBalanceSheet" ns2:arcrole="http://www.xbrl.org/2003/arcrole/parent-child" ns2:from="ferc_CurrentAndAccruedLiabilitiesAbstract" ns2:to="ferc_AccountsPayable" ns2:type="arc" />
        <ns0:loc ns2:href="../../ferc-core_2021-01-01.xsd#ferc_NotesPayableToAssociatedCompanies" ns2:label="ferc_NotesPayableToAssociatedCompanies" ns2:type="locator" />
        <ns0:presentationArc order="3" preferredLabel="http://ferc.gov/form/2020-01-01/roles/label/F1ComparativeBalanceSheet" ns2:arcrole="http://www.xbrl.org/2003/arcrole/parent-child" ns2:from="ferc_CurrentAndAccruedLiabilitiesAbstract" ns2:to="ferc_NotesPayableToAssociatedCompanies" ns2:type="arc" />
        <ns0:loc ns2:href="../../ferc-core_2021-01-01.xsd#ferc_AccountsPayableToAssociatedCompanies" ns2:label="ferc_AccountsPayableToAssociatedCompanies" ns2:type="locator" />
        <ns0:presentationArc order="4" preferredLabel="http://ferc.gov/form/2020-01-01/roles/label/F1ComparativeBalanceSheet" ns2:arcrole="http://www.xbrl.org/2003/arcrole/parent-child" ns2:from="ferc_CurrentAndAccruedLiabilitiesAbstract" ns2:to="ferc_AccountsPayableToAssociatedCompanies" ns2:type="arc" />
        <ns0:loc ns2:href="../../ferc-core_2021-01-01.xsd#ferc_CustomerDeposits" ns2:label="ferc_CustomerDeposits" ns2:type="locator" />
        <ns0:presentationArc order="5" preferredLabel="http://ferc.gov/form/2020-01-01/roles/label/F1ComparativeBalanceSheet" ns2:arcrole="http://www.xbrl.org/2003/arcrole/parent-child" ns2:from="ferc_CurrentAndAccruedLiabilitiesAbstract" ns2:to="ferc_CustomerDeposits" ns2:type="arc" />
        <ns0:loc ns2:href="../../ferc-core_2021-01-01.xsd#ferc_TaxesAccrued" ns2:label="ferc_TaxesAccrued" ns2:type="locator" />
        <ns0:presentationArc order="6" preferredLabel="http://ferc.gov/form/2020-01-01/roles/label/F1ComparativeBalanceSheet" ns2:arcrole="http://www.xbrl.org/2003/arcrole/parent-child" ns2:from="ferc_CurrentAndAccruedLiabilitiesAbstract" ns2:to="ferc_TaxesAccrued" ns2:type="arc" />
        <ns0:loc ns2:href="../../ferc-core_2021-01-01.xsd#ferc_InterestAccrued" ns2:label="ferc_InterestAccrued" ns2:type="locator" />
        <ns0:presentationArc order="7" preferredLabel="http://ferc.gov/form/2020-01-01/roles/label/F1ComparativeBalanceSheet" ns2:arcrole="http://www.xbrl.org/2003/arcrole/parent-child" ns2:from="ferc_CurrentAndAccruedLiabilitiesAbstract" ns2:to="ferc_InterestAccrued" ns2:type="arc" />
        <ns0:loc ns2:href="../../ferc-core_2021-01-01.xsd#ferc_DividendsDeclared" ns2:label="ferc_DividendsDeclared" ns2:type="locator" />
        <ns0:presentationArc order="8" preferredLabel="http://ferc.gov/form/2020-01-01/roles/label/F1ComparativeBalanceSheet" ns2:arcrole="http://www.xbrl.org/2003/arcrole/parent-child" ns2:from="ferc_CurrentAndAccruedLiabilitiesAbstract" ns2:to="ferc_DividendsDeclared" ns2:type="arc" />
        <ns0:loc ns2:href="../../ferc-core_2021-01-01.xsd#ferc_MaturedLongTermDebt" ns2:label="ferc_MaturedLongTermDebt" ns2:type="locator" />
        <ns0:presentationArc order="9" preferredLabel="http://ferc.gov/form/2020-01-01/roles/label/F1ComparativeBalanceSheet" ns2:arcrole="http://www.xbrl.org/2003/arcrole/parent-child" ns2:from="ferc_CurrentAndAccruedLiabilitiesAbstract" ns2:to="ferc_MaturedLongTermDebt" ns2:type="arc" />
        <ns0:loc ns2:href="../../ferc-core_2021-01-01.xsd#ferc_MaturedInterest" ns2:label="ferc_MaturedInterest" ns2:type="locator" />
        <ns0:presentationArc order="10" preferredLabel="http://ferc.gov/form/2020-01-01/roles/label/F1ComparativeBalanceSheet" ns2:arcrole="http://www.xbrl.org/2003/arcrole/parent-child" ns2:from="ferc_CurrentAndAccruedLiabilitiesAbstract" ns2:to="ferc_MaturedInterest" ns2:type="arc" />
        <ns0:loc ns2:href="../../ferc-core_2021-01-01.xsd#ferc_TaxCollectionsPayable" ns2:label="ferc_TaxCollectionsPayable" ns2:type="locator" />
        <ns0:presentationArc order="11" preferredLabel="http://ferc.gov/form/2020-01-01/roles/label/F1ComparativeBalanceSheet" ns2:arcrole="http://www.xbrl.org/2003/arcrole/parent-child" ns2:from="ferc_CurrentAndAccruedLiabilitiesAbstract" ns2:to="ferc_TaxCollectionsPayable" ns2:type="arc" />
        <ns0:loc ns2:href="../../ferc-core_2021-01-01.xsd#ferc_MiscellaneousCurrentAndAccruedLiabilities" ns2:label="ferc_MiscellaneousCurrentAndAccruedLiabilities" ns2:type="locator" />
        <ns0:presentationArc order="12" preferredLabel="http://ferc.gov/form/2020-01-01/roles/label/F1ComparativeBalanceSheet" ns2:arcrole="http://www.xbrl.org/2003/arcrole/parent-child" ns2:from="ferc_CurrentAndAccruedLiabilitiesAbstract" ns2:to="ferc_MiscellaneousCurrentAndAccruedLiabilities" ns2:type="arc" />
        <ns0:loc ns2:href="../../ferc-core_2021-01-01.xsd#ferc_ObligationsUnderCapitalLeasesCurrent" ns2:label="ferc_ObligationsUnderCapitalLeasesCurrent" ns2:type="locator" />
        <ns0:presentationArc order="13" preferredLabel="http://ferc.gov/form/2020-01-01/roles/label/F1ComparativeBalanceSheet" ns2:arcrole="http://www.xbrl.org/2003/arcrole/parent-child" ns2:from="ferc_CurrentAndAccruedLiabilitiesAbstract" ns2:to="ferc_ObligationsUnderCapitalLeasesCurrent" ns2:type="arc" />
        <ns0:loc ns2:href="../../ferc-core_2021-01-01.xsd#ferc_DerivativesInstrumentLiabilities" ns2:label="ferc_DerivativesInstrumentLiabilities" ns2:type="locator" />
        <ns0:presentationArc order="14" preferredLabel="http://ferc.gov/form/2020-01-01/roles/label/F1ComparativeBalanceSheet" ns2:arcrole="http://www.xbrl.org/2003/arcrole/parent-child" ns2:from="ferc_CurrentAndAccruedLiabilitiesAbstract" ns2:to="ferc_DerivativesInstrumentLiabilities" ns2:type="arc" />
        <ns0:presentationArc order="15" preferredLabel="http://ferc.gov/form/2020-01-01/roles/label/F1ComparativeBalanceSheet2" ns2:arcrole="http://www.xbrl.org/2003/arcrole/parent-child" ns2:from="ferc_CurrentAndAccruedLiabilitiesAbstract" ns2:to="ferc_LongTermPortionOfDerivativeInstrumentLiabilities" ns2:type="arc" />
        <ns0:loc ns2:href="../../ferc-core_2021-01-01.xsd#ferc_DerivativeInstrumentLiabilitiesHedges" ns2:label="ferc_DerivativeInstrumentLiabilitiesHedges" ns2:type="locator" />
        <ns0:presentationArc order="16" preferredLabel="http://ferc.gov/form/2020-01-01/roles/label/F1ComparativeBalanceSheet" ns2:arcrole="http://www.xbrl.org/2003/arcrole/parent-child" ns2:from="ferc_CurrentAndAccruedLiabilitiesAbstract" ns2:to="ferc_DerivativeInstrumentLiabilitiesHedges" ns2:type="arc" />
        <ns0:presentationArc order="17" preferredLabel="http://ferc.gov/form/2020-01-01/roles/label/F1ComparativeBalanceSheet2" ns2:arcrole="http://www.xbrl.org/2003/arcrole/parent-child" ns2:from="ferc_CurrentAndAccruedLiabilitiesAbstract" ns2:to="ferc_LongTermPortionOfDerivativeInstrumentLiabilitiesHedges" ns2:type="arc" />
        <ns0:loc ns2:href="../../ferc-core_2021-01-01.xsd#ferc_CurrentAndAccruedLiabilities" ns2:label="ferc_CurrentAndAccruedLiabilities" ns2:type="locator" />
        <ns0:presentationArc order="18" preferredLabel="http://ferc.gov/form/2020-01-01/roles/label/F1Total" ns2:arcrole="http://www.xbrl.org/2003/arcrole/parent-child" ns2:from="ferc_CurrentAndAccruedLiabilitiesAbstract" ns2:to="ferc_CurrentAndAccruedLiabilities" ns2:type="arc" />
        <ns0:loc ns2:href="../../ferc-core_2021-01-01.xsd#ferc_DeferredCreditsAbstract" ns2:label="ferc_DeferredCreditsAbstract" ns2:type="locator" />
        <ns0:presentationArc order="5" preferredLabel="http://ferc.gov/form/2020-01-01/roles/label/F1ComparativeBalanceSheet" ns2:arcrole="http://www.xbrl.org/2003/arcrole/parent-child" ns2:from="ferc_LiabilitiesAndOtherCreditsAbstract" ns2:to="ferc_DeferredCreditsAbstract" ns2:type="arc" />
        <ns0:loc ns2:href="../../ferc-core_2021-01-01.xsd#ferc_CustomerAdvancesForConstruction" ns2:label="ferc_CustomerAdvancesForConstruction" ns2:type="locator" />
        <ns0:presentationArc order="1" preferredLabel="http://ferc.gov/form/2020-01-01/roles/label/F1ComparativeBalanceSheet" ns2:arcrole="http://www.xbrl.org/2003/arcrole/parent-child" ns2:from="ferc_DeferredCreditsAbstract" ns2:to="ferc_CustomerAdvancesForConstruction" ns2:type="arc" />
        <ns0:loc ns2:href="../../ferc-core_2021-01-01.xsd#ferc_AccumulatedDeferredInvestmentTaxCredits" ns2:label="ferc_AccumulatedDeferredInvestmentTaxCredits" ns2:type="locator" />
        <ns0:presentationArc order="2" preferredLabel="http://ferc.gov/form/2020-01-01/roles/label/F1ComparativeBalanceSheet" ns2:arcrole="http://www.xbrl.org/2003/arcrole/parent-child" ns2:from="ferc_DeferredCreditsAbstract" ns2:to="ferc_AccumulatedDeferredInvestmentTaxCredits" ns2:type="arc" />
        <ns0:loc ns2:href="../../ferc-core_2021-01-01.xsd#ferc_DeferredGainsFromDispositionOfUtilityPlant" ns2:label="ferc_DeferredGainsFromDispositionOfUtilityPlant" ns2:type="locator" />
        <ns0:presentationArc order="3" preferredLabel="http://ferc.gov/form/2020-01-01/roles/label/F1ComparativeBalanceSheet" ns2:arcrole="http://www.xbrl.org/2003/arcrole/parent-child" ns2:from="ferc_DeferredCreditsAbstract" ns2:to="ferc_DeferredGainsFromDispositionOfUtilityPlant" ns2:type="arc" />
        <ns0:loc ns2:href="../../ferc-core_2021-01-01.xsd#ferc_OtherDeferredCredits" ns2:label="ferc_OtherDeferredCredits" ns2:type="locator" />
        <ns0:presentationArc order="4" preferredLabel="http://ferc.gov/form/2020-01-01/roles/label/F1ComparativeBalanceSheet" ns2:arcrole="http://www.xbrl.org/2003/arcrole/parent-child" ns2:from="ferc_DeferredCreditsAbstract" ns2:to="ferc_OtherDeferredCredits" ns2:type="arc" />
        <ns0:loc ns2:href="../../ferc-core_2021-01-01.xsd#ferc_OtherRegulatoryLiabilities" ns2:label="ferc_OtherRegulatoryLiabilities" ns2:type="locator" />
        <ns0:presentationArc order="5" preferredLabel="http://ferc.gov/form/2020-01-01/roles/label/F1ComparativeBalanceSheet" ns2:arcrole="http://www.xbrl.org/2003/arcrole/parent-child" ns2:from="ferc_DeferredCreditsAbstract" ns2:to="ferc_OtherRegulatoryLiabilities" ns2:type="arc" />
        <ns0:loc ns2:href="../../ferc-core_2021-01-01.xsd#ferc_UnamortizedGainOnReacquiredDebt" ns2:label="ferc_UnamortizedGainOnReacquiredDebt" ns2:type="locator" />
        <ns0:presentationArc order="6" preferredLabel="http://ferc.gov/form/2020-01-01/roles/label/F1ComparativeBalanceSheet" ns2:arcrole="http://www.xbrl.org/2003/arcrole/parent-child" ns2:from="ferc_DeferredCreditsAbstract" ns2:to="ferc_UnamortizedGainOnReacquiredDebt" ns2:type="arc" />
        <ns0:loc ns2:href="../../ferc-core_2021-01-01.xsd#ferc_AccumulatedDeferredIncomeTaxesAcceleratedAmortizationProperty" ns2:label="ferc_AccumulatedDeferredIncomeTaxesAcceleratedAmortizationProperty" ns2:type="locator" />
        <ns0:presentationArc order="7" preferredLabel="http://ferc.gov/form/2020-01-01/roles/label/F1ComparativeBalanceSheet" ns2:arcrole="http://www.xbrl.org/2003/arcrole/parent-child" ns2:from="ferc_DeferredCreditsAbstract" ns2:to="ferc_AccumulatedDeferredIncomeTaxesAcceleratedAmortizationProperty" ns2:type="arc" />
        <ns0:loc ns2:href="../../ferc-core_2021-01-01.xsd#ferc_AccumulatedDeferredIncomeTaxesOtherProperty" ns2:label="ferc_AccumulatedDeferredIncomeTaxesOtherProperty" ns2:type="locator" />
        <ns0:presentationArc order="8" preferredLabel="http://ferc.gov/form/2020-01-01/roles/label/F1ComparativeBalanceSheet" ns2:arcrole="http://www.xbrl.org/2003/arcrole/parent-child" ns2:from="ferc_DeferredCreditsAbstract" ns2:to="ferc_AccumulatedDeferredIncomeTaxesOtherProperty" ns2:type="arc" />
        <ns0:loc ns2:href="../../ferc-core_2021-01-01.xsd#ferc_AccumulatedDeferredIncomeTaxesOther" ns2:label="ferc_AccumulatedDeferredIncomeTaxesOther" ns2:type="locator" />
        <ns0:presentationArc order="9" preferredLabel="http://ferc.gov/form/2020-01-01/roles/label/F1ComparativeBalanceSheet" ns2:arcrole="http://www.xbrl.org/2003/arcrole/parent-child" ns2:from="ferc_DeferredCreditsAbstract" ns2:to="ferc_AccumulatedDeferredIncomeTaxesOther" ns2:type="arc" />
        <ns0:loc ns2:href="../../ferc-core_2021-01-01.xsd#ferc_DeferredCredits" ns2:label="ferc_DeferredCredits" ns2:type="locator" />
        <ns0:presentationArc order="10" preferredLabel="http://ferc.gov/form/2020-01-01/roles/label/F1Total" ns2:arcrole="http://www.xbrl.org/2003/arcrole/parent-child" ns2:from="ferc_DeferredCreditsAbstract" ns2:to="ferc_DeferredCredits" ns2:type="arc" />
        <ns0:loc ns2:href="../../ferc-core_2021-01-01.xsd#ferc_LiabilitiesAndOtherCredits" ns2:label="ferc_LiabilitiesAndOtherCredits" ns2:type="locator" />
        <ns0:presentationArc order="6" preferredLabel="http://ferc.gov/form/2020-01-01/roles/label/F1Total" ns2:arcrole="http://www.xbrl.org/2003/arcrole/parent-child" ns2:from="ferc_LiabilitiesAndOtherCreditsAbstract" ns2:to="ferc_LiabilitiesAndOtherCredits" ns2:type="arc" />
    </ns0:presentationLink>
</ns0:linkbase>