<ns0:linkbase xmlns:ns0="http://www.xbrl.org/2003/linkbase" xmlns:ns2="http://www.w3.org/1999/xlink" xmlns:xsi="http://www.w3.org/2001/XMLSchema-instance" xsi:schemaLocation="http://www.xbrl.org/2003/linkbase http://www.xbrl.org/2003/xbrl-linkbase-2003-12-31.xsd">
    <ns0:roleRef roleURI="http://ferc.gov/form/2020-01-01/roles/label/F1EndingBalance" ns2:href="../../ferc-core-lab-roles_2021-01-01.xsd#F1EndingBalance" ns2:type="simple" />
    <ns0:roleRef roleURI="http://ferc.gov/form/2020-01-01/roles/label/F1NuclearFuelMaterials" ns2:href="../../ferc-core-lab-roles_2021-01-01.xsd#F1NuclearFuelMaterials" ns2:type="simple" />
    <ns0:roleRef roleURI="http://ferc.gov/form/2020-01-01/roles/label/F1BeginningBalance" ns2:href="../../ferc-core-lab-roles_2021-01-01.xsd#F1BeginningBalance" ns2:type="simple" />
    <ns0:roleRef roleURI="http://ferc.gov/form/2020-01-01/roles/Schedule/F1/ScheduleNuclearFuelMaterials" ns2:href="form-1-sched-NuclearFuelMaterials_2021-01-01.xsd#roleType_ScheduleNuclearFuelMaterials" ns2:type="simple" />
    <ns0:roleRef roleURI="http://ferc.gov/form/2020-01-01/roles/label/F1RollforwardHeader" ns2:href="../../ferc-core-lab-roles_2021-01-01.xsd#F1RollforwardHeader" ns2:type="simple" />
    <ns0:presentationLink ns2:role="http://ferc.gov/form/2020-01-01/roles/Schedule/F1/ScheduleNuclearFuelMaterials" ns2:type="extended">
        <ns0:loc ns2:href="../../ferc-core_2021-01-01.xsd#ferc_ScheduleNuclearFuelMaterialsAbstract" ns2:label="ferc_ScheduleNuclearFuelMaterialsAbstract" ns2:type="locator" />
        <ns0:loc ns2:href="../../ferc-core_2021-01-01.xsd#ferc_NuclearFuelMaterialsTable" ns2:label="ferc_NuclearFuelMaterialsTable" ns2:type="locator" />
        <ns0:presentationArc order="1" ns2:arcrole="http://www.xbrl.org/2003/arcrole/parent-child" ns2:from="ferc_ScheduleNuclearFuelMaterialsAbstract" ns2:to="ferc_NuclearFuelMaterialsTable" ns2:type="arc" />
        <ns0:loc ns2:href="../../ferc-core_2021-01-01.xsd#ferc_NuclearFuelMaterialsLineItems" ns2:label="ferc_NuclearFuelMaterialsLineItems" ns2:type="locator" />
        <ns0:presentationArc order="1" ns2:arcrole="http://www.xbrl.org/2003/arcrole/parent-child" ns2:from="ferc_NuclearFuelMaterialsTable" ns2:to="ferc_NuclearFuelMaterialsLineItems" ns2:type="arc" />
        <ns0:loc ns2:href="../../ferc-core_2021-01-01.xsd#ferc_NuclearFuelInProcessOfRefinementConversionEnrichmentAndFabricationAbstract" ns2:label="ferc_NuclearFuelInProcessOfRefinementConversionEnrichmentAndFabricationAbstract" ns2:type="locator" />
        <ns0:presentationArc order="1" preferredLabel="http://ferc.gov/form/2020-01-01/roles/label/F1NuclearFuelMaterials" ns2:arcrole="http://www.xbrl.org/2003/arcrole/parent-child" ns2:from="ferc_NuclearFuelMaterialsLineItems" ns2:to="ferc_NuclearFuelInProcessOfRefinementConversionEnrichmentAndFabricationAbstract" ns2:type="arc" />
        <ns0:loc ns2:href="../../ferc-core_2021-01-01.xsd#ferc_FabricationAbstract" ns2:label="ferc_FabricationAbstract" ns2:type="locator" />
        <ns0:presentationArc order="1" preferredLabel="http://ferc.gov/form/2020-01-01/roles/label/F1RollforwardHeader" ns2:arcrole="http://www.xbrl.org/2003/arcrole/parent-child" ns2:from="ferc_NuclearFuelInProcessOfRefinementConversionEnrichmentAndFabricationAbstract" ns2:to="ferc_FabricationAbstract" ns2:type="arc" />
        <ns0:loc ns2:href="../../ferc-core_2021-01-01.xsd#ferc_FabricationCostsNuclearFuelInProcessOfRefinementConversionEnrichmentAndFabrication" ns2:label="ferc_FabricationCostsNuclearFuelInProcessOfRefinementConversionEnrichmentAndFabrication" ns2:type="locator" />
        <ns0:presentationArc order="1" preferredLabel="http://ferc.gov/form/2020-01-01/roles/label/F1BeginningBalance" ns2:arcrole="http://www.xbrl.org/2003/arcrole/parent-child" ns2:from="ferc_FabricationAbstract" ns2:to="ferc_FabricationCostsNuclearFuelInProcessOfRefinementConversionEnrichmentAndFabrication" ns2:type="arc" />
        <ns0:loc ns2:href="../../ferc-core_2021-01-01.xsd#ferc_FabricationCostsNuclearFuelInProcessOfRefinementConversionEnrichmentAndFabricationAdditions" ns2:label="ferc_FabricationCostsNuclearFuelInProcessOfRefinementConversionEnrichmentAndFabricationAdditions" ns2:type="locator" />
        <ns0:presentationArc order="2" preferredLabel="http://ferc.gov/form/2020-01-01/roles/label/F1NuclearFuelMaterials" ns2:arcrole="http://www.xbrl.org/2003/arcrole/parent-child" ns2:from="ferc_FabricationAbstract" ns2:to="ferc_FabricationCostsNuclearFuelInProcessOfRefinementConversionEnrichmentAndFabricationAdditions" ns2:type="arc" />
        <ns0:loc ns2:href="../../ferc-core_2021-01-01.xsd#ferc_FabricationCostsNuclearFuelInProcessOfRefinementConversionEnrichmentAndFabricationOtherReductions" ns2:label="ferc_FabricationCostsNuclearFuelInProcessOfRefinementConversionEnrichmentAndFabricationOtherReductions" ns2:type="locator" />
        <ns0:presentationArc order="3" preferredLabel="http://ferc.gov/form/2020-01-01/roles/label/F1NuclearFuelMaterials" ns2:arcrole="http://www.xbrl.org/2003/arcrole/parent-child" ns2:from="ferc_FabricationAbstract" ns2:to="ferc_FabricationCostsNuclearFuelInProcessOfRefinementConversionEnrichmentAndFabricationOtherReductions" ns2:type="arc" />
        <ns0:loc ns2:href="../../ferc-core_2021-01-01.xsd#ferc_FabricationCostsNuclearFuelInProcessOfRefinementConversionEnrichmentAndFabrication" ns2:label="ferc_FabricationCostsNuclearFuelInProcessOfRefinementConversionEnrichmentAndFabrication_1" ns2:type="locator" />
        <ns0:presentationArc order="4" preferredLabel="http://ferc.gov/form/2020-01-01/roles/label/F1EndingBalance" ns2:arcrole="http://www.xbrl.org/2003/arcrole/parent-child" ns2:from="ferc_FabricationAbstract" ns2:to="ferc_FabricationCostsNuclearFuelInProcessOfRefinementConversionEnrichmentAndFabrication_1" ns2:type="arc" />
        <ns0:loc ns2:href="../../ferc-core_2021-01-01.xsd#ferc_NuclearMaterialsAbstract" ns2:label="ferc_NuclearMaterialsAbstract" ns2:type="locator" />
        <ns0:presentationArc order="2" preferredLabel="http://ferc.gov/form/2020-01-01/roles/label/F1RollforwardHeader" ns2:arcrole="http://www.xbrl.org/2003/arcrole/parent-child" ns2:from="ferc_NuclearFuelInProcessOfRefinementConversionEnrichmentAndFabricationAbstract" ns2:to="ferc_NuclearMaterialsAbstract" ns2:type="arc" />
        <ns0:loc ns2:href="../../ferc-core_2021-01-01.xsd#ferc_NuclearMaterialsNuclearFuelInProcessOfRefinementConversionEnrichmentAndFabrication" ns2:label="ferc_NuclearMaterialsNuclearFuelInProcessOfRefinementConversionEnrichmentAndFabrication" ns2:type="locator" />
        <ns0:presentationArc order="1" preferredLabel="http://ferc.gov/form/2020-01-01/roles/label/F1BeginningBalance" ns2:arcrole="http://www.xbrl.org/2003/arcrole/parent-child" ns2:from="ferc_NuclearMaterialsAbstract" ns2:to="ferc_NuclearMaterialsNuclearFuelInProcessOfRefinementConversionEnrichmentAndFabrication" ns2:type="arc" />
        <ns0:loc ns2:href="../../ferc-core_2021-01-01.xsd#ferc_NuclearMaterialsNuclearFuelInProcessOfRefinementConversionEnrichmentAndFabricationAdditions" ns2:label="ferc_NuclearMaterialsNuclearFuelInProcessOfRefinementConversionEnrichmentAndFabricationAdditions" ns2:type="locator" />
        <ns0:presentationArc order="2" preferredLabel="http://ferc.gov/form/2020-01-01/roles/label/F1NuclearFuelMaterials" ns2:arcrole="http://www.xbrl.org/2003/arcrole/parent-child" ns2:from="ferc_NuclearMaterialsAbstract" ns2:to="ferc_NuclearMaterialsNuclearFuelInProcessOfRefinementConversionEnrichmentAndFabricationAdditions" ns2:type="arc" />
        <ns0:loc ns2:href="../../ferc-core_2021-01-01.xsd#ferc_NuclearMaterialsNuclearFuelInProcessOfRefinementConversionEnrichmentAndFabricationOtherReductions" ns2:label="ferc_NuclearMaterialsNuclearFuelInProcessOfRefinementConversionEnrichmentAndFabricationOtherReductions" ns2:type="locator" />
        <ns0:presentationArc order="3" preferredLabel="http://ferc.gov/form/2020-01-01/roles/label/F1NuclearFuelMaterials" ns2:arcrole="http://www.xbrl.org/2003/arcrole/parent-child" ns2:from="ferc_NuclearMaterialsAbstract" ns2:to="ferc_NuclearMaterialsNuclearFuelInProcessOfRefinementConversionEnrichmentAndFabricationOtherReductions" ns2:type="arc" />
        <ns0:loc ns2:href="../../ferc-core_2021-01-01.xsd#ferc_NuclearMaterialsNuclearFuelInProcessOfRefinementConversionEnrichmentAndFabrication" ns2:label="ferc_NuclearMaterialsNuclearFuelInProcessOfRefinementConversionEnrichmentAndFabrication_1" ns2:type="locator" />
        <ns0:presentationArc order="4" preferredLabel="http://ferc.gov/form/2020-01-01/roles/label/F1EndingBalance" ns2:arcrole="http://www.xbrl.org/2003/arcrole/parent-child" ns2:from="ferc_NuclearMaterialsAbstract" ns2:to="ferc_NuclearMaterialsNuclearFuelInProcessOfRefinementConversionEnrichmentAndFabrication_1" ns2:type="arc" />
        <ns0:loc ns2:href="../../ferc-core_2021-01-01.xsd#ferc_AllowanceForFundsUsedDuringConstructionAbstract" ns2:label="ferc_AllowanceForFundsUsedDuringConstructionAbstract" ns2:type="locator" />
        <ns0:presentationArc order="3" preferredLabel="http://ferc.gov/form/2020-01-01/roles/label/F1RollforwardHeader" ns2:arcrole="http://www.xbrl.org/2003/arcrole/parent-child" ns2:from="ferc_NuclearFuelInProcessOfRefinementConversionEnrichmentAndFabricationAbstract" ns2:to="ferc_AllowanceForFundsUsedDuringConstructionAbstract" ns2:type="arc" />
        <ns0:loc ns2:href="../../ferc-core_2021-01-01.xsd#ferc_AllowanceForFundsConstructionNuclearFuelInProcessOfRefinementConversionEnrichmentAndFabrication" ns2:label="ferc_AllowanceForFundsConstructionNuclearFuelInProcessOfRefinementConversionEnrichmentAndFabrication" ns2:type="locator" />
        <ns0:presentationArc order="1" preferredLabel="http://ferc.gov/form/2020-01-01/roles/label/F1BeginningBalance" ns2:arcrole="http://www.xbrl.org/2003/arcrole/parent-child" ns2:from="ferc_AllowanceForFundsUsedDuringConstructionAbstract" ns2:to="ferc_AllowanceForFundsConstructionNuclearFuelInProcessOfRefinementConversionEnrichmentAndFabrication" ns2:type="arc" />
        <ns0:loc ns2:href="../../ferc-core_2021-01-01.xsd#ferc_AllowanceForFundsConstructionNuclearFuelInProcessOfRefinementConversionEnrichmentAndFabricationAdditions" ns2:label="ferc_AllowanceForFundsConstructionNuclearFuelInProcessOfRefinementConversionEnrichmentAndFabricationAdditions" ns2:type="locator" />
        <ns0:presentationArc order="2" preferredLabel="http://ferc.gov/form/2020-01-01/roles/label/F1NuclearFuelMaterials" ns2:arcrole="http://www.xbrl.org/2003/arcrole/parent-child" ns2:from="ferc_AllowanceForFundsUsedDuringConstructionAbstract" ns2:to="ferc_AllowanceForFundsConstructionNuclearFuelInProcessOfRefinementConversionEnrichmentAndFabricationAdditions" ns2:type="arc" />
        <ns0:loc ns2:href="../../ferc-core_2021-01-01.xsd#ferc_AllowanceForFundsConstructionNuclearFuelInProcessOfRefinementConversionEnrichmentAndFabricationOtherReductions" ns2:label="ferc_AllowanceForFundsConstructionNuclearFuelInProcessOfRefinementConversionEnrichmentAndFabricationOtherReductions" ns2:type="locator" />
        <ns0:presentationArc order="3" preferredLabel="http://ferc.gov/form/2020-01-01/roles/label/F1NuclearFuelMaterials" ns2:arcrole="http://www.xbrl.org/2003/arcrole/parent-child" ns2:from="ferc_AllowanceForFundsUsedDuringConstructionAbstract" ns2:to="ferc_AllowanceForFundsConstructionNuclearFuelInProcessOfRefinementConversionEnrichmentAndFabricationOtherReductions" ns2:type="arc" />
        <ns0:loc ns2:href="../../ferc-core_2021-01-01.xsd#ferc_AllowanceForFundsConstructionNuclearFuelInProcessOfRefinementConversionEnrichmentAndFabrication" ns2:label="ferc_AllowanceForFundsConstructionNuclearFuelInProcessOfRefinementConversionEnrichmentAndFabrication_1" ns2:type="locator" />
        <ns0:presentationArc order="4" preferredLabel="http://ferc.gov/form/2020-01-01/roles/label/F1EndingBalance" ns2:arcrole="http://www.xbrl.org/2003/arcrole/parent-child" ns2:from="ferc_AllowanceForFundsUsedDuringConstructionAbstract" ns2:to="ferc_AllowanceForFundsConstructionNuclearFuelInProcessOfRefinementConversionEnrichmentAndFabrication_1" ns2:type="arc" />
        <ns0:loc ns2:href="../../ferc-core_2021-01-01.xsd#ferc_OtherOverheadConstructionCostsAbstract" ns2:label="ferc_OtherOverheadConstructionCostsAbstract" ns2:type="locator" />
        <ns0:presentationArc order="4" preferredLabel="http://ferc.gov/form/2020-01-01/roles/label/F1RollforwardHeader" ns2:arcrole="http://www.xbrl.org/2003/arcrole/parent-child" ns2:from="ferc_NuclearFuelInProcessOfRefinementConversionEnrichmentAndFabricationAbstract" ns2:to="ferc_OtherOverheadConstructionCostsAbstract" ns2:type="arc" />
        <ns0:loc ns2:href="../../ferc-core_2021-01-01.xsd#ferc_OtherOverheadConstructionCostsNuclearFuelInProcessOfRefinementConversionEnrichmentAndFabrication" ns2:label="ferc_OtherOverheadConstructionCostsNuclearFuelInProcessOfRefinementConversionEnrichmentAndFabrication" ns2:type="locator" />
        <ns0:presentationArc order="1" preferredLabel="http://ferc.gov/form/2020-01-01/roles/label/F1BeginningBalance" ns2:arcrole="http://www.xbrl.org/2003/arcrole/parent-child" ns2:from="ferc_OtherOverheadConstructionCostsAbstract" ns2:to="ferc_OtherOverheadConstructionCostsNuclearFuelInProcessOfRefinementConversionEnrichmentAndFabrication" ns2:type="arc" />
        <ns0:loc ns2:href="../../ferc-core_2021-01-01.xsd#ferc_OtherOverheadConstructionCostsNuclearFuelInProcessOfRefinementConversionEnrichmentAndFabricationAdditions" ns2:label="ferc_OtherOverheadConstructionCostsNuclearFuelInProcessOfRefinementConversionEnrichmentAndFabricationAdditions" ns2:type="locator" />
        <ns0:presentationArc order="2" preferredLabel="http://ferc.gov/form/2020-01-01/roles/label/F1NuclearFuelMaterials" ns2:arcrole="http://www.xbrl.org/2003/arcrole/parent-child" ns2:from="ferc_OtherOverheadConstructionCostsAbstract" ns2:to="ferc_OtherOverheadConstructionCostsNuclearFuelInProcessOfRefinementConversionEnrichmentAndFabricationAdditions" ns2:type="arc" />
        <ns0:loc ns2:href="../../ferc-core_2021-01-01.xsd#ferc_OtherOverheadConstructionCostsNuclearFuelInProcessOfRefinementConversionEnrichmentAndFabricationOtherReductions" ns2:label="ferc_OtherOverheadConstructionCostsNuclearFuelInProcessOfRefinementConversionEnrichmentAndFabricationOtherReductions" ns2:type="locator" />
        <ns0:presentationArc order="3" preferredLabel="http://ferc.gov/form/2020-01-01/roles/label/F1NuclearFuelMaterials" ns2:arcrole="http://www.xbrl.org/2003/arcrole/parent-child" ns2:from="ferc_OtherOverheadConstructionCostsAbstract" ns2:to="ferc_OtherOverheadConstructionCostsNuclearFuelInProcessOfRefinementConversionEnrichmentAndFabricationOtherReductions" ns2:type="arc" />
        <ns0:loc ns2:href="../../ferc-core_2021-01-01.xsd#ferc_OtherOverheadConstructionCostsNuclearFuelInProcessOfRefinementConversionEnrichmentAndFabrication" ns2:label="ferc_OtherOverheadConstructionCostsNuclearFuelInProcessOfRefinementConversionEnrichmentAndFabrication_1" ns2:type="locator" />
        <ns0:presentationArc order="4" preferredLabel="http://ferc.gov/form/2020-01-01/roles/label/F1EndingBalance" ns2:arcrole="http://www.xbrl.org/2003/arcrole/parent-child" ns2:from="ferc_OtherOverheadConstructionCostsAbstract" ns2:to="ferc_OtherOverheadConstructionCostsNuclearFuelInProcessOfRefinementConversionEnrichmentAndFabrication_1" ns2:type="arc" />
        <ns0:loc ns2:href="../../ferc-core_2021-01-01.xsd#ferc_NuclearFuelInProcessOfRefinementConversionEnrichmentAndFabricationRollforwardAbstract" ns2:label="ferc_NuclearFuelInProcessOfRefinementConversionEnrichmentAndFabricationRollforwardAbstract" ns2:type="locator" />
        <ns0:presentationArc order="5" preferredLabel="http://ferc.gov/form/2020-01-01/roles/label/F1RollforwardHeader" ns2:arcrole="http://www.xbrl.org/2003/arcrole/parent-child" ns2:from="ferc_NuclearFuelInProcessOfRefinementConversionEnrichmentAndFabricationAbstract" ns2:to="ferc_NuclearFuelInProcessOfRefinementConversionEnrichmentAndFabricationRollforwardAbstract" ns2:type="arc" />
        <ns0:loc ns2:href="../../ferc-core_2021-01-01.xsd#ferc_NuclearFuelInProcessOfRefinementConversionEnrichmentAndFabrication" ns2:label="ferc_NuclearFuelInProcessOfRefinementConversionEnrichmentAndFabrication" ns2:type="locator" />
        <ns0:presentationArc order="1" preferredLabel="http://ferc.gov/form/2020-01-01/roles/label/F1BeginningBalance" ns2:arcrole="http://www.xbrl.org/2003/arcrole/parent-child" ns2:from="ferc_NuclearFuelInProcessOfRefinementConversionEnrichmentAndFabricationRollforwardAbstract" ns2:to="ferc_NuclearFuelInProcessOfRefinementConversionEnrichmentAndFabrication" ns2:type="arc" />
        <ns0:loc ns2:href="../../ferc-core_2021-01-01.xsd#ferc_NuclearFuelInProcessOfRefinementConversionEnrichmentAndFabricationAdditions" ns2:label="ferc_NuclearFuelInProcessOfRefinementConversionEnrichmentAndFabricationAdditions" ns2:type="locator" />
        <ns0:presentationArc order="2" preferredLabel="http://ferc.gov/form/2020-01-01/roles/label/F1NuclearFuelMaterials" ns2:arcrole="http://www.xbrl.org/2003/arcrole/parent-child" ns2:from="ferc_NuclearFuelInProcessOfRefinementConversionEnrichmentAndFabricationRollforwardAbstract" ns2:to="ferc_NuclearFuelInProcessOfRefinementConversionEnrichmentAndFabricationAdditions" ns2:type="arc" />
        <ns0:loc ns2:href="../../ferc-core_2021-01-01.xsd#ferc_NuclearFuelInProcessOfRefinementConversionEnrichmentAndFabricationOtherReductions" ns2:label="ferc_NuclearFuelInProcessOfRefinementConversionEnrichmentAndFabricationOtherReductions" ns2:type="locator" />
        <ns0:presentationArc order="3" preferredLabel="http://ferc.gov/form/2020-01-01/roles/label/F1NuclearFuelMaterials" ns2:arcrole="http://www.xbrl.org/2003/arcrole/parent-child" ns2:from="ferc_NuclearFuelInProcessOfRefinementConversionEnrichmentAndFabricationRollforwardAbstract" ns2:to="ferc_NuclearFuelInProcessOfRefinementConversionEnrichmentAndFabricationOtherReductions" ns2:type="arc" />
        <ns0:loc ns2:href="../../ferc-core_2021-01-01.xsd#ferc_NuclearFuelInProcessOfRefinementConversionEnrichmentAndFabrication" ns2:label="ferc_NuclearFuelInProcessOfRefinementConversionEnrichmentAndFabrication_1" ns2:type="locator" />
        <ns0:presentationArc order="4" preferredLabel="http://ferc.gov/form/2020-01-01/roles/label/F1EndingBalance" ns2:arcrole="http://www.xbrl.org/2003/arcrole/parent-child" ns2:from="ferc_NuclearFuelInProcessOfRefinementConversionEnrichmentAndFabricationRollforwardAbstract" ns2:to="ferc_NuclearFuelInProcessOfRefinementConversionEnrichmentAndFabrication_1" ns2:type="arc" />
        <ns0:loc ns2:href="../../ferc-core_2021-01-01.xsd#ferc_NuclearFuelMaterialsAndAssembliesAbstract" ns2:label="ferc_NuclearFuelMaterialsAndAssembliesAbstract" ns2:type="locator" />
        <ns0:presentationArc order="2" preferredLabel="http://ferc.gov/form/2020-01-01/roles/label/F1NuclearFuelMaterials" ns2:arcrole="http://www.xbrl.org/2003/arcrole/parent-child" ns2:from="ferc_NuclearFuelMaterialsLineItems" ns2:to="ferc_NuclearFuelMaterialsAndAssembliesAbstract" ns2:type="arc" />
        <ns0:loc ns2:href="../../ferc-core_2021-01-01.xsd#ferc_NuclearFuelMaterialsAndAssembliesInStockAbstract" ns2:label="ferc_NuclearFuelMaterialsAndAssembliesInStockAbstract" ns2:type="locator" />
        <ns0:presentationArc order="1" preferredLabel="http://ferc.gov/form/2020-01-01/roles/label/F1RollforwardHeader" ns2:arcrole="http://www.xbrl.org/2003/arcrole/parent-child" ns2:from="ferc_NuclearFuelMaterialsAndAssembliesAbstract" ns2:to="ferc_NuclearFuelMaterialsAndAssembliesInStockAbstract" ns2:type="arc" />
        <ns0:loc ns2:href="../../ferc-core_2021-01-01.xsd#ferc_NuclearFuelMaterialsAndAssembliesInStock" ns2:label="ferc_NuclearFuelMaterialsAndAssembliesInStock" ns2:type="locator" />
        <ns0:presentationArc order="1" preferredLabel="http://ferc.gov/form/2020-01-01/roles/label/F1BeginningBalance" ns2:arcrole="http://www.xbrl.org/2003/arcrole/parent-child" ns2:from="ferc_NuclearFuelMaterialsAndAssembliesInStockAbstract" ns2:to="ferc_NuclearFuelMaterialsAndAssembliesInStock" ns2:type="arc" />
        <ns0:loc ns2:href="../../ferc-core_2021-01-01.xsd#ferc_NuclearFuelMaterialsAndAssembliesInStockAdditions" ns2:label="ferc_NuclearFuelMaterialsAndAssembliesInStockAdditions" ns2:type="locator" />
        <ns0:presentationArc order="2" preferredLabel="http://ferc.gov/form/2020-01-01/roles/label/F1NuclearFuelMaterials" ns2:arcrole="http://www.xbrl.org/2003/arcrole/parent-child" ns2:from="ferc_NuclearFuelMaterialsAndAssembliesInStockAbstract" ns2:to="ferc_NuclearFuelMaterialsAndAssembliesInStockAdditions" ns2:type="arc" />
        <ns0:loc ns2:href="../../ferc-core_2021-01-01.xsd#ferc_NuclearFuelMaterialsAndAssembliesInStockAmortization" ns2:label="ferc_NuclearFuelMaterialsAndAssembliesInStockAmortization" ns2:type="locator" />
        <ns0:presentationArc order="3" preferredLabel="http://ferc.gov/form/2020-01-01/roles/label/F1NuclearFuelMaterials" ns2:arcrole="http://www.xbrl.org/2003/arcrole/parent-child" ns2:from="ferc_NuclearFuelMaterialsAndAssembliesInStockAbstract" ns2:to="ferc_NuclearFuelMaterialsAndAssembliesInStockAmortization" ns2:type="arc" />
        <ns0:loc ns2:href="../../ferc-core_2021-01-01.xsd#ferc_NuclearFuelMaterialsAndAssembliesInStockOtherReductions" ns2:label="ferc_NuclearFuelMaterialsAndAssembliesInStockOtherReductions" ns2:type="locator" />
        <ns0:presentationArc order="4" preferredLabel="http://ferc.gov/form/2020-01-01/roles/label/F1NuclearFuelMaterials" ns2:arcrole="http://www.xbrl.org/2003/arcrole/parent-child" ns2:from="ferc_NuclearFuelMaterialsAndAssembliesInStockAbstract" ns2:to="ferc_NuclearFuelMaterialsAndAssembliesInStockOtherReductions" ns2:type="arc" />
        <ns0:loc ns2:href="../../ferc-core_2021-01-01.xsd#ferc_NuclearFuelMaterialsAndAssembliesInStock" ns2:label="ferc_NuclearFuelMaterialsAndAssembliesInStock_1" ns2:type="locator" />
        <ns0:presentationArc order="5" preferredLabel="http://ferc.gov/form/2020-01-01/roles/label/F1EndingBalance" ns2:arcrole="http://www.xbrl.org/2003/arcrole/parent-child" ns2:from="ferc_NuclearFuelMaterialsAndAssembliesInStockAbstract" ns2:to="ferc_NuclearFuelMaterialsAndAssembliesInStock_1" ns2:type="arc" />
        <ns0:loc ns2:href="../../ferc-core_2021-01-01.xsd#ferc_NuclearFuelMaterialsAndAssembliesInReactorAbstract" ns2:label="ferc_NuclearFuelMaterialsAndAssembliesInReactorAbstract" ns2:type="locator" />
        <ns0:presentationArc order="2" preferredLabel="http://ferc.gov/form/2020-01-01/roles/label/F1RollforwardHeader" ns2:arcrole="http://www.xbrl.org/2003/arcrole/parent-child" ns2:from="ferc_NuclearFuelMaterialsAndAssembliesAbstract" ns2:to="ferc_NuclearFuelMaterialsAndAssembliesInReactorAbstract" ns2:type="arc" />
        <ns0:loc ns2:href="../../ferc-core_2021-01-01.xsd#ferc_NuclearFuelAssembliesInReactor" ns2:label="ferc_NuclearFuelAssembliesInReactor" ns2:type="locator" />
        <ns0:presentationArc order="1" preferredLabel="http://ferc.gov/form/2020-01-01/roles/label/F1BeginningBalance" ns2:arcrole="http://www.xbrl.org/2003/arcrole/parent-child" ns2:from="ferc_NuclearFuelMaterialsAndAssembliesInReactorAbstract" ns2:to="ferc_NuclearFuelAssembliesInReactor" ns2:type="arc" />
        <ns0:loc ns2:href="../../ferc-core_2021-01-01.xsd#ferc_NuclearFuelAssembliesInReactorAdditions" ns2:label="ferc_NuclearFuelAssembliesInReactorAdditions" ns2:type="locator" />
        <ns0:presentationArc order="2" preferredLabel="http://ferc.gov/form/2020-01-01/roles/label/F1NuclearFuelMaterials" ns2:arcrole="http://www.xbrl.org/2003/arcrole/parent-child" ns2:from="ferc_NuclearFuelMaterialsAndAssembliesInReactorAbstract" ns2:to="ferc_NuclearFuelAssembliesInReactorAdditions" ns2:type="arc" />
        <ns0:loc ns2:href="../../ferc-core_2021-01-01.xsd#ferc_NuclearFuelAssembliesInReactorAmortization" ns2:label="ferc_NuclearFuelAssembliesInReactorAmortization" ns2:type="locator" />
        <ns0:presentationArc order="3" preferredLabel="http://ferc.gov/form/2020-01-01/roles/label/F1NuclearFuelMaterials" ns2:arcrole="http://www.xbrl.org/2003/arcrole/parent-child" ns2:from="ferc_NuclearFuelMaterialsAndAssembliesInReactorAbstract" ns2:to="ferc_NuclearFuelAssembliesInReactorAmortization" ns2:type="arc" />
        <ns0:loc ns2:href="../../ferc-core_2021-01-01.xsd#ferc_NuclearFuelAssembliesInReactorOtherReductions" ns2:label="ferc_NuclearFuelAssembliesInReactorOtherReductions" ns2:type="locator" />
        <ns0:presentationArc order="4" preferredLabel="http://ferc.gov/form/2020-01-01/roles/label/F1NuclearFuelMaterials" ns2:arcrole="http://www.xbrl.org/2003/arcrole/parent-child" ns2:from="ferc_NuclearFuelMaterialsAndAssembliesInReactorAbstract" ns2:to="ferc_NuclearFuelAssembliesInReactorOtherReductions" ns2:type="arc" />
        <ns0:loc ns2:href="../../ferc-core_2021-01-01.xsd#ferc_NuclearFuelAssembliesInReactor" ns2:label="ferc_NuclearFuelAssembliesInReactor_1" ns2:type="locator" />
        <ns0:presentationArc order="5" preferredLabel="http://ferc.gov/form/2020-01-01/roles/label/F1EndingBalance" ns2:arcrole="http://www.xbrl.org/2003/arcrole/parent-child" ns2:from="ferc_NuclearFuelMaterialsAndAssembliesInReactorAbstract" ns2:to="ferc_NuclearFuelAssembliesInReactor_1" ns2:type="arc" />
        <ns0:loc ns2:href="../../ferc-core_2021-01-01.xsd#ferc_NuclearFuelMaterialsAndAssembliesRollforwardAbstract" ns2:label="ferc_NuclearFuelMaterialsAndAssembliesRollforwardAbstract" ns2:type="locator" />
        <ns0:presentationArc order="3" preferredLabel="http://ferc.gov/form/2020-01-01/roles/label/F1RollforwardHeader" ns2:arcrole="http://www.xbrl.org/2003/arcrole/parent-child" ns2:from="ferc_NuclearFuelMaterialsAndAssembliesAbstract" ns2:to="ferc_NuclearFuelMaterialsAndAssembliesRollforwardAbstract" ns2:type="arc" />
        <ns0:loc ns2:href="../../ferc-core_2021-01-01.xsd#ferc_NuclearFuelMaterialsAndAssemblies" ns2:label="ferc_NuclearFuelMaterialsAndAssemblies" ns2:type="locator" />
        <ns0:presentationArc order="1" preferredLabel="http://ferc.gov/form/2020-01-01/roles/label/F1BeginningBalance" ns2:arcrole="http://www.xbrl.org/2003/arcrole/parent-child" ns2:from="ferc_NuclearFuelMaterialsAndAssembliesRollforwardAbstract" ns2:to="ferc_NuclearFuelMaterialsAndAssemblies" ns2:type="arc" />
        <ns0:loc ns2:href="../../ferc-core_2021-01-01.xsd#ferc_NuclearFuelMaterialsAndAssembliesAdditions" ns2:label="ferc_NuclearFuelMaterialsAndAssembliesAdditions" ns2:type="locator" />
        <ns0:presentationArc order="2" preferredLabel="http://ferc.gov/form/2020-01-01/roles/label/F1NuclearFuelMaterials" ns2:arcrole="http://www.xbrl.org/2003/arcrole/parent-child" ns2:from="ferc_NuclearFuelMaterialsAndAssembliesRollforwardAbstract" ns2:to="ferc_NuclearFuelMaterialsAndAssembliesAdditions" ns2:type="arc" />
        <ns0:loc ns2:href="../../ferc-core_2021-01-01.xsd#ferc_NuclearFuelMaterialsAndAssembliesAmortization" ns2:label="ferc_NuclearFuelMaterialsAndAssembliesAmortization" ns2:type="locator" />
        <ns0:presentationArc order="3" preferredLabel="http://ferc.gov/form/2020-01-01/roles/label/F1NuclearFuelMaterials" ns2:arcrole="http://www.xbrl.org/2003/arcrole/parent-child" ns2:from="ferc_NuclearFuelMaterialsAndAssembliesRollforwardAbstract" ns2:to="ferc_NuclearFuelMaterialsAndAssembliesAmortization" ns2:type="arc" />
        <ns0:loc ns2:href="../../ferc-core_2021-01-01.xsd#ferc_NuclearFuelMaterialsAndAssembliesOtherReductions" ns2:label="ferc_NuclearFuelMaterialsAndAssembliesOtherReductions" ns2:type="locator" />
        <ns0:presentationArc order="4" preferredLabel="http://ferc.gov/form/2020-01-01/roles/label/F1NuclearFuelMaterials" ns2:arcrole="http://www.xbrl.org/2003/arcrole/parent-child" ns2:from="ferc_NuclearFuelMaterialsAndAssembliesRollforwardAbstract" ns2:to="ferc_NuclearFuelMaterialsAndAssembliesOtherReductions" ns2:type="arc" />
        <ns0:loc ns2:href="../../ferc-core_2021-01-01.xsd#ferc_NuclearFuelMaterialsAndAssemblies" ns2:label="ferc_NuclearFuelMaterialsAndAssemblies_1" ns2:type="locator" />
        <ns0:presentationArc order="5" preferredLabel="http://ferc.gov/form/2020-01-01/roles/label/F1EndingBalance" ns2:arcrole="http://www.xbrl.org/2003/arcrole/parent-child" ns2:from="ferc_NuclearFuelMaterialsAndAssembliesRollforwardAbstract" ns2:to="ferc_NuclearFuelMaterialsAndAssemblies_1" ns2:type="arc" />
        <ns0:loc ns2:href="../../ferc-core_2021-01-01.xsd#ferc_SpentNuclearFuelAbstract" ns2:label="ferc_SpentNuclearFuelAbstract" ns2:type="locator" />
        <ns0:presentationArc order="4" preferredLabel="http://ferc.gov/form/2020-01-01/roles/label/F1RollforwardHeader" ns2:arcrole="http://www.xbrl.org/2003/arcrole/parent-child" ns2:from="ferc_NuclearFuelMaterialsAndAssembliesAbstract" ns2:to="ferc_SpentNuclearFuelAbstract" ns2:type="arc" />
        <ns0:loc ns2:href="../../ferc-core_2021-01-01.xsd#ferc_SpentNuclearFuel" ns2:label="ferc_SpentNuclearFuel" ns2:type="locator" />
        <ns0:presentationArc order="1" preferredLabel="http://ferc.gov/form/2020-01-01/roles/label/F1BeginningBalance" ns2:arcrole="http://www.xbrl.org/2003/arcrole/parent-child" ns2:from="ferc_SpentNuclearFuelAbstract" ns2:to="ferc_SpentNuclearFuel" ns2:type="arc" />
        <ns0:loc ns2:href="../../ferc-core_2021-01-01.xsd#ferc_SpentNuclearFuelAdditions" ns2:label="ferc_SpentNuclearFuelAdditions" ns2:type="locator" />
        <ns0:presentationArc order="2" preferredLabel="http://ferc.gov/form/2020-01-01/roles/label/F1NuclearFuelMaterials" ns2:arcrole="http://www.xbrl.org/2003/arcrole/parent-child" ns2:from="ferc_SpentNuclearFuelAbstract" ns2:to="ferc_SpentNuclearFuelAdditions" ns2:type="arc" />
        <ns0:loc ns2:href="../../ferc-core_2021-01-01.xsd#ferc_SpentNuclearFuelAmortization" ns2:label="ferc_SpentNuclearFuelAmortization" ns2:type="locator" />
        <ns0:presentationArc order="3" preferredLabel="http://ferc.gov/form/2020-01-01/roles/label/F1NuclearFuelMaterials" ns2:arcrole="http://www.xbrl.org/2003/arcrole/parent-child" ns2:from="ferc_SpentNuclearFuelAbstract" ns2:to="ferc_SpentNuclearFuelAmortization" ns2:type="arc" />
        <ns0:loc ns2:href="../../ferc-core_2021-01-01.xsd#ferc_SpentNuclearFuelOtherReductions" ns2:label="ferc_SpentNuclearFuelOtherReductions" ns2:type="locator" />
        <ns0:presentationArc order="4" preferredLabel="http://ferc.gov/form/2020-01-01/roles/label/F1NuclearFuelMaterials" ns2:arcrole="http://www.xbrl.org/2003/arcrole/parent-child" ns2:from="ferc_SpentNuclearFuelAbstract" ns2:to="ferc_SpentNuclearFuelOtherReductions" ns2:type="arc" />
        <ns0:loc ns2:href="../../ferc-core_2021-01-01.xsd#ferc_SpentNuclearFuel" ns2:label="ferc_SpentNuclearFuel_1" ns2:type="locator" />
        <ns0:presentationArc order="5" preferredLabel="http://ferc.gov/form/2020-01-01/roles/label/F1EndingBalance" ns2:arcrole="http://www.xbrl.org/2003/arcrole/parent-child" ns2:from="ferc_SpentNuclearFuelAbstract" ns2:to="ferc_SpentNuclearFuel_1" ns2:type="arc" />
        <ns0:loc ns2:href="../../ferc-core_2021-01-01.xsd#ferc_NuclearFuelUnderCapitalLeasesAbstract" ns2:label="ferc_NuclearFuelUnderCapitalLeasesAbstract" ns2:type="locator" />
        <ns0:presentationArc order="5" preferredLabel="http://ferc.gov/form/2020-01-01/roles/label/F1RollforwardHeader" ns2:arcrole="http://www.xbrl.org/2003/arcrole/parent-child" ns2:from="ferc_NuclearFuelMaterialsAndAssembliesAbstract" ns2:to="ferc_NuclearFuelUnderCapitalLeasesAbstract" ns2:type="arc" />
        <ns0:loc ns2:href="../../ferc-core_2021-01-01.xsd#ferc_NuclearFuelUnderCapitalLeases" ns2:label="ferc_NuclearFuelUnderCapitalLeases" ns2:type="locator" />
        <ns0:presentationArc order="1" preferredLabel="http://ferc.gov/form/2020-01-01/roles/label/F1BeginningBalance" ns2:arcrole="http://www.xbrl.org/2003/arcrole/parent-child" ns2:from="ferc_NuclearFuelUnderCapitalLeasesAbstract" ns2:to="ferc_NuclearFuelUnderCapitalLeases" ns2:type="arc" />
        <ns0:loc ns2:href="../../ferc-core_2021-01-01.xsd#ferc_NuclearFuelUnderCapitalLeasesAdditions" ns2:label="ferc_NuclearFuelUnderCapitalLeasesAdditions" ns2:type="locator" />
        <ns0:presentationArc order="2" preferredLabel="http://ferc.gov/form/2020-01-01/roles/label/F1NuclearFuelMaterials" ns2:arcrole="http://www.xbrl.org/2003/arcrole/parent-child" ns2:from="ferc_NuclearFuelUnderCapitalLeasesAbstract" ns2:to="ferc_NuclearFuelUnderCapitalLeasesAdditions" ns2:type="arc" />
        <ns0:loc ns2:href="../../ferc-core_2021-01-01.xsd#ferc_NuclearFuelUnderCapitalLeasesAmortization" ns2:label="ferc_NuclearFuelUnderCapitalLeasesAmortization" ns2:type="locator" />
        <ns0:presentationArc order="3" preferredLabel="http://ferc.gov/form/2020-01-01/roles/label/F1NuclearFuelMaterials" ns2:arcrole="http://www.xbrl.org/2003/arcrole/parent-child" ns2:from="ferc_NuclearFuelUnderCapitalLeasesAbstract" ns2:to="ferc_NuclearFuelUnderCapitalLeasesAmortization" ns2:type="arc" />
        <ns0:loc ns2:href="../../ferc-core_2021-01-01.xsd#ferc_NuclearFuelUnderCapitalLeasesOtherReductions" ns2:label="ferc_NuclearFuelUnderCapitalLeasesOtherReductions" ns2:type="locator" />
        <ns0:presentationArc order="4" preferredLabel="http://ferc.gov/form/2020-01-01/roles/label/F1NuclearFuelMaterials" ns2:arcrole="http://www.xbrl.org/2003/arcrole/parent-child" ns2:from="ferc_NuclearFuelUnderCapitalLeasesAbstract" ns2:to="ferc_NuclearFuelUnderCapitalLeasesOtherReductions" ns2:type="arc" />
        <ns0:loc ns2:href="../../ferc-core_2021-01-01.xsd#ferc_NuclearFuelUnderCapitalLeases" ns2:label="ferc_NuclearFuelUnderCapitalLeases_1" ns2:type="locator" />
        <ns0:presentationArc order="5" preferredLabel="http://ferc.gov/form/2020-01-01/roles/label/F1EndingBalance" ns2:arcrole="http://www.xbrl.org/2003/arcrole/parent-child" ns2:from="ferc_NuclearFuelUnderCapitalLeasesAbstract" ns2:to="ferc_NuclearFuelUnderCapitalLeases_1" ns2:type="arc" />
        <ns0:loc ns2:href="../../ferc-core_2021-01-01.xsd#ferc_AccumulatedProvisionForAmortizationOfNuclearFuelAssemblyAbstract" ns2:label="ferc_AccumulatedProvisionForAmortizationOfNuclearFuelAssemblyAbstract" ns2:type="locator" />
        <ns0:presentationArc order="6" preferredLabel="http://ferc.gov/form/2020-01-01/roles/label/F1RollforwardHeader" ns2:arcrole="http://www.xbrl.org/2003/arcrole/parent-child" ns2:from="ferc_NuclearFuelMaterialsAndAssembliesAbstract" ns2:to="ferc_AccumulatedProvisionForAmortizationOfNuclearFuelAssemblyAbstract" ns2:type="arc" />
        <ns0:loc ns2:href="../../ferc-core_2021-01-01.xsd#ferc_AccumulatedProvisionForAmortizationOfNuclearFuelAssemblies" ns2:label="ferc_AccumulatedProvisionForAmortizationOfNuclearFuelAssemblies" ns2:type="locator" />
        <ns0:presentationArc order="1" preferredLabel="http://ferc.gov/form/2020-01-01/roles/label/F1BeginningBalance" ns2:arcrole="http://www.xbrl.org/2003/arcrole/parent-child" ns2:from="ferc_AccumulatedProvisionForAmortizationOfNuclearFuelAssemblyAbstract" ns2:to="ferc_AccumulatedProvisionForAmortizationOfNuclearFuelAssemblies" ns2:type="arc" />
        <ns0:loc ns2:href="../../ferc-core_2021-01-01.xsd#ferc_AccumulatedProvisionForAmortizationOfNuclearFuelAssembliesAdditions" ns2:label="ferc_AccumulatedProvisionForAmortizationOfNuclearFuelAssembliesAdditions" ns2:type="locator" />
        <ns0:presentationArc order="2" preferredLabel="http://ferc.gov/form/2020-01-01/roles/label/F1NuclearFuelMaterials" ns2:arcrole="http://www.xbrl.org/2003/arcrole/parent-child" ns2:from="ferc_AccumulatedProvisionForAmortizationOfNuclearFuelAssemblyAbstract" ns2:to="ferc_AccumulatedProvisionForAmortizationOfNuclearFuelAssembliesAdditions" ns2:type="arc" />
        <ns0:loc ns2:href="../../ferc-core_2021-01-01.xsd#ferc_AccumulatedProvisionForAmortizationOfNuclearFuelAssembliesAmortization" ns2:label="ferc_AccumulatedProvisionForAmortizationOfNuclearFuelAssembliesAmortization" ns2:type="locator" />
        <ns0:presentationArc order="3" preferredLabel="http://ferc.gov/form/2020-01-01/roles/label/F1NuclearFuelMaterials" ns2:arcrole="http://www.xbrl.org/2003/arcrole/parent-child" ns2:from="ferc_AccumulatedProvisionForAmortizationOfNuclearFuelAssemblyAbstract" ns2:to="ferc_AccumulatedProvisionForAmortizationOfNuclearFuelAssembliesAmortization" ns2:type="arc" />
        <ns0:loc ns2:href="../../ferc-core_2021-01-01.xsd#ferc_AccumulatedProvisionForAmortizationOfNuclearFuelAssembliesOtherReductions" ns2:label="ferc_AccumulatedProvisionForAmortizationOfNuclearFuelAssembliesOtherReductions" ns2:type="locator" />
        <ns0:presentationArc order="4" preferredLabel="http://ferc.gov/form/2020-01-01/roles/label/F1NuclearFuelMaterials" ns2:arcrole="http://www.xbrl.org/2003/arcrole/parent-child" ns2:from="ferc_AccumulatedProvisionForAmortizationOfNuclearFuelAssemblyAbstract" ns2:to="ferc_AccumulatedProvisionForAmortizationOfNuclearFuelAssembliesOtherReductions" ns2:type="arc" />
        <ns0:loc ns2:href="../../ferc-core_2021-01-01.xsd#ferc_AccumulatedProvisionForAmortizationOfNuclearFuelAssemblies" ns2:label="ferc_AccumulatedProvisionForAmortizationOfNuclearFuelAssemblies_1" ns2:type="locator" />
        <ns0:presentationArc order="5" preferredLabel="http://ferc.gov/form/2020-01-01/roles/label/F1EndingBalance" ns2:arcrole="http://www.xbrl.org/2003/arcrole/parent-child" ns2:from="ferc_AccumulatedProvisionForAmortizationOfNuclearFuelAssemblyAbstract" ns2:to="ferc_AccumulatedProvisionForAmortizationOfNuclearFuelAssemblies_1" ns2:type="arc" />
        <ns0:loc ns2:href="../../ferc-core_2021-01-01.xsd#ferc_NuclearFuelStockAbstract" ns2:label="ferc_NuclearFuelStockAbstract" ns2:type="locator" />
        <ns0:presentationArc order="7" preferredLabel="http://ferc.gov/form/2020-01-01/roles/label/F1RollforwardHeader" ns2:arcrole="http://www.xbrl.org/2003/arcrole/parent-child" ns2:from="ferc_NuclearFuelMaterialsAndAssembliesAbstract" ns2:to="ferc_NuclearFuelStockAbstract" ns2:type="arc" />
        <ns0:loc ns2:href="../../ferc-core_2021-01-01.xsd#ferc_NuclearFuelNet" ns2:label="ferc_NuclearFuelNet" ns2:type="locator" />
        <ns0:presentationArc order="1" preferredLabel="http://ferc.gov/form/2020-01-01/roles/label/F1BeginningBalance" ns2:arcrole="http://www.xbrl.org/2003/arcrole/parent-child" ns2:from="ferc_NuclearFuelStockAbstract" ns2:to="ferc_NuclearFuelNet" ns2:type="arc" />
        <ns0:loc ns2:href="../../ferc-core_2021-01-01.xsd#ferc_NuclearFuelNetAdditions" ns2:label="ferc_NuclearFuelNetAdditions" ns2:type="locator" />
        <ns0:presentationArc order="2" preferredLabel="http://ferc.gov/form/2020-01-01/roles/label/F1NuclearFuelMaterials" ns2:arcrole="http://www.xbrl.org/2003/arcrole/parent-child" ns2:from="ferc_NuclearFuelStockAbstract" ns2:to="ferc_NuclearFuelNetAdditions" ns2:type="arc" />
        <ns0:loc ns2:href="../../ferc-core_2021-01-01.xsd#ferc_NuclearFuelNetAmortization" ns2:label="ferc_NuclearFuelNetAmortization" ns2:type="locator" />
        <ns0:presentationArc order="3" preferredLabel="http://ferc.gov/form/2020-01-01/roles/label/F1NuclearFuelMaterials" ns2:arcrole="http://www.xbrl.org/2003/arcrole/parent-child" ns2:from="ferc_NuclearFuelStockAbstract" ns2:to="ferc_NuclearFuelNetAmortization" ns2:type="arc" />
        <ns0:loc ns2:href="../../ferc-core_2021-01-01.xsd#ferc_NuclearFuelNetOtherReductions" ns2:label="ferc_NuclearFuelNetOtherReductions" ns2:type="locator" />
        <ns0:presentationArc order="4" preferredLabel="http://ferc.gov/form/2020-01-01/roles/label/F1NuclearFuelMaterials" ns2:arcrole="http://www.xbrl.org/2003/arcrole/parent-child" ns2:from="ferc_NuclearFuelStockAbstract" ns2:to="ferc_NuclearFuelNetOtherReductions" ns2:type="arc" />
        <ns0:loc ns2:href="../../ferc-core_2021-01-01.xsd#ferc_NuclearFuelNet" ns2:label="ferc_NuclearFuelNet_1" ns2:type="locator" />
        <ns0:presentationArc order="5" preferredLabel="http://ferc.gov/form/2020-01-01/roles/label/F1EndingBalance" ns2:arcrole="http://www.xbrl.org/2003/arcrole/parent-child" ns2:from="ferc_NuclearFuelStockAbstract" ns2:to="ferc_NuclearFuelNet_1" ns2:type="arc" />
        <ns0:loc ns2:href="../../ferc-core_2021-01-01.xsd#ferc_EstimatedNetSalvageValueOfNuclearMaterialsInReactorAbstract" ns2:label="ferc_EstimatedNetSalvageValueOfNuclearMaterialsInReactorAbstract" ns2:type="locator" />
        <ns0:presentationArc order="8" preferredLabel="http://ferc.gov/form/2020-01-01/roles/label/F1RollforwardHeader" ns2:arcrole="http://www.xbrl.org/2003/arcrole/parent-child" ns2:from="ferc_NuclearFuelMaterialsAndAssembliesAbstract" ns2:to="ferc_EstimatedNetSalvageValueOfNuclearMaterialsInReactorAbstract" ns2:type="arc" />
        <ns0:loc ns2:href="../../ferc-core_2021-01-01.xsd#ferc_EstimatedNetSalvageValueOfNuclearMaterialsNuclearFuelAssembliesInReactor" ns2:label="ferc_EstimatedNetSalvageValueOfNuclearMaterialsNuclearFuelAssembliesInReactor" ns2:type="locator" />
        <ns0:presentationArc order="1" preferredLabel="http://ferc.gov/form/2020-01-01/roles/label/F1BeginningBalance" ns2:arcrole="http://www.xbrl.org/2003/arcrole/parent-child" ns2:from="ferc_EstimatedNetSalvageValueOfNuclearMaterialsInReactorAbstract" ns2:to="ferc_EstimatedNetSalvageValueOfNuclearMaterialsNuclearFuelAssembliesInReactor" ns2:type="arc" />
        <ns0:loc ns2:href="../../ferc-core_2021-01-01.xsd#ferc_EstimatedNetSalvageValueOfNuclearMaterialsNuclearFuelAssembliesInReactor" ns2:label="ferc_EstimatedNetSalvageValueOfNuclearMaterialsNuclearFuelAssembliesInReactor_1" ns2:type="locator" />
        <ns0:presentationArc order="2" preferredLabel="http://ferc.gov/form/2020-01-01/roles/label/F1EndingBalance" ns2:arcrole="http://www.xbrl.org/2003/arcrole/parent-child" ns2:from="ferc_EstimatedNetSalvageValueOfNuclearMaterialsInReactorAbstract" ns2:to="ferc_EstimatedNetSalvageValueOfNuclearMaterialsNuclearFuelAssembliesInReactor_1" ns2:type="arc" />
        <ns0:loc ns2:href="../../ferc-core_2021-01-01.xsd#ferc_EstimatedNetSalvageValueOfNuclearMaterialsSpentNuclearFuelAbstract" ns2:label="ferc_EstimatedNetSalvageValueOfNuclearMaterialsSpentNuclearFuelAbstract" ns2:type="locator" />
        <ns0:presentationArc order="9" preferredLabel="http://ferc.gov/form/2020-01-01/roles/label/F1RollforwardHeader" ns2:arcrole="http://www.xbrl.org/2003/arcrole/parent-child" ns2:from="ferc_NuclearFuelMaterialsAndAssembliesAbstract" ns2:to="ferc_EstimatedNetSalvageValueOfNuclearMaterialsSpentNuclearFuelAbstract" ns2:type="arc" />
        <ns0:loc ns2:href="../../ferc-core_2021-01-01.xsd#ferc_EstimatedNetSalvageValueOfNuclearFuelMaterialsSpentNuclearFuel" ns2:label="ferc_EstimatedNetSalvageValueOfNuclearFuelMaterialsSpentNuclearFuel" ns2:type="locator" />
        <ns0:presentationArc order="1" preferredLabel="http://ferc.gov/form/2020-01-01/roles/label/F1BeginningBalance" ns2:arcrole="http://www.xbrl.org/2003/arcrole/parent-child" ns2:from="ferc_EstimatedNetSalvageValueOfNuclearMaterialsSpentNuclearFuelAbstract" ns2:to="ferc_EstimatedNetSalvageValueOfNuclearFuelMaterialsSpentNuclearFuel" ns2:type="arc" />
        <ns0:loc ns2:href="../../ferc-core_2021-01-01.xsd#ferc_EstimatedNetSalvageValueOfNuclearFuelMaterialsSpentNuclearFuel" ns2:label="ferc_EstimatedNetSalvageValueOfNuclearFuelMaterialsSpentNuclearFuel_1" ns2:type="locator" />
        <ns0:presentationArc order="2" preferredLabel="http://ferc.gov/form/2020-01-01/roles/label/F1EndingBalance" ns2:arcrole="http://www.xbrl.org/2003/arcrole/parent-child" ns2:from="ferc_EstimatedNetSalvageValueOfNuclearMaterialsSpentNuclearFuelAbstract" ns2:to="ferc_EstimatedNetSalvageValueOfNuclearFuelMaterialsSpentNuclearFuel_1" ns2:type="arc" />
        <ns0:loc ns2:href="../../ferc-core_2021-01-01.xsd#ferc_EstimatedNetSalvageValueOfNuclearMaterialsChemicalProcessingAbstract" ns2:label="ferc_EstimatedNetSalvageValueOfNuclearMaterialsChemicalProcessingAbstract" ns2:type="locator" />
        <ns0:presentationArc order="10" preferredLabel="http://ferc.gov/form/2020-01-01/roles/label/F1RollforwardHeader" ns2:arcrole="http://www.xbrl.org/2003/arcrole/parent-child" ns2:from="ferc_NuclearFuelMaterialsAndAssembliesAbstract" ns2:to="ferc_EstimatedNetSalvageValueOfNuclearMaterialsChemicalProcessingAbstract" ns2:type="arc" />
        <ns0:loc ns2:href="../../ferc-core_2021-01-01.xsd#ferc_EstimatedNetSalvageValueOfNuclearMaterialsInChemicalProcessing" ns2:label="ferc_EstimatedNetSalvageValueOfNuclearMaterialsInChemicalProcessing" ns2:type="locator" />
        <ns0:presentationArc order="1" preferredLabel="http://ferc.gov/form/2020-01-01/roles/label/F1BeginningBalance" ns2:arcrole="http://www.xbrl.org/2003/arcrole/parent-child" ns2:from="ferc_EstimatedNetSalvageValueOfNuclearMaterialsChemicalProcessingAbstract" ns2:to="ferc_EstimatedNetSalvageValueOfNuclearMaterialsInChemicalProcessing" ns2:type="arc" />
        <ns0:loc ns2:href="../../ferc-core_2021-01-01.xsd#ferc_EstimatedNetSalvageValueOfNuclearMaterialsInChemicalProcessing" ns2:label="ferc_EstimatedNetSalvageValueOfNuclearMaterialsInChemicalProcessing_1" ns2:type="locator" />
        <ns0:presentationArc order="2" preferredLabel="http://ferc.gov/form/2020-01-01/roles/label/F1EndingBalance" ns2:arcrole="http://www.xbrl.org/2003/arcrole/parent-child" ns2:from="ferc_EstimatedNetSalvageValueOfNuclearMaterialsChemicalProcessingAbstract" ns2:to="ferc_EstimatedNetSalvageValueOfNuclearMaterialsInChemicalProcessing_1" ns2:type="arc" />
        <ns0:loc ns2:href="../../ferc-core_2021-01-01.xsd#ferc_NuclearMaterialsHeldForSaleAbstract" ns2:label="ferc_NuclearMaterialsHeldForSaleAbstract" ns2:type="locator" />
        <ns0:presentationArc order="3" preferredLabel="http://ferc.gov/form/2020-01-01/roles/label/F1NuclearFuelMaterials" ns2:arcrole="http://www.xbrl.org/2003/arcrole/parent-child" ns2:from="ferc_NuclearFuelMaterialsLineItems" ns2:to="ferc_NuclearMaterialsHeldForSaleAbstract" ns2:type="arc" />
        <ns0:loc ns2:href="../../ferc-core_2021-01-01.xsd#ferc_NuclearMaterialsUraniumHeldForSaleAbstract" ns2:label="ferc_NuclearMaterialsUraniumHeldForSaleAbstract" ns2:type="locator" />
        <ns0:presentationArc order="1" preferredLabel="http://ferc.gov/form/2020-01-01/roles/label/F1RollforwardHeader" ns2:arcrole="http://www.xbrl.org/2003/arcrole/parent-child" ns2:from="ferc_NuclearMaterialsHeldForSaleAbstract" ns2:to="ferc_NuclearMaterialsUraniumHeldForSaleAbstract" ns2:type="arc" />
        <ns0:loc ns2:href="../../ferc-core_2021-01-01.xsd#ferc_NuclearMaterialsHeldForSaleUranium" ns2:label="ferc_NuclearMaterialsHeldForSaleUranium" ns2:type="locator" />
        <ns0:presentationArc order="1" preferredLabel="http://ferc.gov/form/2020-01-01/roles/label/F1BeginningBalance" ns2:arcrole="http://www.xbrl.org/2003/arcrole/parent-child" ns2:from="ferc_NuclearMaterialsUraniumHeldForSaleAbstract" ns2:to="ferc_NuclearMaterialsHeldForSaleUranium" ns2:type="arc" />
        <ns0:loc ns2:href="../../ferc-core_2021-01-01.xsd#ferc_NuclearMaterialsHeldForSaleUraniumAdditions" ns2:label="ferc_NuclearMaterialsHeldForSaleUraniumAdditions" ns2:type="locator" />
        <ns0:presentationArc order="2" preferredLabel="http://ferc.gov/form/2020-01-01/roles/label/F1NuclearFuelMaterials" ns2:arcrole="http://www.xbrl.org/2003/arcrole/parent-child" ns2:from="ferc_NuclearMaterialsUraniumHeldForSaleAbstract" ns2:to="ferc_NuclearMaterialsHeldForSaleUraniumAdditions" ns2:type="arc" />
        <ns0:loc ns2:href="../../ferc-core_2021-01-01.xsd#ferc_NuclearMaterialsHeldForSaleUraniumAmortization" ns2:label="ferc_NuclearMaterialsHeldForSaleUraniumAmortization" ns2:type="locator" />
        <ns0:presentationArc order="3" preferredLabel="http://ferc.gov/form/2020-01-01/roles/label/F1NuclearFuelMaterials" ns2:arcrole="http://www.xbrl.org/2003/arcrole/parent-child" ns2:from="ferc_NuclearMaterialsUraniumHeldForSaleAbstract" ns2:to="ferc_NuclearMaterialsHeldForSaleUraniumAmortization" ns2:type="arc" />
        <ns0:loc ns2:href="../../ferc-core_2021-01-01.xsd#ferc_NuclearMaterialsHeldForSaleUraniumOtherReductions" ns2:label="ferc_NuclearMaterialsHeldForSaleUraniumOtherReductions" ns2:type="locator" />
        <ns0:presentationArc order="4" preferredLabel="http://ferc.gov/form/2020-01-01/roles/label/F1NuclearFuelMaterials" ns2:arcrole="http://www.xbrl.org/2003/arcrole/parent-child" ns2:from="ferc_NuclearMaterialsUraniumHeldForSaleAbstract" ns2:to="ferc_NuclearMaterialsHeldForSaleUraniumOtherReductions" ns2:type="arc" />
        <ns0:loc ns2:href="../../ferc-core_2021-01-01.xsd#ferc_NuclearMaterialsHeldForSaleUranium" ns2:label="ferc_NuclearMaterialsHeldForSaleUranium_1" ns2:type="locator" />
        <ns0:presentationArc order="5" preferredLabel="http://ferc.gov/form/2020-01-01/roles/label/F1EndingBalance" ns2:arcrole="http://www.xbrl.org/2003/arcrole/parent-child" ns2:from="ferc_NuclearMaterialsUraniumHeldForSaleAbstract" ns2:to="ferc_NuclearMaterialsHeldForSaleUranium_1" ns2:type="arc" />
        <ns0:loc ns2:href="../../ferc-core_2021-01-01.xsd#ferc_NuclearMaterialsPlutoniumHeldForSaleAbstract" ns2:label="ferc_NuclearMaterialsPlutoniumHeldForSaleAbstract" ns2:type="locator" />
        <ns0:presentationArc order="2" preferredLabel="http://ferc.gov/form/2020-01-01/roles/label/F1RollforwardHeader" ns2:arcrole="http://www.xbrl.org/2003/arcrole/parent-child" ns2:from="ferc_NuclearMaterialsHeldForSaleAbstract" ns2:to="ferc_NuclearMaterialsPlutoniumHeldForSaleAbstract" ns2:type="arc" />
        <ns0:loc ns2:href="../../ferc-core_2021-01-01.xsd#ferc_NuclearMaterialsHeldForSalePlutonium" ns2:label="ferc_NuclearMaterialsHeldForSalePlutonium" ns2:type="locator" />
        <ns0:presentationArc order="1" preferredLabel="http://ferc.gov/form/2020-01-01/roles/label/F1BeginningBalance" ns2:arcrole="http://www.xbrl.org/2003/arcrole/parent-child" ns2:from="ferc_NuclearMaterialsPlutoniumHeldForSaleAbstract" ns2:to="ferc_NuclearMaterialsHeldForSalePlutonium" ns2:type="arc" />
        <ns0:loc ns2:href="../../ferc-core_2021-01-01.xsd#ferc_NuclearMaterialsHeldForSalePlutoniumAdditions" ns2:label="ferc_NuclearMaterialsHeldForSalePlutoniumAdditions" ns2:type="locator" />
        <ns0:presentationArc order="2" preferredLabel="http://ferc.gov/form/2020-01-01/roles/label/F1NuclearFuelMaterials" ns2:arcrole="http://www.xbrl.org/2003/arcrole/parent-child" ns2:from="ferc_NuclearMaterialsPlutoniumHeldForSaleAbstract" ns2:to="ferc_NuclearMaterialsHeldForSalePlutoniumAdditions" ns2:type="arc" />
        <ns0:loc ns2:href="../../ferc-core_2021-01-01.xsd#ferc_NuclearMaterialsHeldForSalePlutoniumAmortization" ns2:label="ferc_NuclearMaterialsHeldForSalePlutoniumAmortization" ns2:type="locator" />
        <ns0:presentationArc order="3" preferredLabel="http://ferc.gov/form/2020-01-01/roles/label/F1NuclearFuelMaterials" ns2:arcrole="http://www.xbrl.org/2003/arcrole/parent-child" ns2:from="ferc_NuclearMaterialsPlutoniumHeldForSaleAbstract" ns2:to="ferc_NuclearMaterialsHeldForSalePlutoniumAmortization" ns2:type="arc" />
        <ns0:loc ns2:href="../../ferc-core_2021-01-01.xsd#ferc_NuclearMaterialsHeldForSalePlutoniumOtherReductions" ns2:label="ferc_NuclearMaterialsHeldForSalePlutoniumOtherReductions" ns2:type="locator" />
        <ns0:presentationArc order="4" preferredLabel="http://ferc.gov/form/2020-01-01/roles/label/F1NuclearFuelMaterials" ns2:arcrole="http://www.xbrl.org/2003/arcrole/parent-child" ns2:from="ferc_NuclearMaterialsPlutoniumHeldForSaleAbstract" ns2:to="ferc_NuclearMaterialsHeldForSalePlutoniumOtherReductions" ns2:type="arc" />
        <ns0:loc ns2:href="../../ferc-core_2021-01-01.xsd#ferc_NuclearMaterialsHeldForSalePlutonium" ns2:label="ferc_NuclearMaterialsHeldForSalePlutonium_1" ns2:type="locator" />
        <ns0:presentationArc order="5" preferredLabel="http://ferc.gov/form/2020-01-01/roles/label/F1EndingBalance" ns2:arcrole="http://www.xbrl.org/2003/arcrole/parent-child" ns2:from="ferc_NuclearMaterialsPlutoniumHeldForSaleAbstract" ns2:to="ferc_NuclearMaterialsHeldForSalePlutonium_1" ns2:type="arc" />
        <ns0:loc ns2:href="../../ferc-core_2021-01-01.xsd#ferc_NuclearMaterialsOtherHeldForSaleAbstract" ns2:label="ferc_NuclearMaterialsOtherHeldForSaleAbstract" ns2:type="locator" />
        <ns0:presentationArc order="3" preferredLabel="http://ferc.gov/form/2020-01-01/roles/label/F1RollforwardHeader" ns2:arcrole="http://www.xbrl.org/2003/arcrole/parent-child" ns2:from="ferc_NuclearMaterialsHeldForSaleAbstract" ns2:to="ferc_NuclearMaterialsOtherHeldForSaleAbstract" ns2:type="arc" />
        <ns0:loc ns2:href="../../ferc-core_2021-01-01.xsd#ferc_NuclearMaterialsHeldForSaleOther" ns2:label="ferc_NuclearMaterialsHeldForSaleOther" ns2:type="locator" />
        <ns0:presentationArc order="1" preferredLabel="http://ferc.gov/form/2020-01-01/roles/label/F1BeginningBalance" ns2:arcrole="http://www.xbrl.org/2003/arcrole/parent-child" ns2:from="ferc_NuclearMaterialsOtherHeldForSaleAbstract" ns2:to="ferc_NuclearMaterialsHeldForSaleOther" ns2:type="arc" />
        <ns0:loc ns2:href="../../ferc-core_2021-01-01.xsd#ferc_NuclearMaterialsHeldForSaleOtherAdditions" ns2:label="ferc_NuclearMaterialsHeldForSaleOtherAdditions" ns2:type="locator" />
        <ns0:presentationArc order="2" preferredLabel="http://ferc.gov/form/2020-01-01/roles/label/F1NuclearFuelMaterials" ns2:arcrole="http://www.xbrl.org/2003/arcrole/parent-child" ns2:from="ferc_NuclearMaterialsOtherHeldForSaleAbstract" ns2:to="ferc_NuclearMaterialsHeldForSaleOtherAdditions" ns2:type="arc" />
        <ns0:loc ns2:href="../../ferc-core_2021-01-01.xsd#ferc_NuclearMaterialsHeldForSaleOtherAmortization" ns2:label="ferc_NuclearMaterialsHeldForSaleOtherAmortization" ns2:type="locator" />
        <ns0:presentationArc order="3" preferredLabel="http://ferc.gov/form/2020-01-01/roles/label/F1NuclearFuelMaterials" ns2:arcrole="http://www.xbrl.org/2003/arcrole/parent-child" ns2:from="ferc_NuclearMaterialsOtherHeldForSaleAbstract" ns2:to="ferc_NuclearMaterialsHeldForSaleOtherAmortization" ns2:type="arc" />
        <ns0:loc ns2:href="../../ferc-core_2021-01-01.xsd#ferc_NuclearMaterialsHeldForSaleOtherOtherReductions" ns2:label="ferc_NuclearMaterialsHeldForSaleOtherOtherReductions" ns2:type="locator" />
        <ns0:presentationArc order="4" preferredLabel="http://ferc.gov/form/2020-01-01/roles/label/F1NuclearFuelMaterials" ns2:arcrole="http://www.xbrl.org/2003/arcrole/parent-child" ns2:from="ferc_NuclearMaterialsOtherHeldForSaleAbstract" ns2:to="ferc_NuclearMaterialsHeldForSaleOtherOtherReductions" ns2:type="arc" />
        <ns0:loc ns2:href="../../ferc-core_2021-01-01.xsd#ferc_NuclearMaterialsHeldForSaleOther" ns2:label="ferc_NuclearMaterialsHeldForSaleOther_1" ns2:type="locator" />
        <ns0:presentationArc order="5" preferredLabel="http://ferc.gov/form/2020-01-01/roles/label/F1EndingBalance" ns2:arcrole="http://www.xbrl.org/2003/arcrole/parent-child" ns2:from="ferc_NuclearMaterialsOtherHeldForSaleAbstract" ns2:to="ferc_NuclearMaterialsHeldForSaleOther_1" ns2:type="arc" />
        <ns0:loc ns2:href="../../ferc-core_2021-01-01.xsd#ferc_NuclearMaterialsHeldForSaleRollforwardAbstract" ns2:label="ferc_NuclearMaterialsHeldForSaleRollforwardAbstract" ns2:type="locator" />
        <ns0:presentationArc order="4" preferredLabel="http://ferc.gov/form/2020-01-01/roles/label/F1RollforwardHeader" ns2:arcrole="http://www.xbrl.org/2003/arcrole/parent-child" ns2:from="ferc_NuclearMaterialsHeldForSaleAbstract" ns2:to="ferc_NuclearMaterialsHeldForSaleRollforwardAbstract" ns2:type="arc" />
        <ns0:loc ns2:href="../../ferc-core_2021-01-01.xsd#ferc_NuclearMaterialsHeldForSale" ns2:label="ferc_NuclearMaterialsHeldForSale" ns2:type="locator" />
        <ns0:presentationArc order="1" preferredLabel="http://ferc.gov/form/2020-01-01/roles/label/F1BeginningBalance" ns2:arcrole="http://www.xbrl.org/2003/arcrole/parent-child" ns2:from="ferc_NuclearMaterialsHeldForSaleRollforwardAbstract" ns2:to="ferc_NuclearMaterialsHeldForSale" ns2:type="arc" />
        <ns0:loc ns2:href="../../ferc-core_2021-01-01.xsd#ferc_NuclearMaterialsHeldForSaleAdditions" ns2:label="ferc_NuclearMaterialsHeldForSaleAdditions" ns2:type="locator" />
        <ns0:presentationArc order="2" preferredLabel="http://ferc.gov/form/2020-01-01/roles/label/F1NuclearFuelMaterials" ns2:arcrole="http://www.xbrl.org/2003/arcrole/parent-child" ns2:from="ferc_NuclearMaterialsHeldForSaleRollforwardAbstract" ns2:to="ferc_NuclearMaterialsHeldForSaleAdditions" ns2:type="arc" />
        <ns0:loc ns2:href="../../ferc-core_2021-01-01.xsd#ferc_NuclearMaterialsHeldForSaleAmortization" ns2:label="ferc_NuclearMaterialsHeldForSaleAmortization" ns2:type="locator" />
        <ns0:presentationArc order="3" preferredLabel="http://ferc.gov/form/2020-01-01/roles/label/F1NuclearFuelMaterials" ns2:arcrole="http://www.xbrl.org/2003/arcrole/parent-child" ns2:from="ferc_NuclearMaterialsHeldForSaleRollforwardAbstract" ns2:to="ferc_NuclearMaterialsHeldForSaleAmortization" ns2:type="arc" />
        <ns0:loc ns2:href="../../ferc-core_2021-01-01.xsd#ferc_NuclearMaterialsHeldForSaleOtherReductions" ns2:label="ferc_NuclearMaterialsHeldForSaleOtherReductions" ns2:type="locator" />
        <ns0:presentationArc order="4" preferredLabel="http://ferc.gov/form/2020-01-01/roles/label/F1NuclearFuelMaterials" ns2:arcrole="http://www.xbrl.org/2003/arcrole/parent-child" ns2:from="ferc_NuclearMaterialsHeldForSaleRollforwardAbstract" ns2:to="ferc_NuclearMaterialsHeldForSaleOtherReductions" ns2:type="arc" />
        <ns0:loc ns2:href="../../ferc-core_2021-01-01.xsd#ferc_NuclearMaterialsHeldForSale" ns2:label="ferc_NuclearMaterialsHeldForSale_1" ns2:type="locator" />
        <ns0:presentationArc order="5" preferredLabel="http://ferc.gov/form/2020-01-01/roles/label/F1EndingBalance" ns2:arcrole="http://www.xbrl.org/2003/arcrole/parent-child" ns2:from="ferc_NuclearMaterialsHeldForSaleRollforwardAbstract" ns2:to="ferc_NuclearMaterialsHeldForSale_1" ns2:type="arc" />
    </ns0:presentationLink>
</ns0:linkbase>