<ns0:linkbase xmlns:ns0="http://www.xbrl.org/2003/linkbase" xmlns:ns2="http://www.w3.org/1999/xlink" xmlns:ns3="http://xbrl.org/2005/xbrldt" xmlns:xsi="http://www.w3.org/2001/XMLSchema-instance" xsi:schemaLocation="http://www.xbrl.org/2003/linkbase http://www.xbrl.org/2003/xbrl-linkbase-2003-12-31.xsd">
    <ns0:roleRef roleURI="http://ferc.gov/form/2020-01-01/roles/Schedule/F1/ScheduleSalesForResale" ns2:href="form-1-sched-SalesForResale_2021-01-01.xsd#roleType_ScheduleSalesForResale" ns2:type="simple" />
    <ns0:arcroleRef arcroleURI="http://xbrl.org/int/dim/arcrole/dimension-domain" ns2:href="http://www.xbrl.org/2005/xbrldt-2005.xsd#dimension-domain" ns2:type="simple" />
    <ns0:roleRef roleURI="http://ferc.gov/form/2020-01-01/roles/Schedule/F1/ScheduleSalesForResaleTotal" ns2:href="form-1-sched-SalesForResale_2021-01-01.xsd#roleType_ScheduleSalesForResaleTotal" ns2:type="simple" />
    <ns0:arcroleRef arcroleURI="http://xbrl.org/int/dim/arcrole/dimension-default" ns2:href="http://www.xbrl.org/2005/xbrldt-2005.xsd#dimension-default" ns2:type="simple" />
    <ns0:arcroleRef arcroleURI="http://xbrl.org/int/dim/arcrole/hypercube-dimension" ns2:href="http://www.xbrl.org/2005/xbrldt-2005.xsd#hypercube-dimension" ns2:type="simple" />
    <ns0:arcroleRef arcroleURI="http://xbrl.org/int/dim/arcrole/all" ns2:href="http://www.xbrl.org/2005/xbrldt-2005.xsd#all" ns2:type="simple" />
    <ns0:arcroleRef arcroleURI="http://xbrl.org/int/dim/arcrole/domain-member" ns2:href="http://www.xbrl.org/2005/xbrldt-2005.xsd#domain-member" ns2:type="simple" />
    <ns0:definitionLink ns2:role="http://ferc.gov/form/2020-01-01/roles/Schedule/F1/ScheduleSalesForResale" ns2:type="extended">
        <ns0:loc ns2:href="../../ferc-core_2021-01-01.xsd#ferc_ScheduleSalesForResaleAbstract" ns2:label="ferc_ScheduleSalesForResaleAbstract" ns2:type="locator" />
        <ns0:loc ns2:href="../../ferc-core_2021-01-01.xsd#ferc_SalesForResaleLineItems" ns2:label="ferc_SalesForResaleLineItems" ns2:type="locator" />
        <ns0:definitionArc order="1" ns2:arcrole="http://xbrl.org/int/dim/arcrole/domain-member" ns2:from="ferc_ScheduleSalesForResaleAbstract" ns2:to="ferc_SalesForResaleLineItems" ns2:type="arc" />
        <ns0:loc ns2:href="../../ferc-core_2021-01-01.xsd#ferc_SalesForResaleTable" ns2:label="ferc_SalesForResaleTable" ns2:type="locator" />
        <ns0:definitionArc order="1" ns2:arcrole="http://xbrl.org/int/dim/arcrole/all" ns2:from="ferc_SalesForResaleLineItems" ns2:to="ferc_SalesForResaleTable" ns2:type="arc" ns3:closed="true" ns3:contextElement="segment" />
        <ns0:loc ns2:href="../../ferc-core_2021-01-01.xsd#ferc_SalesForResaleAxis" ns2:label="ferc_SalesForResaleAxis" ns2:type="locator" />
        <ns0:definitionArc order="1" ns2:arcrole="http://xbrl.org/int/dim/arcrole/hypercube-dimension" ns2:from="ferc_SalesForResaleTable" ns2:to="ferc_SalesForResaleAxis" ns2:type="arc" />
        <ns0:loc ns2:href="../../ferc-core_2021-01-01.xsd#ferc_OrderNumber" ns2:label="ferc_OrderNumber" ns2:type="locator" />
        <ns0:definitionArc order="2" ns2:arcrole="http://xbrl.org/int/dim/arcrole/domain-member" ns2:from="ferc_SalesForResaleLineItems" ns2:to="ferc_OrderNumber" ns2:type="arc" />
        <ns0:loc ns2:href="../../ferc-core_2021-01-01.xsd#ferc_NameOfCompanyOrPublicAuthorityReceivingElectricityPurchasedForResale" ns2:label="ferc_NameOfCompanyOrPublicAuthorityReceivingElectricityPurchasedForResale" ns2:type="locator" />
        <ns0:definitionArc order="3" ns2:arcrole="http://xbrl.org/int/dim/arcrole/domain-member" ns2:from="ferc_SalesForResaleLineItems" ns2:to="ferc_NameOfCompanyOrPublicAuthorityReceivingElectricityPurchasedForResale" ns2:type="arc" />
        <ns0:loc ns2:href="../../ferc-core_2021-01-01.xsd#ferc_StatisticalClassificationCode" ns2:label="ferc_StatisticalClassificationCode" ns2:type="locator" />
        <ns0:definitionArc order="4" ns2:arcrole="http://xbrl.org/int/dim/arcrole/domain-member" ns2:from="ferc_SalesForResaleLineItems" ns2:to="ferc_StatisticalClassificationCode" ns2:type="arc" />
        <ns0:loc ns2:href="../../ferc-core_2021-01-01.xsd#ferc_RateScheduleTariffNumber" ns2:label="ferc_RateScheduleTariffNumber" ns2:type="locator" />
        <ns0:definitionArc order="5" ns2:arcrole="http://xbrl.org/int/dim/arcrole/domain-member" ns2:from="ferc_SalesForResaleLineItems" ns2:to="ferc_RateScheduleTariffNumber" ns2:type="arc" />
        <ns0:loc ns2:href="../../ferc-core_2021-01-01.xsd#ferc_AverageMonthlyBillingDemand" ns2:label="ferc_AverageMonthlyBillingDemand" ns2:type="locator" />
        <ns0:definitionArc order="6" ns2:arcrole="http://xbrl.org/int/dim/arcrole/domain-member" ns2:from="ferc_SalesForResaleLineItems" ns2:to="ferc_AverageMonthlyBillingDemand" ns2:type="arc" />
        <ns0:loc ns2:href="../../ferc-core_2021-01-01.xsd#ferc_AverageMonthlyNonCoincidentPeakDemand" ns2:label="ferc_AverageMonthlyNonCoincidentPeakDemand" ns2:type="locator" />
        <ns0:definitionArc order="7" ns2:arcrole="http://xbrl.org/int/dim/arcrole/domain-member" ns2:from="ferc_SalesForResaleLineItems" ns2:to="ferc_AverageMonthlyNonCoincidentPeakDemand" ns2:type="arc" />
        <ns0:loc ns2:href="../../ferc-core_2021-01-01.xsd#ferc_AverageMonthlyCoincidentPeakDemand" ns2:label="ferc_AverageMonthlyCoincidentPeakDemand" ns2:type="locator" />
        <ns0:definitionArc order="8" ns2:arcrole="http://xbrl.org/int/dim/arcrole/domain-member" ns2:from="ferc_SalesForResaleLineItems" ns2:to="ferc_AverageMonthlyCoincidentPeakDemand" ns2:type="arc" />
        <ns0:loc ns2:href="../../ferc-core_2021-01-01.xsd#ferc_MegawattHoursSoldSalesForResale" ns2:label="ferc_MegawattHoursSoldSalesForResale" ns2:type="locator" />
        <ns0:definitionArc order="9" ns2:arcrole="http://xbrl.org/int/dim/arcrole/domain-member" ns2:from="ferc_SalesForResaleLineItems" ns2:to="ferc_MegawattHoursSoldSalesForResale" ns2:type="arc" />
        <ns0:loc ns2:href="../../ferc-core_2021-01-01.xsd#ferc_DemandChargesRevenueSalesForResale" ns2:label="ferc_DemandChargesRevenueSalesForResale" ns2:type="locator" />
        <ns0:definitionArc order="10" ns2:arcrole="http://xbrl.org/int/dim/arcrole/domain-member" ns2:from="ferc_SalesForResaleLineItems" ns2:to="ferc_DemandChargesRevenueSalesForResale" ns2:type="arc" />
        <ns0:loc ns2:href="../../ferc-core_2021-01-01.xsd#ferc_EnergyChargesRevenueSalesForResale" ns2:label="ferc_EnergyChargesRevenueSalesForResale" ns2:type="locator" />
        <ns0:definitionArc order="11" ns2:arcrole="http://xbrl.org/int/dim/arcrole/domain-member" ns2:from="ferc_SalesForResaleLineItems" ns2:to="ferc_EnergyChargesRevenueSalesForResale" ns2:type="arc" />
        <ns0:loc ns2:href="../../ferc-core_2021-01-01.xsd#ferc_OtherChargesRevenueSalesForResale" ns2:label="ferc_OtherChargesRevenueSalesForResale" ns2:type="locator" />
        <ns0:definitionArc order="12" ns2:arcrole="http://xbrl.org/int/dim/arcrole/domain-member" ns2:from="ferc_SalesForResaleLineItems" ns2:to="ferc_OtherChargesRevenueSalesForResale" ns2:type="arc" />
        <ns0:loc ns2:href="../../ferc-core_2021-01-01.xsd#ferc_RevenueFromSalesOfElectricityForResale" ns2:label="ferc_RevenueFromSalesOfElectricityForResale" ns2:type="locator" />
        <ns0:definitionArc order="13" ns2:arcrole="http://xbrl.org/int/dim/arcrole/domain-member" ns2:from="ferc_SalesForResaleLineItems" ns2:to="ferc_RevenueFromSalesOfElectricityForResale" ns2:type="arc" />
    </ns0:definitionLink>
    <ns0:definitionLink ns2:role="http://ferc.gov/form/2020-01-01/roles/Schedule/F1/ScheduleSalesForResaleTotal" ns2:type="extended">
        <ns0:loc ns2:href="../../ferc-core_2021-01-01.xsd#ferc_ScheduleSalesForResaleAbstract" ns2:label="ferc_ScheduleSalesForResaleAbstract" ns2:type="locator" />
        <ns0:loc ns2:href="../../ferc-core_2021-01-01.xsd#ferc_SalesForResaleLineItems" ns2:label="ferc_SalesForResaleLineItems" ns2:type="locator" />
        <ns0:definitionArc order="1" ns2:arcrole="http://xbrl.org/int/dim/arcrole/domain-member" ns2:from="ferc_ScheduleSalesForResaleAbstract" ns2:to="ferc_SalesForResaleLineItems" ns2:type="arc" />
        <ns0:loc ns2:href="../../ferc-core_2021-01-01.xsd#ferc_SalesForResaleTable" ns2:label="ferc_SalesForResaleTable" ns2:type="locator" />
        <ns0:definitionArc order="1" ns2:arcrole="http://xbrl.org/int/dim/arcrole/all" ns2:from="ferc_SalesForResaleLineItems" ns2:to="ferc_SalesForResaleTable" ns2:type="arc" ns3:closed="true" ns3:contextElement="segment" />
        <ns0:loc ns2:href="../../ferc-core_2021-01-01.xsd#ferc_RevenueRequirementsSalesAbstract" ns2:label="ferc_RevenueRequirementsSalesAbstract" ns2:type="locator" />
        <ns0:definitionArc order="2" ns2:arcrole="http://xbrl.org/int/dim/arcrole/domain-member" ns2:from="ferc_SalesForResaleLineItems" ns2:to="ferc_RevenueRequirementsSalesAbstract" ns2:type="arc" />
        <ns0:loc ns2:href="../../ferc-core_2021-01-01.xsd#ferc_MegawattHoursSoldRequirementsSales" ns2:label="ferc_MegawattHoursSoldRequirementsSales" ns2:type="locator" />
        <ns0:definitionArc order="1" ns2:arcrole="http://xbrl.org/int/dim/arcrole/domain-member" ns2:from="ferc_RevenueRequirementsSalesAbstract" ns2:to="ferc_MegawattHoursSoldRequirementsSales" ns2:type="arc" />
        <ns0:loc ns2:href="../../ferc-core_2021-01-01.xsd#ferc_DemandChargesRevenueRequirementsSales" ns2:label="ferc_DemandChargesRevenueRequirementsSales" ns2:type="locator" />
        <ns0:definitionArc order="2" ns2:arcrole="http://xbrl.org/int/dim/arcrole/domain-member" ns2:from="ferc_RevenueRequirementsSalesAbstract" ns2:to="ferc_DemandChargesRevenueRequirementsSales" ns2:type="arc" />
        <ns0:loc ns2:href="../../ferc-core_2021-01-01.xsd#ferc_EnergyChargesRevenueRequirementsSales" ns2:label="ferc_EnergyChargesRevenueRequirementsSales" ns2:type="locator" />
        <ns0:definitionArc order="3" ns2:arcrole="http://xbrl.org/int/dim/arcrole/domain-member" ns2:from="ferc_RevenueRequirementsSalesAbstract" ns2:to="ferc_EnergyChargesRevenueRequirementsSales" ns2:type="arc" />
        <ns0:loc ns2:href="../../ferc-core_2021-01-01.xsd#ferc_OtherChargesRevenueRequirementsSales" ns2:label="ferc_OtherChargesRevenueRequirementsSales" ns2:type="locator" />
        <ns0:definitionArc order="4" ns2:arcrole="http://xbrl.org/int/dim/arcrole/domain-member" ns2:from="ferc_RevenueRequirementsSalesAbstract" ns2:to="ferc_OtherChargesRevenueRequirementsSales" ns2:type="arc" />
        <ns0:loc ns2:href="../../ferc-core_2021-01-01.xsd#ferc_RevenueFromSalesOfElectricityForResaleRequirementsSales" ns2:label="ferc_RevenueFromSalesOfElectricityForResaleRequirementsSales" ns2:type="locator" />
        <ns0:definitionArc order="5" ns2:arcrole="http://xbrl.org/int/dim/arcrole/domain-member" ns2:from="ferc_RevenueRequirementsSalesAbstract" ns2:to="ferc_RevenueFromSalesOfElectricityForResaleRequirementsSales" ns2:type="arc" />
        <ns0:loc ns2:href="../../ferc-core_2021-01-01.xsd#ferc_RevenueNonRequirementsSalesAbstract" ns2:label="ferc_RevenueNonRequirementsSalesAbstract" ns2:type="locator" />
        <ns0:definitionArc order="3" ns2:arcrole="http://xbrl.org/int/dim/arcrole/domain-member" ns2:from="ferc_SalesForResaleLineItems" ns2:to="ferc_RevenueNonRequirementsSalesAbstract" ns2:type="arc" />
        <ns0:loc ns2:href="../../ferc-core_2021-01-01.xsd#ferc_MegawattHoursSoldNonRequirementsSales" ns2:label="ferc_MegawattHoursSoldNonRequirementsSales" ns2:type="locator" />
        <ns0:definitionArc order="1" ns2:arcrole="http://xbrl.org/int/dim/arcrole/domain-member" ns2:from="ferc_RevenueNonRequirementsSalesAbstract" ns2:to="ferc_MegawattHoursSoldNonRequirementsSales" ns2:type="arc" />
        <ns0:loc ns2:href="../../ferc-core_2021-01-01.xsd#ferc_DemandChargesRevenueNonRequirementsSales" ns2:label="ferc_DemandChargesRevenueNonRequirementsSales" ns2:type="locator" />
        <ns0:definitionArc order="2" ns2:arcrole="http://xbrl.org/int/dim/arcrole/domain-member" ns2:from="ferc_RevenueNonRequirementsSalesAbstract" ns2:to="ferc_DemandChargesRevenueNonRequirementsSales" ns2:type="arc" />
        <ns0:loc ns2:href="../../ferc-core_2021-01-01.xsd#ferc_EnergyChargesRevenueNonRequirementsSales" ns2:label="ferc_EnergyChargesRevenueNonRequirementsSales" ns2:type="locator" />
        <ns0:definitionArc order="3" ns2:arcrole="http://xbrl.org/int/dim/arcrole/domain-member" ns2:from="ferc_RevenueNonRequirementsSalesAbstract" ns2:to="ferc_EnergyChargesRevenueNonRequirementsSales" ns2:type="arc" />
        <ns0:loc ns2:href="../../ferc-core_2021-01-01.xsd#ferc_OtherChargesRevenueNonRequirementsSales" ns2:label="ferc_OtherChargesRevenueNonRequirementsSales" ns2:type="locator" />
        <ns0:definitionArc order="4" ns2:arcrole="http://xbrl.org/int/dim/arcrole/domain-member" ns2:from="ferc_RevenueNonRequirementsSalesAbstract" ns2:to="ferc_OtherChargesRevenueNonRequirementsSales" ns2:type="arc" />
        <ns0:loc ns2:href="../../ferc-core_2021-01-01.xsd#ferc_RevenueFromSalesOfElectricityForResaleNonRequirementsSales" ns2:label="ferc_RevenueFromSalesOfElectricityForResaleNonRequirementsSales" ns2:type="locator" />
        <ns0:definitionArc order="5" ns2:arcrole="http://xbrl.org/int/dim/arcrole/domain-member" ns2:from="ferc_RevenueNonRequirementsSalesAbstract" ns2:to="ferc_RevenueFromSalesOfElectricityForResaleNonRequirementsSales" ns2:type="arc" />
        <ns0:loc ns2:href="../../ferc-core_2021-01-01.xsd#ferc_MegawattHoursSoldSalesForResale" ns2:label="ferc_MegawattHoursSoldSalesForResale" ns2:type="locator" />
        <ns0:definitionArc order="4" ns2:arcrole="http://xbrl.org/int/dim/arcrole/domain-member" ns2:from="ferc_SalesForResaleLineItems" ns2:to="ferc_MegawattHoursSoldSalesForResale" ns2:type="arc" />
        <ns0:loc ns2:href="../../ferc-core_2021-01-01.xsd#ferc_DemandChargesRevenueSalesForResale" ns2:label="ferc_DemandChargesRevenueSalesForResale" ns2:type="locator" />
        <ns0:definitionArc order="5" ns2:arcrole="http://xbrl.org/int/dim/arcrole/domain-member" ns2:from="ferc_SalesForResaleLineItems" ns2:to="ferc_DemandChargesRevenueSalesForResale" ns2:type="arc" />
        <ns0:loc ns2:href="../../ferc-core_2021-01-01.xsd#ferc_EnergyChargesRevenueSalesForResale" ns2:label="ferc_EnergyChargesRevenueSalesForResale" ns2:type="locator" />
        <ns0:definitionArc order="6" ns2:arcrole="http://xbrl.org/int/dim/arcrole/domain-member" ns2:from="ferc_SalesForResaleLineItems" ns2:to="ferc_EnergyChargesRevenueSalesForResale" ns2:type="arc" />
        <ns0:loc ns2:href="../../ferc-core_2021-01-01.xsd#ferc_OtherChargesRevenueSalesForResale" ns2:label="ferc_OtherChargesRevenueSalesForResale" ns2:type="locator" />
        <ns0:definitionArc order="7" ns2:arcrole="http://xbrl.org/int/dim/arcrole/domain-member" ns2:from="ferc_SalesForResaleLineItems" ns2:to="ferc_OtherChargesRevenueSalesForResale" ns2:type="arc" />
        <ns0:loc ns2:href="../../ferc-core_2021-01-01.xsd#ferc_SalesForResale" ns2:label="ferc_SalesForResale" ns2:type="locator" />
        <ns0:definitionArc order="8" ns2:arcrole="http://xbrl.org/int/dim/arcrole/domain-member" ns2:from="ferc_SalesForResaleLineItems" ns2:to="ferc_SalesForResale" ns2:type="arc" />
    </ns0:definitionLink>
    <ns0:definitionLink ns2:role="http://ferc.gov/form/2020-01-01/roles/Schedule/F1/ScheduleSalesForResale" ns2:type="extended" />
    <ns0:definitionLink ns2:role="http://ferc.gov/form/2020-01-01/roles/Schedule/F1/ScheduleSalesForResaleTotal" ns2:type="extended" />
</ns0:linkbase>