<ns0:linkbase xmlns:ns0="http://www.xbrl.org/2003/linkbase" xmlns:ns2="http://www.w3.org/1999/xlink" xmlns:ns3="http://xbrl.org/2005/xbrldt" xmlns:xsi="http://www.w3.org/2001/XMLSchema-instance" xsi:schemaLocation="http://www.xbrl.org/2003/linkbase http://www.xbrl.org/2003/xbrl-linkbase-2003-12-31.xsd">
   <ns0:arcroleRef arcroleURI="http://xbrl.org/int/dim/arcrole/dimension-domain" ns2:href="http://www.xbrl.org/2005/xbrldt-2005.xsd#dimension-domain" ns2:type="simple" />
   <ns0:arcroleRef arcroleURI="http://xbrl.org/int/dim/arcrole/dimension-default" ns2:href="http://www.xbrl.org/2005/xbrldt-2005.xsd#dimension-default" ns2:type="simple" />
   <ns0:arcroleRef arcroleURI="http://xbrl.org/int/dim/arcrole/hypercube-dimension" ns2:href="http://www.xbrl.org/2005/xbrldt-2005.xsd#hypercube-dimension" ns2:type="simple" />
   <ns0:arcroleRef arcroleURI="http://xbrl.org/int/dim/arcrole/all" ns2:href="http://www.xbrl.org/2005/xbrldt-2005.xsd#all" ns2:type="simple" />
   <ns0:arcroleRef arcroleURI="http://xbrl.org/int/dim/arcrole/domain-member" ns2:href="http://www.xbrl.org/2005/xbrldt-2005.xsd#domain-member" ns2:type="simple" />
   <ns0:roleRef roleURI="http://ferc.gov/form/2020-01-01/roles/Schedule/F1/ScheduleGeneratingPlantStatistics" ns2:href="form-1-sched-ScheduleGeneratingPlantStatistics_2021-01-01.xsd#roleType_ScheduleGeneratingPlantStatistics" ns2:type="simple" />
   <ns0:definitionLink ns2:role="http://ferc.gov/form/2020-01-01/roles/Schedule/F1/ScheduleGeneratingPlantStatistics" ns2:type="extended">
      <ns0:loc ns2:href="../../ferc-core_2021-01-01.xsd#ferc_ScheduleGeneratingPlantStatisticsAbstract" ns2:label="ferc_ScheduleGeneratingPlantStatisticsAbstract" ns2:type="locator" />
      <ns0:loc ns2:href="../../ferc-core_2021-01-01.xsd#ferc_GeneratingPlantStatisticsLineItems" ns2:label="ferc_GeneratingPlantStatisticsLineItems" ns2:type="locator" />
      <ns0:definitionArc order="1.0" ns2:arcrole="http://xbrl.org/int/dim/arcrole/domain-member" ns2:from="ferc_ScheduleGeneratingPlantStatisticsAbstract" ns2:to="ferc_GeneratingPlantStatisticsLineItems" ns2:type="arc" />
      <ns0:loc ns2:href="../../ferc-core_2021-01-01.xsd#ferc_GeneratingPlantStatisticsTable" ns2:label="ferc_GeneratingPlantStatisticsTable" ns2:type="locator" />
      <ns0:definitionArc order="1.0" ns2:arcrole="http://xbrl.org/int/dim/arcrole/all" ns2:from="ferc_GeneratingPlantStatisticsLineItems" ns2:to="ferc_GeneratingPlantStatisticsTable" ns2:type="arc" ns3:closed="true" ns3:contextElement="segment" />
      <ns0:loc ns2:href="../../ferc-core_2021-01-01.xsd#ferc_GeneratingPlantStatisticsAxis" ns2:label="ferc_GeneratingPlantStatisticsAxis" ns2:type="locator" />
      <ns0:definitionArc order="1.0" ns2:arcrole="http://xbrl.org/int/dim/arcrole/hypercube-dimension" ns2:from="ferc_GeneratingPlantStatisticsTable" ns2:to="ferc_GeneratingPlantStatisticsAxis" ns2:type="arc" />
      <ns0:loc ns2:href="../../ferc-core_2021-01-01.xsd#ferc_OrderNumber" ns2:label="ferc_OrderNumber" ns2:type="locator" />
      <ns0:definitionArc order="2.0" ns2:arcrole="http://xbrl.org/int/dim/arcrole/domain-member" ns2:from="ferc_GeneratingPlantStatisticsLineItems" ns2:to="ferc_OrderNumber" ns2:type="arc" />
      <ns0:loc ns2:href="../../ferc-core_2021-01-01.xsd#ferc_PlantName" ns2:label="ferc_PlantName" ns2:type="locator" />
      <ns0:definitionArc order="3.0" ns2:arcrole="http://xbrl.org/int/dim/arcrole/domain-member" ns2:from="ferc_GeneratingPlantStatisticsLineItems" ns2:to="ferc_PlantName" ns2:type="arc" />
      <ns0:loc ns2:href="../../ferc-core_2021-01-01.xsd#ferc_YearPlantOriginallyConstructed" ns2:label="ferc_YearPlantOriginallyConstructed" ns2:type="locator" />
      <ns0:definitionArc order="4.0" ns2:arcrole="http://xbrl.org/int/dim/arcrole/domain-member" ns2:from="ferc_GeneratingPlantStatisticsLineItems" ns2:to="ferc_YearPlantOriginallyConstructed" ns2:type="arc" />
      <ns0:loc ns2:href="../../ferc-core_2021-01-01.xsd#ferc_InstalledCapacityOfPlant" ns2:label="ferc_InstalledCapacityOfPlant" ns2:type="locator" />
      <ns0:definitionArc order="5.0" ns2:arcrole="http://xbrl.org/int/dim/arcrole/domain-member" ns2:from="ferc_GeneratingPlantStatisticsLineItems" ns2:to="ferc_InstalledCapacityOfPlant" ns2:type="arc" />
      <ns0:loc ns2:href="../../ferc-core_2021-01-01.xsd#ferc_NetPeakDemandOnPlant" ns2:label="ferc_NetPeakDemandOnPlant" ns2:type="locator" />
      <ns0:definitionArc order="6.0" ns2:arcrole="http://xbrl.org/int/dim/arcrole/domain-member" ns2:from="ferc_GeneratingPlantStatisticsLineItems" ns2:to="ferc_NetPeakDemandOnPlant" ns2:type="arc" />
      <ns0:loc ns2:href="../../ferc-core_2021-01-01.xsd#ferc_NetGenerationExcludingPlantUse" ns2:label="ferc_NetGenerationExcludingPlantUse" ns2:type="locator" />
      <ns0:definitionArc order="7.0" ns2:arcrole="http://xbrl.org/int/dim/arcrole/domain-member" ns2:from="ferc_GeneratingPlantStatisticsLineItems" ns2:to="ferc_NetGenerationExcludingPlantUse" ns2:type="arc" />
      <ns0:loc ns2:href="../../ferc-core_2021-01-01.xsd#ferc_CostOfPlant" ns2:label="ferc_CostOfPlant" ns2:type="locator" />
      <ns0:definitionArc order="8.0" ns2:arcrole="http://xbrl.org/int/dim/arcrole/domain-member" ns2:from="ferc_GeneratingPlantStatisticsLineItems" ns2:to="ferc_CostOfPlant" ns2:type="arc" />
      <ns0:loc ns2:href="../../ferc-core_2021-01-01.xsd#ferc_PlantCostPerMw" ns2:label="ferc_PlantCostPerMw" ns2:type="locator" />
      <ns0:definitionArc order="9.0" ns2:arcrole="http://xbrl.org/int/dim/arcrole/domain-member" ns2:from="ferc_GeneratingPlantStatisticsLineItems" ns2:to="ferc_PlantCostPerMw" ns2:type="arc" />
      <ns0:loc ns2:href="../../ferc-core_2021-01-01.xsd#ferc_OperatingExpensesExcludingFuel" ns2:label="ferc_OperatingExpensesExcludingFuel" ns2:type="locator" />
      <ns0:definitionArc order="10.0" ns2:arcrole="http://xbrl.org/int/dim/arcrole/domain-member" ns2:from="ferc_GeneratingPlantStatisticsLineItems" ns2:to="ferc_OperatingExpensesExcludingFuel" ns2:type="arc" />
      <ns0:loc ns2:href="../../ferc-core_2021-01-01.xsd#ferc_FuelProductionExpenses" ns2:label="ferc_FuelProductionExpenses" ns2:type="locator" />
      <ns0:definitionArc order="11.0" ns2:arcrole="http://xbrl.org/int/dim/arcrole/domain-member" ns2:from="ferc_GeneratingPlantStatisticsLineItems" ns2:to="ferc_FuelProductionExpenses" ns2:type="arc" />
      <ns0:loc ns2:href="../../ferc-core_2021-01-01.xsd#ferc_MaintenanceProductionExpenses" ns2:label="ferc_MaintenanceProductionExpenses" ns2:type="locator" />
      <ns0:definitionArc order="12.0" ns2:arcrole="http://xbrl.org/int/dim/arcrole/domain-member" ns2:from="ferc_GeneratingPlantStatisticsLineItems" ns2:to="ferc_MaintenanceProductionExpenses" ns2:type="arc" />
      <ns0:loc ns2:href="../../ferc-core_2021-01-01.xsd#ferc_FuelKind" ns2:label="ferc_FuelKind" ns2:type="locator" />
      <ns0:definitionArc order="13.0" ns2:arcrole="http://xbrl.org/int/dim/arcrole/domain-member" ns2:from="ferc_GeneratingPlantStatisticsLineItems" ns2:to="ferc_FuelKind" ns2:type="arc" />
      <ns0:loc ns2:href="../../ferc-core_2021-01-01.xsd#ferc_FuelCostPerMmbtus" ns2:label="ferc_FuelCostPerMmbtus" ns2:type="locator" />
      <ns0:definitionArc order="14.0" ns2:arcrole="http://xbrl.org/int/dim/arcrole/domain-member" ns2:from="ferc_GeneratingPlantStatisticsLineItems" ns2:to="ferc_FuelCostPerMmbtus" ns2:type="arc" />
      <ns0:definitionArc order="15.0" ns2:arcrole="http://xbrl.org/int/dim/arcrole/domain-member" ns2:from="ferc_GeneratingPlantStatisticsLineItems" ns2:to="lbl_GenerationType1" ns2:type="arc" />
      <ns0:loc ns2:href="../../ferc-core_2021-01-01.xsd#ferc_GenerationType" ns2:label="lbl_GenerationType1" ns2:type="locator" />
   </ns0:definitionLink>
   <ns0:definitionLink ns2:role="http://ferc.gov/form/2020-01-01/roles/Schedule/F1/ScheduleGeneratingPlantStatistics" ns2:type="extended" />
</ns0:linkbase>