<ns0:linkbase xmlns:ns0="http://www.xbrl.org/2003/linkbase" xmlns:ns2="http://www.w3.org/1999/xlink" xmlns:xsi="http://www.w3.org/2001/XMLSchema-instance" xsi:schemaLocation="http://www.xbrl.org/2003/linkbase http://www.xbrl.org/2003/xbrl-linkbase-2003-12-31.xsd">
   <ns0:roleRef roleURI="http://ferc.gov/form/2020-01-01/roles/label/F1GeneratingPlantStatistics" ns2:href="../../ferc-core-lab-roles_2021-01-01.xsd#F1GeneratingPlantStatistics" ns2:type="simple" />
   <ns0:roleRef roleURI="http://ferc.gov/form/2020-01-01/roles/Schedule/F1/ScheduleGeneratingPlantStatistics" ns2:href="form-1-sched-ScheduleGeneratingPlantStatistics_2021-01-01.xsd#roleType_ScheduleGeneratingPlantStatistics" ns2:type="simple" />
   <ns0:presentationLink ns2:role="http://ferc.gov/form/2020-01-01/roles/Schedule/F1/ScheduleGeneratingPlantStatistics" ns2:type="extended">
      <ns0:loc ns2:href="../../ferc-core_2021-01-01.xsd#ferc_ScheduleGeneratingPlantStatisticsAbstract" ns2:label="ferc_ScheduleGeneratingPlantStatisticsAbstract" ns2:type="locator" />
      <ns0:loc ns2:href="../../ferc-core_2021-01-01.xsd#ferc_GeneratingPlantStatisticsTable" ns2:label="ferc_GeneratingPlantStatisticsTable" ns2:type="locator" />
      <ns0:presentationArc order="1.0" ns2:arcrole="http://www.xbrl.org/2003/arcrole/parent-child" ns2:from="ferc_ScheduleGeneratingPlantStatisticsAbstract" ns2:to="ferc_GeneratingPlantStatisticsTable" ns2:type="arc" />
      <ns0:loc ns2:href="../../ferc-core_2021-01-01.xsd#ferc_GeneratingPlantStatisticsAxis" ns2:label="ferc_GeneratingPlantStatisticsAxis" ns2:type="locator" />
      <ns0:presentationArc order="1.0" ns2:arcrole="http://www.xbrl.org/2003/arcrole/parent-child" ns2:from="ferc_GeneratingPlantStatisticsTable" ns2:to="ferc_GeneratingPlantStatisticsAxis" ns2:type="arc" />
      <ns0:loc ns2:href="../../ferc-core_2021-01-01.xsd#ferc_GeneratingPlantStatisticsLineItems" ns2:label="ferc_GeneratingPlantStatisticsLineItems" ns2:type="locator" />
      <ns0:presentationArc order="2.0" ns2:arcrole="http://www.xbrl.org/2003/arcrole/parent-child" ns2:from="ferc_GeneratingPlantStatisticsTable" ns2:to="ferc_GeneratingPlantStatisticsLineItems" ns2:type="arc" />
      <ns0:loc ns2:href="../../ferc-core_2021-01-01.xsd#ferc_OrderNumber" ns2:label="ferc_OrderNumber" ns2:type="locator" />
      <ns0:presentationArc order="1.0" ns2:arcrole="http://www.xbrl.org/2003/arcrole/parent-child" ns2:from="ferc_GeneratingPlantStatisticsLineItems" ns2:to="ferc_OrderNumber" ns2:type="arc" />
      <ns0:loc ns2:href="../../ferc-core_2021-01-01.xsd#ferc_PlantName" ns2:label="ferc_PlantName" ns2:type="locator" />
      <ns0:presentationArc order="2.0" preferredLabel="http://ferc.gov/form/2020-01-01/roles/label/F1GeneratingPlantStatistics" ns2:arcrole="http://www.xbrl.org/2003/arcrole/parent-child" ns2:from="ferc_GeneratingPlantStatisticsLineItems" ns2:to="ferc_PlantName" ns2:type="arc" />
      <ns0:loc ns2:href="../../ferc-core_2021-01-01.xsd#ferc_YearPlantOriginallyConstructed" ns2:label="ferc_YearPlantOriginallyConstructed" ns2:type="locator" />
      <ns0:presentationArc order="3.0" preferredLabel="http://ferc.gov/form/2020-01-01/roles/label/F1GeneratingPlantStatistics" ns2:arcrole="http://www.xbrl.org/2003/arcrole/parent-child" ns2:from="ferc_GeneratingPlantStatisticsLineItems" ns2:to="ferc_YearPlantOriginallyConstructed" ns2:type="arc" />
      <ns0:loc ns2:href="../../ferc-core_2021-01-01.xsd#ferc_InstalledCapacityOfPlant" ns2:label="ferc_InstalledCapacityOfPlant" ns2:type="locator" />
      <ns0:presentationArc order="4.0" preferredLabel="http://ferc.gov/form/2020-01-01/roles/label/F1GeneratingPlantStatistics" ns2:arcrole="http://www.xbrl.org/2003/arcrole/parent-child" ns2:from="ferc_GeneratingPlantStatisticsLineItems" ns2:to="ferc_InstalledCapacityOfPlant" ns2:type="arc" />
      <ns0:loc ns2:href="../../ferc-core_2021-01-01.xsd#ferc_NetPeakDemandOnPlant" ns2:label="ferc_NetPeakDemandOnPlant" ns2:type="locator" />
      <ns0:presentationArc order="5.0" preferredLabel="http://ferc.gov/form/2020-01-01/roles/label/F1GeneratingPlantStatistics" ns2:arcrole="http://www.xbrl.org/2003/arcrole/parent-child" ns2:from="ferc_GeneratingPlantStatisticsLineItems" ns2:to="ferc_NetPeakDemandOnPlant" ns2:type="arc" />
      <ns0:loc ns2:href="../../ferc-core_2021-01-01.xsd#ferc_NetGenerationExcludingPlantUse" ns2:label="ferc_NetGenerationExcludingPlantUse" ns2:type="locator" />
      <ns0:presentationArc order="6.0" preferredLabel="http://ferc.gov/form/2020-01-01/roles/label/F1GeneratingPlantStatistics" ns2:arcrole="http://www.xbrl.org/2003/arcrole/parent-child" ns2:from="ferc_GeneratingPlantStatisticsLineItems" ns2:to="ferc_NetGenerationExcludingPlantUse" ns2:type="arc" />
      <ns0:loc ns2:href="../../ferc-core_2021-01-01.xsd#ferc_PlantCostPerMw" ns2:label="ferc_PlantCostPerMw" ns2:type="locator" />
      <ns0:presentationArc order="8.0" preferredLabel="http://ferc.gov/form/2020-01-01/roles/label/F1GeneratingPlantStatistics" ns2:arcrole="http://www.xbrl.org/2003/arcrole/parent-child" ns2:from="ferc_GeneratingPlantStatisticsLineItems" ns2:to="ferc_PlantCostPerMw" ns2:type="arc" />
      <ns0:loc ns2:href="../../ferc-core_2021-01-01.xsd#ferc_OperatingExpensesExcludingFuel" ns2:label="ferc_OperatingExpensesExcludingFuel" ns2:type="locator" />
      <ns0:presentationArc order="9.0" preferredLabel="http://ferc.gov/form/2020-01-01/roles/label/F1GeneratingPlantStatistics" ns2:arcrole="http://www.xbrl.org/2003/arcrole/parent-child" ns2:from="ferc_GeneratingPlantStatisticsLineItems" ns2:to="ferc_OperatingExpensesExcludingFuel" ns2:type="arc" />
      <ns0:loc ns2:href="../../ferc-core_2021-01-01.xsd#ferc_FuelKind" ns2:label="ferc_FuelKind" ns2:type="locator" />
      <ns0:presentationArc order="12.0" preferredLabel="http://ferc.gov/form/2020-01-01/roles/label/F1GeneratingPlantStatistics" ns2:arcrole="http://www.xbrl.org/2003/arcrole/parent-child" ns2:from="ferc_GeneratingPlantStatisticsLineItems" ns2:to="ferc_FuelKind" ns2:type="arc" />
      <ns0:loc ns2:href="../../ferc-core_2021-01-01.xsd#ferc_FuelCostPerMmbtus" ns2:label="ferc_FuelCostPerMmbtus" ns2:type="locator" />
      <ns0:presentationArc order="13.0" preferredLabel="http://ferc.gov/form/2020-01-01/roles/label/F1GeneratingPlantStatistics" ns2:arcrole="http://www.xbrl.org/2003/arcrole/parent-child" ns2:from="ferc_GeneratingPlantStatisticsLineItems" ns2:to="ferc_FuelCostPerMmbtus" ns2:type="arc" />
      <ns0:loc ns2:href="../../ferc-core_2021-01-01.xsd#ferc_MaintenanceProductionExpenses" ns2:label="lbl_MaintenanceProductionExpenses" ns2:type="locator" />
      <ns0:presentationArc order="11.0" preferredLabel="http://ferc.gov/form/2020-01-01/roles/label/F1GeneratingPlantStatistics" ns2:arcrole="http://www.xbrl.org/2003/arcrole/parent-child" ns2:from="ferc_GeneratingPlantStatisticsLineItems" ns2:to="lbl_MaintenanceProductionExpenses" ns2:type="arc" />
      <ns0:loc ns2:href="../../ferc-core_2021-01-01.xsd#ferc_FuelProductionExpenses" ns2:label="lbl_FuelProductionExpenses" ns2:type="locator" />
      <ns0:presentationArc order="10.0" preferredLabel="http://ferc.gov/form/2020-01-01/roles/label/F1GeneratingPlantStatistics" ns2:arcrole="http://www.xbrl.org/2003/arcrole/parent-child" ns2:from="ferc_GeneratingPlantStatisticsLineItems" ns2:to="lbl_FuelProductionExpenses" ns2:type="arc" />
      <ns0:loc ns2:href="../../ferc-core_2021-01-01.xsd#ferc_CostOfPlant" ns2:label="lbl_CostOfPlant" ns2:type="locator" />
      <ns0:presentationArc order="7.0" preferredLabel="http://ferc.gov/form/2020-01-01/roles/label/F1GeneratingPlantStatistics" ns2:arcrole="http://www.xbrl.org/2003/arcrole/parent-child" ns2:from="ferc_GeneratingPlantStatisticsLineItems" ns2:to="lbl_CostOfPlant" ns2:type="arc" />
      <ns0:presentationArc order="14.0" preferredLabel="http://ferc.gov/form/2020-01-01/roles/label/F1GeneratingPlantStatistics" ns2:arcrole="http://www.xbrl.org/2003/arcrole/parent-child" ns2:from="ferc_GeneratingPlantStatisticsLineItems" ns2:to="lbl_GenerationType1" ns2:type="arc" />
      <ns0:loc ns2:href="../../ferc-core_2021-01-01.xsd#ferc_GenerationType" ns2:label="lbl_GenerationType1" ns2:type="locator" />
   </ns0:presentationLink>
</ns0:linkbase>