<ns0:linkbase xmlns:ns0="http://www.xbrl.org/2003/linkbase" xmlns:ns2="http://www.w3.org/1999/xlink" xmlns:xsi="http://www.w3.org/2001/XMLSchema-instance" xsi:schemaLocation="http://www.xbrl.org/2003/linkbase http://www.xbrl.org/2003/xbrl-linkbase-2003-12-31.xsd">
    <ns0:roleRef roleURI="http://ferc.gov/form/2020-01-01/roles/label/F1FormulaRates" ns2:href="../../ferc-core-lab-roles_2021-01-01.xsd#F1FormulaRates" ns2:type="simple" />
    <ns0:roleRef roleURI="http://ferc.gov/form/2020-01-01/roles/Schedule/F1/InformationOnFormulaRatesB" ns2:href="form-1-sched-InformationOnFormulaRates_2021-01-01.xsd#roleType_InformationOnFormulaRatesB" ns2:type="simple" />
    <ns0:roleRef roleURI="http://ferc.gov/form/2020-01-01/roles/Schedule/F1/InformationOnFormulaRates" ns2:href="form-1-sched-InformationOnFormulaRates_2021-01-01.xsd#roleType_InformationOnFormulaRates" ns2:type="simple" />
    <ns0:roleRef roleURI="http://ferc.gov/form/2020-01-01/roles/Schedule/F1/InformationOnFormulaRatesA" ns2:href="form-1-sched-InformationOnFormulaRates_2021-01-01.xsd#roleType_InformationOnFormulaRatesA" ns2:type="simple" />
    <ns0:presentationLink ns2:role="http://ferc.gov/form/2020-01-01/roles/Schedule/F1/InformationOnFormulaRates" ns2:type="extended">
        <ns0:loc ns2:href="../../ferc-core_2021-01-01.xsd#ferc_ScheduleInformationOnFormulaRatesAbstract" ns2:label="ferc_ScheduleInformationOnFormulaRatesAbstract" ns2:type="locator" />
        <ns0:loc ns2:href="../../ferc-core_2021-01-01.xsd#ferc_UsesFormulaRates" ns2:label="ferc_UsesFormulaRates" ns2:type="locator" />
        <ns0:presentationArc order="1" preferredLabel="http://ferc.gov/form/2020-01-01/roles/label/F1FormulaRates" ns2:arcrole="http://www.xbrl.org/2003/arcrole/parent-child" ns2:from="ferc_ScheduleInformationOnFormulaRatesAbstract" ns2:to="ferc_UsesFormulaRates" ns2:type="arc" />
        <ns0:loc ns2:href="../../ferc-core_2021-01-01.xsd#ferc_FormulaRateTable" ns2:label="ferc_FormulaRateTable" ns2:type="locator" />
        <ns0:presentationArc order="2" ns2:arcrole="http://www.xbrl.org/2003/arcrole/parent-child" ns2:from="ferc_ScheduleInformationOnFormulaRatesAbstract" ns2:to="ferc_FormulaRateTable" ns2:type="arc" />
        <ns0:loc ns2:href="../../ferc-core_2021-01-01.xsd#ferc_TariffProceedingAxis" ns2:label="ferc_TariffProceedingAxis" ns2:type="locator" />
        <ns0:presentationArc order="1" ns2:arcrole="http://www.xbrl.org/2003/arcrole/parent-child" ns2:from="ferc_FormulaRateTable" ns2:to="ferc_TariffProceedingAxis" ns2:type="arc" />
        <ns0:loc ns2:href="../../ferc-core_2021-01-01.xsd#ferc_FormulaRateLineItems" ns2:label="ferc_FormulaRateLineItems" ns2:type="locator" />
        <ns0:presentationArc order="2" ns2:arcrole="http://www.xbrl.org/2003/arcrole/parent-child" ns2:from="ferc_FormulaRateTable" ns2:to="ferc_FormulaRateLineItems" ns2:type="arc" />
        <ns0:loc ns2:href="../../ferc-core_2021-01-01.xsd#ferc_OrderNumber" ns2:label="ferc_OrderNumber" ns2:type="locator" />
        <ns0:presentationArc order="1" ns2:arcrole="http://www.xbrl.org/2003/arcrole/parent-child" ns2:from="ferc_FormulaRateLineItems" ns2:to="ferc_OrderNumber" ns2:type="arc" />
        <ns0:loc ns2:href="../../ferc-core_2021-01-01.xsd#ferc_RateScheduleTariffNumber" ns2:label="ferc_RateScheduleTariffNumber" ns2:type="locator" />
        <ns0:presentationArc order="2" preferredLabel="http://ferc.gov/form/2020-01-01/roles/label/F1FormulaRates" ns2:arcrole="http://www.xbrl.org/2003/arcrole/parent-child" ns2:from="ferc_FormulaRateLineItems" ns2:to="ferc_RateScheduleTariffNumber" ns2:type="arc" />
        <ns0:loc ns2:href="../../ferc-core_2021-01-01.xsd#ferc_ProceedingDocketNumber" ns2:label="ferc_ProceedingDocketNumber" ns2:type="locator" />
        <ns0:presentationArc order="3" preferredLabel="http://ferc.gov/form/2020-01-01/roles/label/F1FormulaRates" ns2:arcrole="http://www.xbrl.org/2003/arcrole/parent-child" ns2:from="ferc_FormulaRateLineItems" ns2:to="ferc_ProceedingDocketNumber" ns2:type="arc" />
    </ns0:presentationLink>
    <ns0:presentationLink ns2:role="http://ferc.gov/form/2020-01-01/roles/Schedule/F1/InformationOnFormulaRatesA" ns2:type="extended">
        <ns0:loc ns2:href="../../ferc-core_2021-01-01.xsd#ferc_ScheduleInformationOnFormulaRatesAAbstract" ns2:label="ferc_ScheduleInformationOnFormulaRatesAAbstract" ns2:type="locator" />
        <ns0:loc ns2:href="../../ferc-core_2021-01-01.xsd#ferc_AnnualFilingsContainingInputsToFormulaRates" ns2:label="ferc_AnnualFilingsContainingInputsToFormulaRates" ns2:type="locator" />
        <ns0:presentationArc order="1" preferredLabel="http://ferc.gov/form/2020-01-01/roles/label/F1FormulaRates" ns2:arcrole="http://www.xbrl.org/2003/arcrole/parent-child" ns2:from="ferc_ScheduleInformationOnFormulaRatesAAbstract" ns2:to="ferc_AnnualFilingsContainingInputsToFormulaRates" ns2:type="arc" />
        <ns0:loc ns2:href="../../ferc-core_2021-01-01.xsd#ferc_FormulaRateTable" ns2:label="ferc_FormulaRateTable" ns2:type="locator" />
        <ns0:presentationArc order="2" ns2:arcrole="http://www.xbrl.org/2003/arcrole/parent-child" ns2:from="ferc_ScheduleInformationOnFormulaRatesAAbstract" ns2:to="ferc_FormulaRateTable" ns2:type="arc" />
        <ns0:loc ns2:href="../../ferc-core_2021-01-01.xsd#ferc_RateScheduleAxis" ns2:label="ferc_RateScheduleAxis" ns2:type="locator" />
        <ns0:presentationArc order="1" ns2:arcrole="http://www.xbrl.org/2003/arcrole/parent-child" ns2:from="ferc_FormulaRateTable" ns2:to="ferc_RateScheduleAxis" ns2:type="arc" />
        <ns0:loc ns2:href="../../ferc-core_2021-01-01.xsd#ferc_FormulaRateLineItems" ns2:label="ferc_FormulaRateLineItems" ns2:type="locator" />
        <ns0:presentationArc order="2" ns2:arcrole="http://www.xbrl.org/2003/arcrole/parent-child" ns2:from="ferc_FormulaRateTable" ns2:to="ferc_FormulaRateLineItems" ns2:type="arc" />
        <ns0:loc ns2:href="../../ferc-core_2021-01-01.xsd#ferc_OrderNumber" ns2:label="ferc_OrderNumber" ns2:type="locator" />
        <ns0:presentationArc order="1" ns2:arcrole="http://www.xbrl.org/2003/arcrole/parent-child" ns2:from="ferc_FormulaRateLineItems" ns2:to="ferc_OrderNumber" ns2:type="arc" />
        <ns0:loc ns2:href="../../ferc-core_2021-01-01.xsd#ferc_AccessionNumber" ns2:label="ferc_AccessionNumber" ns2:type="locator" />
        <ns0:presentationArc order="2" preferredLabel="http://ferc.gov/form/2020-01-01/roles/label/F1FormulaRates" ns2:arcrole="http://www.xbrl.org/2003/arcrole/parent-child" ns2:from="ferc_FormulaRateLineItems" ns2:to="ferc_AccessionNumber" ns2:type="arc" />
        <ns0:loc ns2:href="../../ferc-core_2021-01-01.xsd#ferc_DocumentDate" ns2:label="ferc_DocumentDate" ns2:type="locator" />
        <ns0:presentationArc order="3" preferredLabel="http://ferc.gov/form/2020-01-01/roles/label/F1FormulaRates" ns2:arcrole="http://www.xbrl.org/2003/arcrole/parent-child" ns2:from="ferc_FormulaRateLineItems" ns2:to="ferc_DocumentDate" ns2:type="arc" />
        <ns0:loc ns2:href="../../ferc-core_2021-01-01.xsd#ferc_DocketNumber" ns2:label="ferc_DocketNumber" ns2:type="locator" />
        <ns0:presentationArc order="4" preferredLabel="http://ferc.gov/form/2020-01-01/roles/label/F1FormulaRates" ns2:arcrole="http://www.xbrl.org/2003/arcrole/parent-child" ns2:from="ferc_FormulaRateLineItems" ns2:to="ferc_DocketNumber" ns2:type="arc" />
        <ns0:loc ns2:href="../../ferc-core_2021-01-01.xsd#ferc_DescriptionOfFiling" ns2:label="ferc_DescriptionOfFiling" ns2:type="locator" />
        <ns0:presentationArc order="5" preferredLabel="http://ferc.gov/form/2020-01-01/roles/label/F1FormulaRates" ns2:arcrole="http://www.xbrl.org/2003/arcrole/parent-child" ns2:from="ferc_FormulaRateLineItems" ns2:to="ferc_DescriptionOfFiling" ns2:type="arc" />
        <ns0:loc ns2:href="../../ferc-core_2021-01-01.xsd#ferc_RateScheduleTariffNumber" ns2:label="ferc_RateScheduleTariffNumber" ns2:type="locator" />
        <ns0:presentationArc order="6" preferredLabel="http://ferc.gov/form/2020-01-01/roles/label/F1FormulaRates" ns2:arcrole="http://www.xbrl.org/2003/arcrole/parent-child" ns2:from="ferc_FormulaRateLineItems" ns2:to="ferc_RateScheduleTariffNumber" ns2:type="arc" />
    </ns0:presentationLink>
    <ns0:presentationLink ns2:role="http://ferc.gov/form/2020-01-01/roles/Schedule/F1/InformationOnFormulaRatesB" ns2:type="extended">
        <ns0:loc ns2:href="../../ferc-core_2021-01-01.xsd#ferc_ScheduleInformationOnFormulaRatesBAbstract" ns2:label="ferc_ScheduleInformationOnFormulaRatesBAbstract" ns2:type="locator" />
        <ns0:loc ns2:href="../../ferc-core_2021-01-01.xsd#ferc_FormulaRateTable" ns2:label="ferc_FormulaRateTable" ns2:type="locator" />
        <ns0:presentationArc order="1" ns2:arcrole="http://www.xbrl.org/2003/arcrole/parent-child" ns2:from="ferc_ScheduleInformationOnFormulaRatesBAbstract" ns2:to="ferc_FormulaRateTable" ns2:type="arc" />
        <ns0:loc ns2:href="../../ferc-core_2021-01-01.xsd#ferc_FormulaRateVariancesAxis" ns2:label="ferc_FormulaRateVariancesAxis" ns2:type="locator" />
        <ns0:presentationArc order="1" preferredLabel="http://ferc.gov/form/2020-01-01/roles/label/F1FormulaRates" ns2:arcrole="http://www.xbrl.org/2003/arcrole/parent-child" ns2:from="ferc_FormulaRateTable" ns2:to="ferc_FormulaRateVariancesAxis" ns2:type="arc" />
        <ns0:loc ns2:href="../../ferc-core_2021-01-01.xsd#ferc_FormulaRateLineItems" ns2:label="ferc_FormulaRateLineItems" ns2:type="locator" />
        <ns0:presentationArc order="2" ns2:arcrole="http://www.xbrl.org/2003/arcrole/parent-child" ns2:from="ferc_FormulaRateTable" ns2:to="ferc_FormulaRateLineItems" ns2:type="arc" />
        <ns0:loc ns2:href="../../ferc-core_2021-01-01.xsd#ferc_OrderNumber" ns2:label="ferc_OrderNumber" ns2:type="locator" />
        <ns0:presentationArc order="1" ns2:arcrole="http://www.xbrl.org/2003/arcrole/parent-child" ns2:from="ferc_FormulaRateLineItems" ns2:to="ferc_OrderNumber" ns2:type="arc" />
        <ns0:loc ns2:href="../../ferc-core_2021-01-01.xsd#ferc_PageNumberOfFormulaRateVariances" ns2:label="ferc_PageNumberOfFormulaRateVariances" ns2:type="locator" />
        <ns0:presentationArc order="2" preferredLabel="http://ferc.gov/form/2020-01-01/roles/label/F1FormulaRates" ns2:arcrole="http://www.xbrl.org/2003/arcrole/parent-child" ns2:from="ferc_FormulaRateLineItems" ns2:to="ferc_PageNumberOfFormulaRateVariances" ns2:type="arc" />
        <ns0:loc ns2:href="../../ferc-core_2021-01-01.xsd#ferc_ScheduleOfFormulaRateVariances" ns2:label="ferc_ScheduleOfFormulaRateVariances" ns2:type="locator" />
        <ns0:presentationArc order="3" preferredLabel="http://ferc.gov/form/2020-01-01/roles/label/F1FormulaRates" ns2:arcrole="http://www.xbrl.org/2003/arcrole/parent-child" ns2:from="ferc_FormulaRateLineItems" ns2:to="ferc_ScheduleOfFormulaRateVariances" ns2:type="arc" />
        <ns0:loc ns2:href="../../ferc-core_2021-01-01.xsd#ferc_ColumnOfFormulaRateVariances" ns2:label="ferc_ColumnOfFormulaRateVariances" ns2:type="locator" />
        <ns0:presentationArc order="4" preferredLabel="http://ferc.gov/form/2020-01-01/roles/label/F1FormulaRates" ns2:arcrole="http://www.xbrl.org/2003/arcrole/parent-child" ns2:from="ferc_FormulaRateLineItems" ns2:to="ferc_ColumnOfFormulaRateVariances" ns2:type="arc" />
        <ns0:loc ns2:href="../../ferc-core_2021-01-01.xsd#ferc_LineNumberOfFormulaRateVariances" ns2:label="ferc_LineNumberOfFormulaRateVariances" ns2:type="locator" />
        <ns0:presentationArc order="5" preferredLabel="http://ferc.gov/form/2020-01-01/roles/label/F1FormulaRates" ns2:arcrole="http://www.xbrl.org/2003/arcrole/parent-child" ns2:from="ferc_FormulaRateLineItems" ns2:to="ferc_LineNumberOfFormulaRateVariances" ns2:type="arc" />
    </ns0:presentationLink>
</ns0:linkbase>