<ns0:linkbase xmlns:ns0="http://www.xbrl.org/2003/linkbase" xmlns:ns2="http://www.w3.org/1999/xlink" xmlns:ns3="http://xbrl.org/2005/xbrldt" xmlns:xsi="http://www.w3.org/2001/XMLSchema-instance" xsi:schemaLocation="http://www.xbrl.org/2003/linkbase http://www.xbrl.org/2003/xbrl-linkbase-2003-12-31.xsd">
    <ns0:roleRef roleURI="http://ferc.gov/form/2020-01-01/roles/Schedule/F1/ScheduleAccumulatedDeferredIncomeTaxesAcceleratedAmortizationPropertyUtilityTypes" ns2:href="form-1-sched-AccumulatedDeferredIncomeTaxesAcceleratedAmortizationProperty_2021-01-01.xsd#roleType_ScheduleAccumulatedDeferredIncomeTaxesAcceleratedAmortizationPropertyUtilityTypes" ns2:type="simple" />
    <ns0:roleRef roleURI="http://ferc.gov/form/2020-01-01/roles/Schedule/F1/ScheduleAccumulatedDeferredIncomeTaxesAcceleratedAmortizationPropertyOtherElectric" ns2:href="form-1-sched-AccumulatedDeferredIncomeTaxesAcceleratedAmortizationProperty_2021-01-01.xsd#roleType_ScheduleAccumulatedDeferredIncomeTaxesAcceleratedAmortizationPropertyOtherElectric" ns2:type="simple" />
    <ns0:arcroleRef arcroleURI="http://xbrl.org/int/dim/arcrole/dimension-domain" ns2:href="http://www.xbrl.org/2005/xbrldt-2005.xsd#dimension-domain" ns2:type="simple" />
    <ns0:roleRef roleURI="http://ferc.gov/form/2020-01-01/roles/Schedule/F1/ScheduleAccumulatedDeferredIncomeTaxesAcceleratedAmortizationPropertyOther" ns2:href="form-1-sched-AccumulatedDeferredIncomeTaxesAcceleratedAmortizationProperty_2021-01-01.xsd#roleType_ScheduleAccumulatedDeferredIncomeTaxesAcceleratedAmortizationPropertyOther" ns2:type="simple" />
    <ns0:arcroleRef arcroleURI="http://xbrl.org/int/dim/arcrole/dimension-default" ns2:href="http://www.xbrl.org/2005/xbrldt-2005.xsd#dimension-default" ns2:type="simple" />
    <ns0:arcroleRef arcroleURI="http://xbrl.org/int/dim/arcrole/hypercube-dimension" ns2:href="http://www.xbrl.org/2005/xbrldt-2005.xsd#hypercube-dimension" ns2:type="simple" />
    <ns0:roleRef roleURI="http://ferc.gov/form/2020-01-01/roles/Schedule/F1/ScheduleAccumulatedDeferredIncomeTaxesAcceleratedAmortizationPropertyOtherGas" ns2:href="form-1-sched-AccumulatedDeferredIncomeTaxesAcceleratedAmortizationProperty_2021-01-01.xsd#roleType_ScheduleAccumulatedDeferredIncomeTaxesAcceleratedAmortizationPropertyOtherGas" ns2:type="simple" />
    <ns0:roleRef roleURI="http://ferc.gov/form/2020-01-01/roles/Schedule/F1/ScheduleAccumulatedDeferredIncomeTaxesAcceleratedAmortizationPropertyTaxTypes" ns2:href="form-1-sched-AccumulatedDeferredIncomeTaxesAcceleratedAmortizationProperty_2021-01-01.xsd#roleType_ScheduleAccumulatedDeferredIncomeTaxesAcceleratedAmortizationPropertyTaxTypes" ns2:type="simple" />
    <ns0:arcroleRef arcroleURI="http://xbrl.org/int/dim/arcrole/all" ns2:href="http://www.xbrl.org/2005/xbrldt-2005.xsd#all" ns2:type="simple" />
    <ns0:arcroleRef arcroleURI="http://xbrl.org/int/dim/arcrole/domain-member" ns2:href="http://www.xbrl.org/2005/xbrldt-2005.xsd#domain-member" ns2:type="simple" />
    <ns0:definitionLink ns2:role="http://ferc.gov/form/2020-01-01/roles/Schedule/F1/ScheduleAccumulatedDeferredIncomeTaxesAcceleratedAmortizationPropertyUtilityTypes" ns2:type="extended">
        <ns0:loc ns2:href="../../ferc-core_2021-01-01.xsd#ferc_ScheduleAccumulatedDeferredIncomeTaxesAcceleratedAmortizationPropertyAbstract" ns2:label="ferc_ScheduleAccumulatedDeferredIncomeTaxesAcceleratedAmortizationPropertyAbstract" ns2:type="locator" />
        <ns0:loc ns2:href="../../ferc-core_2021-01-01.xsd#ferc_AccumulatedDeferredIncomeTaxLiabilitiesAssetsAcceleratedAmortizationPropertyByTypeLineItems" ns2:label="ferc_AccumulatedDeferredIncomeTaxLiabilitiesAssetsAcceleratedAmortizationPropertyByTypeLineItems" ns2:type="locator" />
        <ns0:definitionArc order="1" ns2:arcrole="http://xbrl.org/int/dim/arcrole/domain-member" ns2:from="ferc_ScheduleAccumulatedDeferredIncomeTaxesAcceleratedAmortizationPropertyAbstract" ns2:to="ferc_AccumulatedDeferredIncomeTaxLiabilitiesAssetsAcceleratedAmortizationPropertyByTypeLineItems" ns2:type="arc" />
        <ns0:loc ns2:href="../../ferc-core_2021-01-01.xsd#ferc_AccumulatedDeferredIncomeTaxLiabilitiesAssetsAcceleratedAmortizationPropertyByTypeTable" ns2:label="ferc_AccumulatedDeferredIncomeTaxLiabilitiesAssetsAcceleratedAmortizationPropertyByTypeTable" ns2:type="locator" />
        <ns0:definitionArc order="1" ns2:arcrole="http://xbrl.org/int/dim/arcrole/all" ns2:from="ferc_AccumulatedDeferredIncomeTaxLiabilitiesAssetsAcceleratedAmortizationPropertyByTypeLineItems" ns2:to="ferc_AccumulatedDeferredIncomeTaxLiabilitiesAssetsAcceleratedAmortizationPropertyByTypeTable" ns2:type="arc" ns3:closed="true" ns3:contextElement="segment" />
        <ns0:loc ns2:href="../../ferc-core_2021-01-01.xsd#ferc_UtilityTypeAxis" ns2:label="ferc_UtilityTypeAxis" ns2:type="locator" />
        <ns0:definitionArc order="1" ns2:arcrole="http://xbrl.org/int/dim/arcrole/hypercube-dimension" ns2:from="ferc_AccumulatedDeferredIncomeTaxLiabilitiesAssetsAcceleratedAmortizationPropertyByTypeTable" ns2:to="ferc_UtilityTypeAxis" ns2:type="arc" />
        <ns0:loc ns2:href="../../ferc-core_2021-01-01.xsd#ferc_UtilityTypeDomain" ns2:label="ferc_UtilityTypeDomain" ns2:type="locator" />
        <ns0:definitionArc order="1" ns2:arcrole="http://xbrl.org/int/dim/arcrole/dimension-domain" ns2:from="ferc_UtilityTypeAxis" ns2:to="ferc_UtilityTypeDomain" ns2:type="arc" />
        <ns0:loc ns2:href="../../ferc-core_2021-01-01.xsd#ferc_ElectricUtilityMember" ns2:label="ferc_ElectricUtilityMember" ns2:type="locator" />
        <ns0:definitionArc order="1" ns2:arcrole="http://xbrl.org/int/dim/arcrole/domain-member" ns2:from="ferc_UtilityTypeDomain" ns2:to="ferc_ElectricUtilityMember" ns2:type="arc" />
        <ns0:loc ns2:href="../../ferc-core_2021-01-01.xsd#ferc_ElectricDefenseFacilitiesMember" ns2:label="ferc_ElectricDefenseFacilitiesMember" ns2:type="locator" />
        <ns0:definitionArc order="1" ns2:arcrole="http://xbrl.org/int/dim/arcrole/domain-member" ns2:from="ferc_ElectricUtilityMember" ns2:to="ferc_ElectricDefenseFacilitiesMember" ns2:type="arc" />
        <ns0:loc ns2:href="../../ferc-core_2021-01-01.xsd#ferc_ElectricPollutionControlFacilitiesMember" ns2:label="ferc_ElectricPollutionControlFacilitiesMember" ns2:type="locator" />
        <ns0:definitionArc order="2" ns2:arcrole="http://xbrl.org/int/dim/arcrole/domain-member" ns2:from="ferc_ElectricUtilityMember" ns2:to="ferc_ElectricPollutionControlFacilitiesMember" ns2:type="arc" />
        <ns0:loc ns2:href="../../ferc-core_2021-01-01.xsd#ferc_ElectricOtherFacilitiesMember" ns2:label="ferc_ElectricOtherFacilitiesMember" ns2:type="locator" />
        <ns0:definitionArc order="3" ns2:arcrole="http://xbrl.org/int/dim/arcrole/domain-member" ns2:from="ferc_ElectricUtilityMember" ns2:to="ferc_ElectricOtherFacilitiesMember" ns2:type="arc" />
        <ns0:loc ns2:href="../../ferc-core_2021-01-01.xsd#ferc_GasUtilityMember" ns2:label="ferc_GasUtilityMember" ns2:type="locator" />
        <ns0:definitionArc order="2" ns2:arcrole="http://xbrl.org/int/dim/arcrole/domain-member" ns2:from="ferc_UtilityTypeDomain" ns2:to="ferc_GasUtilityMember" ns2:type="arc" />
        <ns0:loc ns2:href="../../ferc-core_2021-01-01.xsd#ferc_GasDefenseFacilitiesMember" ns2:label="ferc_GasDefenseFacilitiesMember" ns2:type="locator" />
        <ns0:definitionArc order="1" ns2:arcrole="http://xbrl.org/int/dim/arcrole/domain-member" ns2:from="ferc_GasUtilityMember" ns2:to="ferc_GasDefenseFacilitiesMember" ns2:type="arc" />
        <ns0:loc ns2:href="../../ferc-core_2021-01-01.xsd#ferc_GasPollutionControlFacilitiesMember" ns2:label="ferc_GasPollutionControlFacilitiesMember" ns2:type="locator" />
        <ns0:definitionArc order="2" ns2:arcrole="http://xbrl.org/int/dim/arcrole/domain-member" ns2:from="ferc_GasUtilityMember" ns2:to="ferc_GasPollutionControlFacilitiesMember" ns2:type="arc" />
        <ns0:loc ns2:href="../../ferc-core_2021-01-01.xsd#ferc_GasOtherFacilitiesMember" ns2:label="ferc_GasOtherFacilitiesMember" ns2:type="locator" />
        <ns0:definitionArc order="3" ns2:arcrole="http://xbrl.org/int/dim/arcrole/domain-member" ns2:from="ferc_GasUtilityMember" ns2:to="ferc_GasOtherFacilitiesMember" ns2:type="arc" />
        <ns0:loc ns2:href="../../ferc-core_2021-01-01.xsd#ferc_OtherUtilityMember" ns2:label="ferc_OtherUtilityMember" ns2:type="locator" />
        <ns0:definitionArc order="3" ns2:arcrole="http://xbrl.org/int/dim/arcrole/domain-member" ns2:from="ferc_UtilityTypeDomain" ns2:to="ferc_OtherUtilityMember" ns2:type="arc" />
        <ns0:loc ns2:href="../../ferc-core_2021-01-01.xsd#ferc_AccumulatedDeferredIncomeTaxesAcceleratedAmortizationProperty" ns2:label="ferc_AccumulatedDeferredIncomeTaxesAcceleratedAmortizationProperty" ns2:type="locator" />
        <ns0:definitionArc order="2" ns2:arcrole="http://xbrl.org/int/dim/arcrole/domain-member" ns2:from="ferc_AccumulatedDeferredIncomeTaxLiabilitiesAssetsAcceleratedAmortizationPropertyByTypeLineItems" ns2:to="ferc_AccumulatedDeferredIncomeTaxesAcceleratedAmortizationProperty" ns2:type="arc" />
        <ns0:loc ns2:href="../../ferc-core_2021-01-01.xsd#ferc_AccumulatedDeferredIncomeTaxLiabilitiesAssetsAcceleratedAmortizationPropertyChangesDebitedToProvisionForDeferredIncomeTaxesOperatingIncome" ns2:label="ferc_AccumulatedDeferredIncomeTaxLiabilitiesAssetsAcceleratedAmortizationPropertyChangesDebitedToProvisionForDeferredIncomeTaxesOperatingIncome" ns2:type="locator" />
        <ns0:definitionArc order="3" ns2:arcrole="http://xbrl.org/int/dim/arcrole/domain-member" ns2:from="ferc_AccumulatedDeferredIncomeTaxLiabilitiesAssetsAcceleratedAmortizationPropertyByTypeLineItems" ns2:to="ferc_AccumulatedDeferredIncomeTaxLiabilitiesAssetsAcceleratedAmortizationPropertyChangesDebitedToProvisionForDeferredIncomeTaxesOperatingIncome" ns2:type="arc" />
        <ns0:loc ns2:href="../../ferc-core_2021-01-01.xsd#ferc_AccumulatedDeferredIncomeTaxLiabilitiesAssetsAcceleratedAmortizationPropertyChangesCreditedToProvisionForDeferredIncomeTaxesOperatingIncome" ns2:label="ferc_AccumulatedDeferredIncomeTaxLiabilitiesAssetsAcceleratedAmortizationPropertyChangesCreditedToProvisionForDeferredIncomeTaxesOperatingIncome" ns2:type="locator" />
        <ns0:definitionArc order="4" ns2:arcrole="http://xbrl.org/int/dim/arcrole/domain-member" ns2:from="ferc_AccumulatedDeferredIncomeTaxLiabilitiesAssetsAcceleratedAmortizationPropertyByTypeLineItems" ns2:to="ferc_AccumulatedDeferredIncomeTaxLiabilitiesAssetsAcceleratedAmortizationPropertyChangesCreditedToProvisionForDeferredIncomeTaxesOperatingIncome" ns2:type="arc" />
        <ns0:loc ns2:href="../../ferc-core_2021-01-01.xsd#ferc_AccumulatedDeferredIncomeTaxLiabilitiesAssetsAcceleratedAmortizationPropertyChangesDebitedToProvisionForDeferredIncomeTaxesOtherIncomeAndDeductions" ns2:label="ferc_AccumulatedDeferredIncomeTaxLiabilitiesAssetsAcceleratedAmortizationPropertyChangesDebitedToProvisionForDeferredIncomeTaxesOtherIncomeAndDeductions" ns2:type="locator" />
        <ns0:definitionArc order="5" ns2:arcrole="http://xbrl.org/int/dim/arcrole/domain-member" ns2:from="ferc_AccumulatedDeferredIncomeTaxLiabilitiesAssetsAcceleratedAmortizationPropertyByTypeLineItems" ns2:to="ferc_AccumulatedDeferredIncomeTaxLiabilitiesAssetsAcceleratedAmortizationPropertyChangesDebitedToProvisionForDeferredIncomeTaxesOtherIncomeAndDeductions" ns2:type="arc" />
        <ns0:loc ns2:href="../../ferc-core_2021-01-01.xsd#ferc_AccumulatedDeferredIncomeTaxLiabilitiesAssetsAcceleratedAmortizationPropertyChangesCreditedToProvisionForDeferredIncomeTaxesOtherIncomeAndDeductions" ns2:label="ferc_AccumulatedDeferredIncomeTaxLiabilitiesAssetsAcceleratedAmortizationPropertyChangesCreditedToProvisionForDeferredIncomeTaxesOtherIncomeAndDeductions" ns2:type="locator" />
        <ns0:definitionArc order="6" ns2:arcrole="http://xbrl.org/int/dim/arcrole/domain-member" ns2:from="ferc_AccumulatedDeferredIncomeTaxLiabilitiesAssetsAcceleratedAmortizationPropertyByTypeLineItems" ns2:to="ferc_AccumulatedDeferredIncomeTaxLiabilitiesAssetsAcceleratedAmortizationPropertyChangesCreditedToProvisionForDeferredIncomeTaxesOtherIncomeAndDeductions" ns2:type="arc" />
        <ns0:loc ns2:href="../../ferc-core_2021-01-01.xsd#ferc_AccumulatedDeferredIncomeTaxLiabilitiesAssetsAcceleratedAmortizationPropertyDescriptionOfCreditedAccountNumberForDebitAdjustments" ns2:label="ferc_AccumulatedDeferredIncomeTaxLiabilitiesAssetsAcceleratedAmortizationPropertyDescriptionOfCreditedAccountNumberForDebitAdjustments" ns2:type="locator" />
        <ns0:definitionArc order="7" ns2:arcrole="http://xbrl.org/int/dim/arcrole/domain-member" ns2:from="ferc_AccumulatedDeferredIncomeTaxLiabilitiesAssetsAcceleratedAmortizationPropertyByTypeLineItems" ns2:to="ferc_AccumulatedDeferredIncomeTaxLiabilitiesAssetsAcceleratedAmortizationPropertyDescriptionOfCreditedAccountNumberForDebitAdjustments" ns2:type="arc" />
        <ns0:loc ns2:href="../../ferc-core_2021-01-01.xsd#ferc_AccumulatedDeferredIncomeTaxLiabilitiesAssetsAcceleratedAmortizationPropertyAdjustmentsDebitedToAccount" ns2:label="ferc_AccumulatedDeferredIncomeTaxLiabilitiesAssetsAcceleratedAmortizationPropertyAdjustmentsDebitedToAccount" ns2:type="locator" />
        <ns0:definitionArc order="8" ns2:arcrole="http://xbrl.org/int/dim/arcrole/domain-member" ns2:from="ferc_AccumulatedDeferredIncomeTaxLiabilitiesAssetsAcceleratedAmortizationPropertyByTypeLineItems" ns2:to="ferc_AccumulatedDeferredIncomeTaxLiabilitiesAssetsAcceleratedAmortizationPropertyAdjustmentsDebitedToAccount" ns2:type="arc" />
        <ns0:loc ns2:href="../../ferc-core_2021-01-01.xsd#ferc_AccumulatedDeferredIncomeTaxLiabilitiesAssetsAcceleratedAmortizationPropertyDescriptionOfDebitedAccountNumberForCreditAdjustments" ns2:label="ferc_AccumulatedDeferredIncomeTaxLiabilitiesAssetsAcceleratedAmortizationPropertyDescriptionOfDebitedAccountNumberForCreditAdjustments" ns2:type="locator" />
        <ns0:definitionArc order="9" ns2:arcrole="http://xbrl.org/int/dim/arcrole/domain-member" ns2:from="ferc_AccumulatedDeferredIncomeTaxLiabilitiesAssetsAcceleratedAmortizationPropertyByTypeLineItems" ns2:to="ferc_AccumulatedDeferredIncomeTaxLiabilitiesAssetsAcceleratedAmortizationPropertyDescriptionOfDebitedAccountNumberForCreditAdjustments" ns2:type="arc" />
        <ns0:loc ns2:href="../../ferc-core_2021-01-01.xsd#ferc_AccumulatedDeferredIncomeTaxLiabilitiesAssetsAcceleratedAmortizationPropertyAdjustmentsCreditedToAccount" ns2:label="ferc_AccumulatedDeferredIncomeTaxLiabilitiesAssetsAcceleratedAmortizationPropertyAdjustmentsCreditedToAccount" ns2:type="locator" />
        <ns0:definitionArc order="10" ns2:arcrole="http://xbrl.org/int/dim/arcrole/domain-member" ns2:from="ferc_AccumulatedDeferredIncomeTaxLiabilitiesAssetsAcceleratedAmortizationPropertyByTypeLineItems" ns2:to="ferc_AccumulatedDeferredIncomeTaxLiabilitiesAssetsAcceleratedAmortizationPropertyAdjustmentsCreditedToAccount" ns2:type="arc" />
    </ns0:definitionLink>
    <ns0:definitionLink ns2:role="http://ferc.gov/form/2020-01-01/roles/Schedule/F1/ScheduleAccumulatedDeferredIncomeTaxesAcceleratedAmortizationPropertyOtherElectric" ns2:type="extended">
        <ns0:loc ns2:href="../../ferc-core_2021-01-01.xsd#ferc_ScheduleAccumulatedDeferredIncomeTaxesAcceleratedAmortizationPropertyAbstract" ns2:label="ferc_ScheduleAccumulatedDeferredIncomeTaxesAcceleratedAmortizationPropertyAbstract" ns2:type="locator" />
        <ns0:loc ns2:href="../../ferc-core_2021-01-01.xsd#ferc_AccumulatedDeferredIncomeTaxLiabilitiesAssetsAcceleratedAmortizationPropertyByTypeLineItems" ns2:label="ferc_AccumulatedDeferredIncomeTaxLiabilitiesAssetsAcceleratedAmortizationPropertyByTypeLineItems" ns2:type="locator" />
        <ns0:definitionArc order="1" ns2:arcrole="http://xbrl.org/int/dim/arcrole/domain-member" ns2:from="ferc_ScheduleAccumulatedDeferredIncomeTaxesAcceleratedAmortizationPropertyAbstract" ns2:to="ferc_AccumulatedDeferredIncomeTaxLiabilitiesAssetsAcceleratedAmortizationPropertyByTypeLineItems" ns2:type="arc" />
        <ns0:loc ns2:href="../../ferc-core_2021-01-01.xsd#ferc_AccumulatedDeferredIncomeTaxLiabilitiesAssetsAcceleratedAmortizationPropertyByTypeTable" ns2:label="ferc_AccumulatedDeferredIncomeTaxLiabilitiesAssetsAcceleratedAmortizationPropertyByTypeTable" ns2:type="locator" />
        <ns0:definitionArc order="1" ns2:arcrole="http://xbrl.org/int/dim/arcrole/all" ns2:from="ferc_AccumulatedDeferredIncomeTaxLiabilitiesAssetsAcceleratedAmortizationPropertyByTypeLineItems" ns2:to="ferc_AccumulatedDeferredIncomeTaxLiabilitiesAssetsAcceleratedAmortizationPropertyByTypeTable" ns2:type="arc" ns3:closed="true" ns3:contextElement="segment" />
        <ns0:loc ns2:href="../../ferc-core_2021-01-01.xsd#ferc_AcceleratedAmortizationPropertyElectricOtherAxis" ns2:label="ferc_AcceleratedAmortizationPropertyElectricOtherAxis" ns2:type="locator" />
        <ns0:definitionArc order="1" ns2:arcrole="http://xbrl.org/int/dim/arcrole/hypercube-dimension" ns2:from="ferc_AccumulatedDeferredIncomeTaxLiabilitiesAssetsAcceleratedAmortizationPropertyByTypeTable" ns2:to="ferc_AcceleratedAmortizationPropertyElectricOtherAxis" ns2:type="arc" />
        <ns0:loc ns2:href="../../ferc-core_2021-01-01.xsd#ferc_UtilityTypeAxis" ns2:label="ferc_UtilityTypeAxis" ns2:type="locator" />
        <ns0:definitionArc order="2" ns2:arcrole="http://xbrl.org/int/dim/arcrole/hypercube-dimension" ns2:from="ferc_AccumulatedDeferredIncomeTaxLiabilitiesAssetsAcceleratedAmortizationPropertyByTypeTable" ns2:to="ferc_UtilityTypeAxis" ns2:type="arc" />
        <ns0:loc ns2:href="../../ferc-core_2021-01-01.xsd#ferc_UtilityTypeDomain" ns2:label="ferc_UtilityTypeDomain" ns2:type="locator" />
        <ns0:definitionArc order="1" ns2:arcrole="http://xbrl.org/int/dim/arcrole/dimension-domain" ns2:from="ferc_UtilityTypeAxis" ns2:to="ferc_UtilityTypeDomain" ns2:type="arc" />
        <ns0:loc ns2:href="../../ferc-core_2021-01-01.xsd#ferc_ElectricOtherFacilitiesMember" ns2:label="ferc_ElectricOtherFacilitiesMember" ns2:type="locator" />
        <ns0:definitionArc order="1" ns2:arcrole="http://xbrl.org/int/dim/arcrole/domain-member" ns2:from="ferc_UtilityTypeDomain" ns2:to="ferc_ElectricOtherFacilitiesMember" ns2:type="arc" />
        <ns0:loc ns2:href="../../ferc-core_2021-01-01.xsd#ferc_OrderNumber" ns2:label="ferc_OrderNumber" ns2:type="locator" />
        <ns0:definitionArc order="2" ns2:arcrole="http://xbrl.org/int/dim/arcrole/domain-member" ns2:from="ferc_AccumulatedDeferredIncomeTaxLiabilitiesAssetsAcceleratedAmortizationPropertyByTypeLineItems" ns2:to="ferc_OrderNumber" ns2:type="arc" />
        <ns0:loc ns2:href="../../ferc-core_2021-01-01.xsd#ferc_DescriptionOfAcceleratedAmortizationPropertyElectricOther" ns2:label="ferc_DescriptionOfAcceleratedAmortizationPropertyElectricOther" ns2:type="locator" />
        <ns0:definitionArc order="3" ns2:arcrole="http://xbrl.org/int/dim/arcrole/domain-member" ns2:from="ferc_AccumulatedDeferredIncomeTaxLiabilitiesAssetsAcceleratedAmortizationPropertyByTypeLineItems" ns2:to="ferc_DescriptionOfAcceleratedAmortizationPropertyElectricOther" ns2:type="arc" />
        <ns0:loc ns2:href="../../ferc-core_2021-01-01.xsd#ferc_AccumulatedDeferredIncomeTaxesAcceleratedAmortizationProperty" ns2:label="ferc_AccumulatedDeferredIncomeTaxesAcceleratedAmortizationProperty" ns2:type="locator" />
        <ns0:definitionArc order="4" ns2:arcrole="http://xbrl.org/int/dim/arcrole/domain-member" ns2:from="ferc_AccumulatedDeferredIncomeTaxLiabilitiesAssetsAcceleratedAmortizationPropertyByTypeLineItems" ns2:to="ferc_AccumulatedDeferredIncomeTaxesAcceleratedAmortizationProperty" ns2:type="arc" />
        <ns0:loc ns2:href="../../ferc-core_2021-01-01.xsd#ferc_AccumulatedDeferredIncomeTaxLiabilitiesAssetsAcceleratedAmortizationPropertyChangesDebitedToProvisionForDeferredIncomeTaxesOperatingIncome" ns2:label="ferc_AccumulatedDeferredIncomeTaxLiabilitiesAssetsAcceleratedAmortizationPropertyChangesDebitedToProvisionForDeferredIncomeTaxesOperatingIncome" ns2:type="locator" />
        <ns0:definitionArc order="5" ns2:arcrole="http://xbrl.org/int/dim/arcrole/domain-member" ns2:from="ferc_AccumulatedDeferredIncomeTaxLiabilitiesAssetsAcceleratedAmortizationPropertyByTypeLineItems" ns2:to="ferc_AccumulatedDeferredIncomeTaxLiabilitiesAssetsAcceleratedAmortizationPropertyChangesDebitedToProvisionForDeferredIncomeTaxesOperatingIncome" ns2:type="arc" />
        <ns0:loc ns2:href="../../ferc-core_2021-01-01.xsd#ferc_AccumulatedDeferredIncomeTaxLiabilitiesAssetsAcceleratedAmortizationPropertyChangesCreditedToProvisionForDeferredIncomeTaxesOperatingIncome" ns2:label="ferc_AccumulatedDeferredIncomeTaxLiabilitiesAssetsAcceleratedAmortizationPropertyChangesCreditedToProvisionForDeferredIncomeTaxesOperatingIncome" ns2:type="locator" />
        <ns0:definitionArc order="6" ns2:arcrole="http://xbrl.org/int/dim/arcrole/domain-member" ns2:from="ferc_AccumulatedDeferredIncomeTaxLiabilitiesAssetsAcceleratedAmortizationPropertyByTypeLineItems" ns2:to="ferc_AccumulatedDeferredIncomeTaxLiabilitiesAssetsAcceleratedAmortizationPropertyChangesCreditedToProvisionForDeferredIncomeTaxesOperatingIncome" ns2:type="arc" />
        <ns0:loc ns2:href="../../ferc-core_2021-01-01.xsd#ferc_AccumulatedDeferredIncomeTaxLiabilitiesAssetsAcceleratedAmortizationPropertyChangesDebitedToProvisionForDeferredIncomeTaxesOtherIncomeAndDeductions" ns2:label="ferc_AccumulatedDeferredIncomeTaxLiabilitiesAssetsAcceleratedAmortizationPropertyChangesDebitedToProvisionForDeferredIncomeTaxesOtherIncomeAndDeductions" ns2:type="locator" />
        <ns0:definitionArc order="7" ns2:arcrole="http://xbrl.org/int/dim/arcrole/domain-member" ns2:from="ferc_AccumulatedDeferredIncomeTaxLiabilitiesAssetsAcceleratedAmortizationPropertyByTypeLineItems" ns2:to="ferc_AccumulatedDeferredIncomeTaxLiabilitiesAssetsAcceleratedAmortizationPropertyChangesDebitedToProvisionForDeferredIncomeTaxesOtherIncomeAndDeductions" ns2:type="arc" />
        <ns0:loc ns2:href="../../ferc-core_2021-01-01.xsd#ferc_AccumulatedDeferredIncomeTaxLiabilitiesAssetsAcceleratedAmortizationPropertyChangesCreditedToProvisionForDeferredIncomeTaxesOtherIncomeAndDeductions" ns2:label="ferc_AccumulatedDeferredIncomeTaxLiabilitiesAssetsAcceleratedAmortizationPropertyChangesCreditedToProvisionForDeferredIncomeTaxesOtherIncomeAndDeductions" ns2:type="locator" />
        <ns0:definitionArc order="8" ns2:arcrole="http://xbrl.org/int/dim/arcrole/domain-member" ns2:from="ferc_AccumulatedDeferredIncomeTaxLiabilitiesAssetsAcceleratedAmortizationPropertyByTypeLineItems" ns2:to="ferc_AccumulatedDeferredIncomeTaxLiabilitiesAssetsAcceleratedAmortizationPropertyChangesCreditedToProvisionForDeferredIncomeTaxesOtherIncomeAndDeductions" ns2:type="arc" />
        <ns0:loc ns2:href="../../ferc-core_2021-01-01.xsd#ferc_AccumulatedDeferredIncomeTaxLiabilitiesAssetsAcceleratedAmortizationPropertyDescriptionOfCreditedAccountNumberForDebitAdjustments" ns2:label="ferc_AccumulatedDeferredIncomeTaxLiabilitiesAssetsAcceleratedAmortizationPropertyDescriptionOfCreditedAccountNumberForDebitAdjustments" ns2:type="locator" />
        <ns0:definitionArc order="9" ns2:arcrole="http://xbrl.org/int/dim/arcrole/domain-member" ns2:from="ferc_AccumulatedDeferredIncomeTaxLiabilitiesAssetsAcceleratedAmortizationPropertyByTypeLineItems" ns2:to="ferc_AccumulatedDeferredIncomeTaxLiabilitiesAssetsAcceleratedAmortizationPropertyDescriptionOfCreditedAccountNumberForDebitAdjustments" ns2:type="arc" />
        <ns0:loc ns2:href="../../ferc-core_2021-01-01.xsd#ferc_AccumulatedDeferredIncomeTaxLiabilitiesAssetsAcceleratedAmortizationPropertyAdjustmentsDebitedToAccount" ns2:label="ferc_AccumulatedDeferredIncomeTaxLiabilitiesAssetsAcceleratedAmortizationPropertyAdjustmentsDebitedToAccount" ns2:type="locator" />
        <ns0:definitionArc order="10" ns2:arcrole="http://xbrl.org/int/dim/arcrole/domain-member" ns2:from="ferc_AccumulatedDeferredIncomeTaxLiabilitiesAssetsAcceleratedAmortizationPropertyByTypeLineItems" ns2:to="ferc_AccumulatedDeferredIncomeTaxLiabilitiesAssetsAcceleratedAmortizationPropertyAdjustmentsDebitedToAccount" ns2:type="arc" />
        <ns0:loc ns2:href="../../ferc-core_2021-01-01.xsd#ferc_AccumulatedDeferredIncomeTaxLiabilitiesAssetsAcceleratedAmortizationPropertyDescriptionOfDebitedAccountNumberForCreditAdjustments" ns2:label="ferc_AccumulatedDeferredIncomeTaxLiabilitiesAssetsAcceleratedAmortizationPropertyDescriptionOfDebitedAccountNumberForCreditAdjustments" ns2:type="locator" />
        <ns0:definitionArc order="11" ns2:arcrole="http://xbrl.org/int/dim/arcrole/domain-member" ns2:from="ferc_AccumulatedDeferredIncomeTaxLiabilitiesAssetsAcceleratedAmortizationPropertyByTypeLineItems" ns2:to="ferc_AccumulatedDeferredIncomeTaxLiabilitiesAssetsAcceleratedAmortizationPropertyDescriptionOfDebitedAccountNumberForCreditAdjustments" ns2:type="arc" />
        <ns0:loc ns2:href="../../ferc-core_2021-01-01.xsd#ferc_AccumulatedDeferredIncomeTaxLiabilitiesAssetsAcceleratedAmortizationPropertyAdjustmentsCreditedToAccount" ns2:label="ferc_AccumulatedDeferredIncomeTaxLiabilitiesAssetsAcceleratedAmortizationPropertyAdjustmentsCreditedToAccount" ns2:type="locator" />
        <ns0:definitionArc order="12" ns2:arcrole="http://xbrl.org/int/dim/arcrole/domain-member" ns2:from="ferc_AccumulatedDeferredIncomeTaxLiabilitiesAssetsAcceleratedAmortizationPropertyByTypeLineItems" ns2:to="ferc_AccumulatedDeferredIncomeTaxLiabilitiesAssetsAcceleratedAmortizationPropertyAdjustmentsCreditedToAccount" ns2:type="arc" />
    </ns0:definitionLink>
    <ns0:definitionLink ns2:role="http://ferc.gov/form/2020-01-01/roles/Schedule/F1/ScheduleAccumulatedDeferredIncomeTaxesAcceleratedAmortizationPropertyOtherGas" ns2:type="extended">
        <ns0:loc ns2:href="../../ferc-core_2021-01-01.xsd#ferc_ScheduleAccumulatedDeferredIncomeTaxesAcceleratedAmortizationPropertyAbstract" ns2:label="ferc_ScheduleAccumulatedDeferredIncomeTaxesAcceleratedAmortizationPropertyAbstract" ns2:type="locator" />
        <ns0:loc ns2:href="../../ferc-core_2021-01-01.xsd#ferc_AccumulatedDeferredIncomeTaxLiabilitiesAssetsAcceleratedAmortizationPropertyByTypeLineItems" ns2:label="ferc_AccumulatedDeferredIncomeTaxLiabilitiesAssetsAcceleratedAmortizationPropertyByTypeLineItems" ns2:type="locator" />
        <ns0:definitionArc order="1" ns2:arcrole="http://xbrl.org/int/dim/arcrole/domain-member" ns2:from="ferc_ScheduleAccumulatedDeferredIncomeTaxesAcceleratedAmortizationPropertyAbstract" ns2:to="ferc_AccumulatedDeferredIncomeTaxLiabilitiesAssetsAcceleratedAmortizationPropertyByTypeLineItems" ns2:type="arc" />
        <ns0:loc ns2:href="../../ferc-core_2021-01-01.xsd#ferc_AccumulatedDeferredIncomeTaxLiabilitiesAssetsAcceleratedAmortizationPropertyByTypeTable" ns2:label="ferc_AccumulatedDeferredIncomeTaxLiabilitiesAssetsAcceleratedAmortizationPropertyByTypeTable" ns2:type="locator" />
        <ns0:definitionArc order="1" ns2:arcrole="http://xbrl.org/int/dim/arcrole/all" ns2:from="ferc_AccumulatedDeferredIncomeTaxLiabilitiesAssetsAcceleratedAmortizationPropertyByTypeLineItems" ns2:to="ferc_AccumulatedDeferredIncomeTaxLiabilitiesAssetsAcceleratedAmortizationPropertyByTypeTable" ns2:type="arc" ns3:closed="true" ns3:contextElement="segment" />
        <ns0:loc ns2:href="../../ferc-core_2021-01-01.xsd#ferc_AcceleratedAmortizationPropertyGasOtherAxis" ns2:label="ferc_AcceleratedAmortizationPropertyGasOtherAxis" ns2:type="locator" />
        <ns0:definitionArc order="1" ns2:arcrole="http://xbrl.org/int/dim/arcrole/hypercube-dimension" ns2:from="ferc_AccumulatedDeferredIncomeTaxLiabilitiesAssetsAcceleratedAmortizationPropertyByTypeTable" ns2:to="ferc_AcceleratedAmortizationPropertyGasOtherAxis" ns2:type="arc" />
        <ns0:loc ns2:href="../../ferc-core_2021-01-01.xsd#ferc_UtilityTypeAxis" ns2:label="ferc_UtilityTypeAxis" ns2:type="locator" />
        <ns0:definitionArc order="2" ns2:arcrole="http://xbrl.org/int/dim/arcrole/hypercube-dimension" ns2:from="ferc_AccumulatedDeferredIncomeTaxLiabilitiesAssetsAcceleratedAmortizationPropertyByTypeTable" ns2:to="ferc_UtilityTypeAxis" ns2:type="arc" />
        <ns0:loc ns2:href="../../ferc-core_2021-01-01.xsd#ferc_UtilityTypeDomain" ns2:label="ferc_UtilityTypeDomain" ns2:type="locator" />
        <ns0:definitionArc order="1" ns2:arcrole="http://xbrl.org/int/dim/arcrole/dimension-domain" ns2:from="ferc_UtilityTypeAxis" ns2:to="ferc_UtilityTypeDomain" ns2:type="arc" />
        <ns0:loc ns2:href="../../ferc-core_2021-01-01.xsd#ferc_GasOtherFacilitiesMember" ns2:label="ferc_GasOtherFacilitiesMember" ns2:type="locator" />
        <ns0:definitionArc order="1" ns2:arcrole="http://xbrl.org/int/dim/arcrole/domain-member" ns2:from="ferc_UtilityTypeDomain" ns2:to="ferc_GasOtherFacilitiesMember" ns2:type="arc" />
        <ns0:loc ns2:href="../../ferc-core_2021-01-01.xsd#ferc_OrderNumber" ns2:label="ferc_OrderNumber" ns2:type="locator" />
        <ns0:definitionArc order="2" ns2:arcrole="http://xbrl.org/int/dim/arcrole/domain-member" ns2:from="ferc_AccumulatedDeferredIncomeTaxLiabilitiesAssetsAcceleratedAmortizationPropertyByTypeLineItems" ns2:to="ferc_OrderNumber" ns2:type="arc" />
        <ns0:loc ns2:href="../../ferc-core_2021-01-01.xsd#ferc_DescriptionOfAcceleratedAmortizationPropertyGasOther" ns2:label="ferc_DescriptionOfAcceleratedAmortizationPropertyGasOther" ns2:type="locator" />
        <ns0:definitionArc order="3" ns2:arcrole="http://xbrl.org/int/dim/arcrole/domain-member" ns2:from="ferc_AccumulatedDeferredIncomeTaxLiabilitiesAssetsAcceleratedAmortizationPropertyByTypeLineItems" ns2:to="ferc_DescriptionOfAcceleratedAmortizationPropertyGasOther" ns2:type="arc" />
        <ns0:loc ns2:href="../../ferc-core_2021-01-01.xsd#ferc_AccumulatedDeferredIncomeTaxesAcceleratedAmortizationProperty" ns2:label="ferc_AccumulatedDeferredIncomeTaxesAcceleratedAmortizationProperty" ns2:type="locator" />
        <ns0:definitionArc order="4" ns2:arcrole="http://xbrl.org/int/dim/arcrole/domain-member" ns2:from="ferc_AccumulatedDeferredIncomeTaxLiabilitiesAssetsAcceleratedAmortizationPropertyByTypeLineItems" ns2:to="ferc_AccumulatedDeferredIncomeTaxesAcceleratedAmortizationProperty" ns2:type="arc" />
        <ns0:loc ns2:href="../../ferc-core_2021-01-01.xsd#ferc_AccumulatedDeferredIncomeTaxLiabilitiesAssetsAcceleratedAmortizationPropertyChangesDebitedToProvisionForDeferredIncomeTaxesOperatingIncome" ns2:label="ferc_AccumulatedDeferredIncomeTaxLiabilitiesAssetsAcceleratedAmortizationPropertyChangesDebitedToProvisionForDeferredIncomeTaxesOperatingIncome" ns2:type="locator" />
        <ns0:definitionArc order="5" ns2:arcrole="http://xbrl.org/int/dim/arcrole/domain-member" ns2:from="ferc_AccumulatedDeferredIncomeTaxLiabilitiesAssetsAcceleratedAmortizationPropertyByTypeLineItems" ns2:to="ferc_AccumulatedDeferredIncomeTaxLiabilitiesAssetsAcceleratedAmortizationPropertyChangesDebitedToProvisionForDeferredIncomeTaxesOperatingIncome" ns2:type="arc" />
        <ns0:loc ns2:href="../../ferc-core_2021-01-01.xsd#ferc_AccumulatedDeferredIncomeTaxLiabilitiesAssetsAcceleratedAmortizationPropertyChangesCreditedToProvisionForDeferredIncomeTaxesOperatingIncome" ns2:label="ferc_AccumulatedDeferredIncomeTaxLiabilitiesAssetsAcceleratedAmortizationPropertyChangesCreditedToProvisionForDeferredIncomeTaxesOperatingIncome" ns2:type="locator" />
        <ns0:definitionArc order="6" ns2:arcrole="http://xbrl.org/int/dim/arcrole/domain-member" ns2:from="ferc_AccumulatedDeferredIncomeTaxLiabilitiesAssetsAcceleratedAmortizationPropertyByTypeLineItems" ns2:to="ferc_AccumulatedDeferredIncomeTaxLiabilitiesAssetsAcceleratedAmortizationPropertyChangesCreditedToProvisionForDeferredIncomeTaxesOperatingIncome" ns2:type="arc" />
        <ns0:loc ns2:href="../../ferc-core_2021-01-01.xsd#ferc_AccumulatedDeferredIncomeTaxLiabilitiesAssetsAcceleratedAmortizationPropertyChangesDebitedToProvisionForDeferredIncomeTaxesOtherIncomeAndDeductions" ns2:label="ferc_AccumulatedDeferredIncomeTaxLiabilitiesAssetsAcceleratedAmortizationPropertyChangesDebitedToProvisionForDeferredIncomeTaxesOtherIncomeAndDeductions" ns2:type="locator" />
        <ns0:definitionArc order="7" ns2:arcrole="http://xbrl.org/int/dim/arcrole/domain-member" ns2:from="ferc_AccumulatedDeferredIncomeTaxLiabilitiesAssetsAcceleratedAmortizationPropertyByTypeLineItems" ns2:to="ferc_AccumulatedDeferredIncomeTaxLiabilitiesAssetsAcceleratedAmortizationPropertyChangesDebitedToProvisionForDeferredIncomeTaxesOtherIncomeAndDeductions" ns2:type="arc" />
        <ns0:loc ns2:href="../../ferc-core_2021-01-01.xsd#ferc_AccumulatedDeferredIncomeTaxLiabilitiesAssetsAcceleratedAmortizationPropertyChangesCreditedToProvisionForDeferredIncomeTaxesOtherIncomeAndDeductions" ns2:label="ferc_AccumulatedDeferredIncomeTaxLiabilitiesAssetsAcceleratedAmortizationPropertyChangesCreditedToProvisionForDeferredIncomeTaxesOtherIncomeAndDeductions" ns2:type="locator" />
        <ns0:definitionArc order="8" ns2:arcrole="http://xbrl.org/int/dim/arcrole/domain-member" ns2:from="ferc_AccumulatedDeferredIncomeTaxLiabilitiesAssetsAcceleratedAmortizationPropertyByTypeLineItems" ns2:to="ferc_AccumulatedDeferredIncomeTaxLiabilitiesAssetsAcceleratedAmortizationPropertyChangesCreditedToProvisionForDeferredIncomeTaxesOtherIncomeAndDeductions" ns2:type="arc" />
        <ns0:loc ns2:href="../../ferc-core_2021-01-01.xsd#ferc_AccumulatedDeferredIncomeTaxLiabilitiesAssetsAcceleratedAmortizationPropertyDescriptionOfCreditedAccountNumberForDebitAdjustments" ns2:label="ferc_AccumulatedDeferredIncomeTaxLiabilitiesAssetsAcceleratedAmortizationPropertyDescriptionOfCreditedAccountNumberForDebitAdjustments" ns2:type="locator" />
        <ns0:definitionArc order="9" ns2:arcrole="http://xbrl.org/int/dim/arcrole/domain-member" ns2:from="ferc_AccumulatedDeferredIncomeTaxLiabilitiesAssetsAcceleratedAmortizationPropertyByTypeLineItems" ns2:to="ferc_AccumulatedDeferredIncomeTaxLiabilitiesAssetsAcceleratedAmortizationPropertyDescriptionOfCreditedAccountNumberForDebitAdjustments" ns2:type="arc" />
        <ns0:loc ns2:href="../../ferc-core_2021-01-01.xsd#ferc_AccumulatedDeferredIncomeTaxLiabilitiesAssetsAcceleratedAmortizationPropertyAdjustmentsDebitedToAccount" ns2:label="ferc_AccumulatedDeferredIncomeTaxLiabilitiesAssetsAcceleratedAmortizationPropertyAdjustmentsDebitedToAccount" ns2:type="locator" />
        <ns0:definitionArc order="10" ns2:arcrole="http://xbrl.org/int/dim/arcrole/domain-member" ns2:from="ferc_AccumulatedDeferredIncomeTaxLiabilitiesAssetsAcceleratedAmortizationPropertyByTypeLineItems" ns2:to="ferc_AccumulatedDeferredIncomeTaxLiabilitiesAssetsAcceleratedAmortizationPropertyAdjustmentsDebitedToAccount" ns2:type="arc" />
        <ns0:loc ns2:href="../../ferc-core_2021-01-01.xsd#ferc_AccumulatedDeferredIncomeTaxLiabilitiesAssetsAcceleratedAmortizationPropertyDescriptionOfDebitedAccountNumberForCreditAdjustments" ns2:label="ferc_AccumulatedDeferredIncomeTaxLiabilitiesAssetsAcceleratedAmortizationPropertyDescriptionOfDebitedAccountNumberForCreditAdjustments" ns2:type="locator" />
        <ns0:definitionArc order="11" ns2:arcrole="http://xbrl.org/int/dim/arcrole/domain-member" ns2:from="ferc_AccumulatedDeferredIncomeTaxLiabilitiesAssetsAcceleratedAmortizationPropertyByTypeLineItems" ns2:to="ferc_AccumulatedDeferredIncomeTaxLiabilitiesAssetsAcceleratedAmortizationPropertyDescriptionOfDebitedAccountNumberForCreditAdjustments" ns2:type="arc" />
        <ns0:loc ns2:href="../../ferc-core_2021-01-01.xsd#ferc_AccumulatedDeferredIncomeTaxLiabilitiesAssetsAcceleratedAmortizationPropertyAdjustmentsCreditedToAccount" ns2:label="ferc_AccumulatedDeferredIncomeTaxLiabilitiesAssetsAcceleratedAmortizationPropertyAdjustmentsCreditedToAccount" ns2:type="locator" />
        <ns0:definitionArc order="12" ns2:arcrole="http://xbrl.org/int/dim/arcrole/domain-member" ns2:from="ferc_AccumulatedDeferredIncomeTaxLiabilitiesAssetsAcceleratedAmortizationPropertyByTypeLineItems" ns2:to="ferc_AccumulatedDeferredIncomeTaxLiabilitiesAssetsAcceleratedAmortizationPropertyAdjustmentsCreditedToAccount" ns2:type="arc" />
    </ns0:definitionLink>
    <ns0:definitionLink ns2:role="http://ferc.gov/form/2020-01-01/roles/Schedule/F1/ScheduleAccumulatedDeferredIncomeTaxesAcceleratedAmortizationPropertyOther" ns2:type="extended">
        <ns0:loc ns2:href="../../ferc-core_2021-01-01.xsd#ferc_ScheduleAccumulatedDeferredIncomeTaxesAcceleratedAmortizationPropertyAbstract" ns2:label="ferc_ScheduleAccumulatedDeferredIncomeTaxesAcceleratedAmortizationPropertyAbstract" ns2:type="locator" />
        <ns0:loc ns2:href="../../ferc-core_2021-01-01.xsd#ferc_AccumulatedDeferredIncomeTaxLiabilitiesAssetsAcceleratedAmortizationPropertyByTypeLineItems" ns2:label="ferc_AccumulatedDeferredIncomeTaxLiabilitiesAssetsAcceleratedAmortizationPropertyByTypeLineItems" ns2:type="locator" />
        <ns0:definitionArc order="1" ns2:arcrole="http://xbrl.org/int/dim/arcrole/domain-member" ns2:from="ferc_ScheduleAccumulatedDeferredIncomeTaxesAcceleratedAmortizationPropertyAbstract" ns2:to="ferc_AccumulatedDeferredIncomeTaxLiabilitiesAssetsAcceleratedAmortizationPropertyByTypeLineItems" ns2:type="arc" />
        <ns0:loc ns2:href="../../ferc-core_2021-01-01.xsd#ferc_AccumulatedDeferredIncomeTaxLiabilitiesAssetsAcceleratedAmortizationPropertyByTypeTable" ns2:label="ferc_AccumulatedDeferredIncomeTaxLiabilitiesAssetsAcceleratedAmortizationPropertyByTypeTable" ns2:type="locator" />
        <ns0:definitionArc order="1" ns2:arcrole="http://xbrl.org/int/dim/arcrole/all" ns2:from="ferc_AccumulatedDeferredIncomeTaxLiabilitiesAssetsAcceleratedAmortizationPropertyByTypeLineItems" ns2:to="ferc_AccumulatedDeferredIncomeTaxLiabilitiesAssetsAcceleratedAmortizationPropertyByTypeTable" ns2:type="arc" ns3:closed="true" ns3:contextElement="segment" />
        <ns0:loc ns2:href="../../ferc-core_2021-01-01.xsd#ferc_AcceleratedAmortizationPropertyOtherAxis" ns2:label="ferc_AcceleratedAmortizationPropertyOtherAxis" ns2:type="locator" />
        <ns0:definitionArc order="1" ns2:arcrole="http://xbrl.org/int/dim/arcrole/hypercube-dimension" ns2:from="ferc_AccumulatedDeferredIncomeTaxLiabilitiesAssetsAcceleratedAmortizationPropertyByTypeTable" ns2:to="ferc_AcceleratedAmortizationPropertyOtherAxis" ns2:type="arc" />
        <ns0:loc ns2:href="../../ferc-core_2021-01-01.xsd#ferc_UtilityTypeAxis" ns2:label="ferc_UtilityTypeAxis" ns2:type="locator" />
        <ns0:definitionArc order="2" ns2:arcrole="http://xbrl.org/int/dim/arcrole/hypercube-dimension" ns2:from="ferc_AccumulatedDeferredIncomeTaxLiabilitiesAssetsAcceleratedAmortizationPropertyByTypeTable" ns2:to="ferc_UtilityTypeAxis" ns2:type="arc" />
        <ns0:loc ns2:href="../../ferc-core_2021-01-01.xsd#ferc_UtilityTypeDomain" ns2:label="ferc_UtilityTypeDomain" ns2:type="locator" />
        <ns0:definitionArc order="1" ns2:arcrole="http://xbrl.org/int/dim/arcrole/dimension-domain" ns2:from="ferc_UtilityTypeAxis" ns2:to="ferc_UtilityTypeDomain" ns2:type="arc" />
        <ns0:loc ns2:href="../../ferc-core_2021-01-01.xsd#ferc_OtherUtilityMember" ns2:label="ferc_OtherUtilityMember" ns2:type="locator" />
        <ns0:definitionArc order="1" ns2:arcrole="http://xbrl.org/int/dim/arcrole/domain-member" ns2:from="ferc_UtilityTypeDomain" ns2:to="ferc_OtherUtilityMember" ns2:type="arc" />
        <ns0:loc ns2:href="../../ferc-core_2021-01-01.xsd#ferc_OrderNumber" ns2:label="ferc_OrderNumber" ns2:type="locator" />
        <ns0:definitionArc order="2" ns2:arcrole="http://xbrl.org/int/dim/arcrole/domain-member" ns2:from="ferc_AccumulatedDeferredIncomeTaxLiabilitiesAssetsAcceleratedAmortizationPropertyByTypeLineItems" ns2:to="ferc_OrderNumber" ns2:type="arc" />
        <ns0:loc ns2:href="../../ferc-core_2021-01-01.xsd#ferc_DescriptionOfAcceleratedAmortizationPropertyGasOther" ns2:label="ferc_DescriptionOfAcceleratedAmortizationPropertyGasOther" ns2:type="locator" />
        <ns0:definitionArc order="3" ns2:arcrole="http://xbrl.org/int/dim/arcrole/domain-member" ns2:from="ferc_AccumulatedDeferredIncomeTaxLiabilitiesAssetsAcceleratedAmortizationPropertyByTypeLineItems" ns2:to="ferc_DescriptionOfAcceleratedAmortizationPropertyGasOther" ns2:type="arc" />
        <ns0:loc ns2:href="../../ferc-core_2021-01-01.xsd#ferc_AccumulatedDeferredIncomeTaxesAcceleratedAmortizationProperty" ns2:label="ferc_AccumulatedDeferredIncomeTaxesAcceleratedAmortizationProperty" ns2:type="locator" />
        <ns0:definitionArc order="4" ns2:arcrole="http://xbrl.org/int/dim/arcrole/domain-member" ns2:from="ferc_AccumulatedDeferredIncomeTaxLiabilitiesAssetsAcceleratedAmortizationPropertyByTypeLineItems" ns2:to="ferc_AccumulatedDeferredIncomeTaxesAcceleratedAmortizationProperty" ns2:type="arc" />
        <ns0:loc ns2:href="../../ferc-core_2021-01-01.xsd#ferc_AccumulatedDeferredIncomeTaxLiabilitiesAssetsAcceleratedAmortizationPropertyChangesDebitedToProvisionForDeferredIncomeTaxesOperatingIncome" ns2:label="ferc_AccumulatedDeferredIncomeTaxLiabilitiesAssetsAcceleratedAmortizationPropertyChangesDebitedToProvisionForDeferredIncomeTaxesOperatingIncome" ns2:type="locator" />
        <ns0:definitionArc order="5" ns2:arcrole="http://xbrl.org/int/dim/arcrole/domain-member" ns2:from="ferc_AccumulatedDeferredIncomeTaxLiabilitiesAssetsAcceleratedAmortizationPropertyByTypeLineItems" ns2:to="ferc_AccumulatedDeferredIncomeTaxLiabilitiesAssetsAcceleratedAmortizationPropertyChangesDebitedToProvisionForDeferredIncomeTaxesOperatingIncome" ns2:type="arc" />
        <ns0:loc ns2:href="../../ferc-core_2021-01-01.xsd#ferc_AccumulatedDeferredIncomeTaxLiabilitiesAssetsAcceleratedAmortizationPropertyChangesCreditedToProvisionForDeferredIncomeTaxesOperatingIncome" ns2:label="ferc_AccumulatedDeferredIncomeTaxLiabilitiesAssetsAcceleratedAmortizationPropertyChangesCreditedToProvisionForDeferredIncomeTaxesOperatingIncome" ns2:type="locator" />
        <ns0:definitionArc order="6" ns2:arcrole="http://xbrl.org/int/dim/arcrole/domain-member" ns2:from="ferc_AccumulatedDeferredIncomeTaxLiabilitiesAssetsAcceleratedAmortizationPropertyByTypeLineItems" ns2:to="ferc_AccumulatedDeferredIncomeTaxLiabilitiesAssetsAcceleratedAmortizationPropertyChangesCreditedToProvisionForDeferredIncomeTaxesOperatingIncome" ns2:type="arc" />
        <ns0:loc ns2:href="../../ferc-core_2021-01-01.xsd#ferc_AccumulatedDeferredIncomeTaxLiabilitiesAssetsAcceleratedAmortizationPropertyChangesDebitedToProvisionForDeferredIncomeTaxesOtherIncomeAndDeductions" ns2:label="ferc_AccumulatedDeferredIncomeTaxLiabilitiesAssetsAcceleratedAmortizationPropertyChangesDebitedToProvisionForDeferredIncomeTaxesOtherIncomeAndDeductions" ns2:type="locator" />
        <ns0:definitionArc order="7" ns2:arcrole="http://xbrl.org/int/dim/arcrole/domain-member" ns2:from="ferc_AccumulatedDeferredIncomeTaxLiabilitiesAssetsAcceleratedAmortizationPropertyByTypeLineItems" ns2:to="ferc_AccumulatedDeferredIncomeTaxLiabilitiesAssetsAcceleratedAmortizationPropertyChangesDebitedToProvisionForDeferredIncomeTaxesOtherIncomeAndDeductions" ns2:type="arc" />
        <ns0:loc ns2:href="../../ferc-core_2021-01-01.xsd#ferc_AccumulatedDeferredIncomeTaxLiabilitiesAssetsAcceleratedAmortizationPropertyChangesCreditedToProvisionForDeferredIncomeTaxesOtherIncomeAndDeductions" ns2:label="ferc_AccumulatedDeferredIncomeTaxLiabilitiesAssetsAcceleratedAmortizationPropertyChangesCreditedToProvisionForDeferredIncomeTaxesOtherIncomeAndDeductions" ns2:type="locator" />
        <ns0:definitionArc order="8" ns2:arcrole="http://xbrl.org/int/dim/arcrole/domain-member" ns2:from="ferc_AccumulatedDeferredIncomeTaxLiabilitiesAssetsAcceleratedAmortizationPropertyByTypeLineItems" ns2:to="ferc_AccumulatedDeferredIncomeTaxLiabilitiesAssetsAcceleratedAmortizationPropertyChangesCreditedToProvisionForDeferredIncomeTaxesOtherIncomeAndDeductions" ns2:type="arc" />
        <ns0:loc ns2:href="../../ferc-core_2021-01-01.xsd#ferc_AccumulatedDeferredIncomeTaxLiabilitiesAssetsAcceleratedAmortizationPropertyDescriptionOfCreditedAccountNumberForDebitAdjustments" ns2:label="ferc_AccumulatedDeferredIncomeTaxLiabilitiesAssetsAcceleratedAmortizationPropertyDescriptionOfCreditedAccountNumberForDebitAdjustments" ns2:type="locator" />
        <ns0:definitionArc order="9" ns2:arcrole="http://xbrl.org/int/dim/arcrole/domain-member" ns2:from="ferc_AccumulatedDeferredIncomeTaxLiabilitiesAssetsAcceleratedAmortizationPropertyByTypeLineItems" ns2:to="ferc_AccumulatedDeferredIncomeTaxLiabilitiesAssetsAcceleratedAmortizationPropertyDescriptionOfCreditedAccountNumberForDebitAdjustments" ns2:type="arc" />
        <ns0:loc ns2:href="../../ferc-core_2021-01-01.xsd#ferc_AccumulatedDeferredIncomeTaxLiabilitiesAssetsAcceleratedAmortizationPropertyAdjustmentsDebitedToAccount" ns2:label="ferc_AccumulatedDeferredIncomeTaxLiabilitiesAssetsAcceleratedAmortizationPropertyAdjustmentsDebitedToAccount" ns2:type="locator" />
        <ns0:definitionArc order="10" ns2:arcrole="http://xbrl.org/int/dim/arcrole/domain-member" ns2:from="ferc_AccumulatedDeferredIncomeTaxLiabilitiesAssetsAcceleratedAmortizationPropertyByTypeLineItems" ns2:to="ferc_AccumulatedDeferredIncomeTaxLiabilitiesAssetsAcceleratedAmortizationPropertyAdjustmentsDebitedToAccount" ns2:type="arc" />
        <ns0:loc ns2:href="../../ferc-core_2021-01-01.xsd#ferc_AccumulatedDeferredIncomeTaxLiabilitiesAssetsAcceleratedAmortizationPropertyDescriptionOfDebitedAccountNumberForCreditAdjustments" ns2:label="ferc_AccumulatedDeferredIncomeTaxLiabilitiesAssetsAcceleratedAmortizationPropertyDescriptionOfDebitedAccountNumberForCreditAdjustments" ns2:type="locator" />
        <ns0:definitionArc order="11" ns2:arcrole="http://xbrl.org/int/dim/arcrole/domain-member" ns2:from="ferc_AccumulatedDeferredIncomeTaxLiabilitiesAssetsAcceleratedAmortizationPropertyByTypeLineItems" ns2:to="ferc_AccumulatedDeferredIncomeTaxLiabilitiesAssetsAcceleratedAmortizationPropertyDescriptionOfDebitedAccountNumberForCreditAdjustments" ns2:type="arc" />
        <ns0:loc ns2:href="../../ferc-core_2021-01-01.xsd#ferc_AccumulatedDeferredIncomeTaxLiabilitiesAssetsAcceleratedAmortizationPropertyAdjustmentsCreditedToAccount" ns2:label="ferc_AccumulatedDeferredIncomeTaxLiabilitiesAssetsAcceleratedAmortizationPropertyAdjustmentsCreditedToAccount" ns2:type="locator" />
        <ns0:definitionArc order="12" ns2:arcrole="http://xbrl.org/int/dim/arcrole/domain-member" ns2:from="ferc_AccumulatedDeferredIncomeTaxLiabilitiesAssetsAcceleratedAmortizationPropertyByTypeLineItems" ns2:to="ferc_AccumulatedDeferredIncomeTaxLiabilitiesAssetsAcceleratedAmortizationPropertyAdjustmentsCreditedToAccount" ns2:type="arc" />
    </ns0:definitionLink>
    <ns0:definitionLink ns2:role="http://ferc.gov/form/2020-01-01/roles/Schedule/F1/ScheduleAccumulatedDeferredIncomeTaxesAcceleratedAmortizationPropertyTaxTypes" ns2:type="extended">
        <ns0:loc ns2:href="../../ferc-core_2021-01-01.xsd#ferc_ScheduleAccumulatedDeferredIncomeTaxesAcceleratedAmortizationPropertyAbstract" ns2:label="ferc_ScheduleAccumulatedDeferredIncomeTaxesAcceleratedAmortizationPropertyAbstract" ns2:type="locator" />
        <ns0:loc ns2:href="../../ferc-core_2021-01-01.xsd#ferc_AccumulatedDeferredIncomeTaxLiabilitiesAssetsAcceleratedAmortizationPropertyByTypeLineItems" ns2:label="ferc_AccumulatedDeferredIncomeTaxLiabilitiesAssetsAcceleratedAmortizationPropertyByTypeLineItems" ns2:type="locator" />
        <ns0:definitionArc order="1" ns2:arcrole="http://xbrl.org/int/dim/arcrole/domain-member" ns2:from="ferc_ScheduleAccumulatedDeferredIncomeTaxesAcceleratedAmortizationPropertyAbstract" ns2:to="ferc_AccumulatedDeferredIncomeTaxLiabilitiesAssetsAcceleratedAmortizationPropertyByTypeLineItems" ns2:type="arc" />
        <ns0:loc ns2:href="../../ferc-core_2021-01-01.xsd#ferc_AccumulatedDeferredIncomeTaxLiabilitiesAssetsAcceleratedAmortizationPropertyByTypeTable" ns2:label="ferc_AccumulatedDeferredIncomeTaxLiabilitiesAssetsAcceleratedAmortizationPropertyByTypeTable" ns2:type="locator" />
        <ns0:definitionArc order="1" ns2:arcrole="http://xbrl.org/int/dim/arcrole/all" ns2:from="ferc_AccumulatedDeferredIncomeTaxLiabilitiesAssetsAcceleratedAmortizationPropertyByTypeLineItems" ns2:to="ferc_AccumulatedDeferredIncomeTaxLiabilitiesAssetsAcceleratedAmortizationPropertyByTypeTable" ns2:type="arc" ns3:closed="true" ns3:contextElement="segment" />
        <ns0:loc ns2:href="../../ferc-core_2021-01-01.xsd#ferc_AccumulatedDeferredIncomeTaxesClassifiedByTaxTypeAbstract" ns2:label="ferc_AccumulatedDeferredIncomeTaxesClassifiedByTaxTypeAbstract" ns2:type="locator" />
        <ns0:definitionArc order="2" ns2:arcrole="http://xbrl.org/int/dim/arcrole/domain-member" ns2:from="ferc_AccumulatedDeferredIncomeTaxLiabilitiesAssetsAcceleratedAmortizationPropertyByTypeLineItems" ns2:to="ferc_AccumulatedDeferredIncomeTaxesClassifiedByTaxTypeAbstract" ns2:type="arc" />
        <ns0:loc ns2:href="../../ferc-core_2021-01-01.xsd#ferc_AccumulatedDeferredIncomeTaxesFederalIncomeTaxAbstract" ns2:label="ferc_AccumulatedDeferredIncomeTaxesFederalIncomeTaxAbstract" ns2:type="locator" />
        <ns0:definitionArc order="1" ns2:arcrole="http://xbrl.org/int/dim/arcrole/domain-member" ns2:from="ferc_AccumulatedDeferredIncomeTaxesClassifiedByTaxTypeAbstract" ns2:to="ferc_AccumulatedDeferredIncomeTaxesFederalIncomeTaxAbstract" ns2:type="arc" />
        <ns0:loc ns2:href="../../ferc-core_2021-01-01.xsd#ferc_AccumulatedDeferredIncomeTaxLiabilitiesAssetsAcceleratedAmortizationPropertyFederalIncomeTax" ns2:label="ferc_AccumulatedDeferredIncomeTaxLiabilitiesAssetsAcceleratedAmortizationPropertyFederalIncomeTax" ns2:type="locator" />
        <ns0:definitionArc order="1" ns2:arcrole="http://xbrl.org/int/dim/arcrole/domain-member" ns2:from="ferc_AccumulatedDeferredIncomeTaxesFederalIncomeTaxAbstract" ns2:to="ferc_AccumulatedDeferredIncomeTaxLiabilitiesAssetsAcceleratedAmortizationPropertyFederalIncomeTax" ns2:type="arc" />
        <ns0:loc ns2:href="../../ferc-core_2021-01-01.xsd#ferc_FederalIncomeTaxForAcceleratedAmortizationPropertyChangesDebitedToProvisionForDeferredIncomeTaxesOperatingIncome" ns2:label="ferc_FederalIncomeTaxForAcceleratedAmortizationPropertyChangesDebitedToProvisionForDeferredIncomeTaxesOperatingIncome" ns2:type="locator" />
        <ns0:definitionArc order="2" ns2:arcrole="http://xbrl.org/int/dim/arcrole/domain-member" ns2:from="ferc_AccumulatedDeferredIncomeTaxesFederalIncomeTaxAbstract" ns2:to="ferc_FederalIncomeTaxForAcceleratedAmortizationPropertyChangesDebitedToProvisionForDeferredIncomeTaxesOperatingIncome" ns2:type="arc" />
        <ns0:loc ns2:href="../../ferc-core_2021-01-01.xsd#ferc_FederalIncomeTaxForAcceleratedAmortizationPropertyChangesCreditedToProvisionForDeferredIncomeTaxesOperatingIncome" ns2:label="ferc_FederalIncomeTaxForAcceleratedAmortizationPropertyChangesCreditedToProvisionForDeferredIncomeTaxesOperatingIncome" ns2:type="locator" />
        <ns0:definitionArc order="3" ns2:arcrole="http://xbrl.org/int/dim/arcrole/domain-member" ns2:from="ferc_AccumulatedDeferredIncomeTaxesFederalIncomeTaxAbstract" ns2:to="ferc_FederalIncomeTaxForAcceleratedAmortizationPropertyChangesCreditedToProvisionForDeferredIncomeTaxesOperatingIncome" ns2:type="arc" />
        <ns0:loc ns2:href="../../ferc-core_2021-01-01.xsd#ferc_FederalIncomeTaxForAcceleratedAmortizationPropertyChangesDebitedToProvisionForDeferredIncomeTaxesOtherIncomeAndDeductions" ns2:label="ferc_FederalIncomeTaxForAcceleratedAmortizationPropertyChangesDebitedToProvisionForDeferredIncomeTaxesOtherIncomeAndDeductions" ns2:type="locator" />
        <ns0:definitionArc order="4" ns2:arcrole="http://xbrl.org/int/dim/arcrole/domain-member" ns2:from="ferc_AccumulatedDeferredIncomeTaxesFederalIncomeTaxAbstract" ns2:to="ferc_FederalIncomeTaxForAcceleratedAmortizationPropertyChangesDebitedToProvisionForDeferredIncomeTaxesOtherIncomeAndDeductions" ns2:type="arc" />
        <ns0:loc ns2:href="../../ferc-core_2021-01-01.xsd#ferc_FederalIncomeTaxForAcceleratedAmortizationPropertyChangesCreditedToProvisionForDeferredIncomeTaxesOtherIncomeAndDeductions" ns2:label="ferc_FederalIncomeTaxForAcceleratedAmortizationPropertyChangesCreditedToProvisionForDeferredIncomeTaxesOtherIncomeAndDeductions" ns2:type="locator" />
        <ns0:definitionArc order="5" ns2:arcrole="http://xbrl.org/int/dim/arcrole/domain-member" ns2:from="ferc_AccumulatedDeferredIncomeTaxesFederalIncomeTaxAbstract" ns2:to="ferc_FederalIncomeTaxForAcceleratedAmortizationPropertyChangesCreditedToProvisionForDeferredIncomeTaxesOtherIncomeAndDeductions" ns2:type="arc" />
        <ns0:loc ns2:href="../../ferc-core_2021-01-01.xsd#ferc_FederalIncomeTaxForAcceleratedAmortizationPropertyDescriptionOfDebitedAccountNumberForCreditAdjustments" ns2:label="ferc_FederalIncomeTaxForAcceleratedAmortizationPropertyDescriptionOfDebitedAccountNumberForCreditAdjustments" ns2:type="locator" />
        <ns0:definitionArc order="6" ns2:arcrole="http://xbrl.org/int/dim/arcrole/domain-member" ns2:from="ferc_AccumulatedDeferredIncomeTaxesFederalIncomeTaxAbstract" ns2:to="ferc_FederalIncomeTaxForAcceleratedAmortizationPropertyDescriptionOfDebitedAccountNumberForCreditAdjustments" ns2:type="arc" />
        <ns0:loc ns2:href="../../ferc-core_2021-01-01.xsd#ferc_FederalIncomeTaxForAcceleratedAmortizationPropertyAdjustmentsDebitedToAccount" ns2:label="ferc_FederalIncomeTaxForAcceleratedAmortizationPropertyAdjustmentsDebitedToAccount" ns2:type="locator" />
        <ns0:definitionArc order="7" ns2:arcrole="http://xbrl.org/int/dim/arcrole/domain-member" ns2:from="ferc_AccumulatedDeferredIncomeTaxesFederalIncomeTaxAbstract" ns2:to="ferc_FederalIncomeTaxForAcceleratedAmortizationPropertyAdjustmentsDebitedToAccount" ns2:type="arc" />
        <ns0:loc ns2:href="../../ferc-core_2021-01-01.xsd#ferc_FederalIncomeTaxForAcceleratedAmortizationPropertyDescriptionOfCreditedAccountNumberForDebitAdjustments" ns2:label="ferc_FederalIncomeTaxForAcceleratedAmortizationPropertyDescriptionOfCreditedAccountNumberForDebitAdjustments" ns2:type="locator" />
        <ns0:definitionArc order="8" ns2:arcrole="http://xbrl.org/int/dim/arcrole/domain-member" ns2:from="ferc_AccumulatedDeferredIncomeTaxesFederalIncomeTaxAbstract" ns2:to="ferc_FederalIncomeTaxForAcceleratedAmortizationPropertyDescriptionOfCreditedAccountNumberForDebitAdjustments" ns2:type="arc" />
        <ns0:loc ns2:href="../../ferc-core_2021-01-01.xsd#ferc_FederalIncomeTaxForAcceleratedAmortizationPropertyAdjustmentsCreditedToAccount" ns2:label="ferc_FederalIncomeTaxForAcceleratedAmortizationPropertyAdjustmentsCreditedToAccount" ns2:type="locator" />
        <ns0:definitionArc order="9" ns2:arcrole="http://xbrl.org/int/dim/arcrole/domain-member" ns2:from="ferc_AccumulatedDeferredIncomeTaxesFederalIncomeTaxAbstract" ns2:to="ferc_FederalIncomeTaxForAcceleratedAmortizationPropertyAdjustmentsCreditedToAccount" ns2:type="arc" />
        <ns0:loc ns2:href="../../ferc-core_2021-01-01.xsd#ferc_AccumulatedDeferredIncomeTaxesStateIncomeTaxAbstract" ns2:label="ferc_AccumulatedDeferredIncomeTaxesStateIncomeTaxAbstract" ns2:type="locator" />
        <ns0:definitionArc order="2" ns2:arcrole="http://xbrl.org/int/dim/arcrole/domain-member" ns2:from="ferc_AccumulatedDeferredIncomeTaxesClassifiedByTaxTypeAbstract" ns2:to="ferc_AccumulatedDeferredIncomeTaxesStateIncomeTaxAbstract" ns2:type="arc" />
        <ns0:loc ns2:href="../../ferc-core_2021-01-01.xsd#ferc_AccumulatedDeferredIncomeTaxLiabilitiesAssetsAcceleratedAmortizationPropertyStateIncomeTax" ns2:label="ferc_AccumulatedDeferredIncomeTaxLiabilitiesAssetsAcceleratedAmortizationPropertyStateIncomeTax" ns2:type="locator" />
        <ns0:definitionArc order="1" ns2:arcrole="http://xbrl.org/int/dim/arcrole/domain-member" ns2:from="ferc_AccumulatedDeferredIncomeTaxesStateIncomeTaxAbstract" ns2:to="ferc_AccumulatedDeferredIncomeTaxLiabilitiesAssetsAcceleratedAmortizationPropertyStateIncomeTax" ns2:type="arc" />
        <ns0:loc ns2:href="../../ferc-core_2021-01-01.xsd#ferc_StateIncomeTaxForAcceleratedAmortizationPropertyChangesDebitedToProvisionForDeferredIncomeTaxesOperatingIncome" ns2:label="ferc_StateIncomeTaxForAcceleratedAmortizationPropertyChangesDebitedToProvisionForDeferredIncomeTaxesOperatingIncome" ns2:type="locator" />
        <ns0:definitionArc order="2" ns2:arcrole="http://xbrl.org/int/dim/arcrole/domain-member" ns2:from="ferc_AccumulatedDeferredIncomeTaxesStateIncomeTaxAbstract" ns2:to="ferc_StateIncomeTaxForAcceleratedAmortizationPropertyChangesDebitedToProvisionForDeferredIncomeTaxesOperatingIncome" ns2:type="arc" />
        <ns0:loc ns2:href="../../ferc-core_2021-01-01.xsd#ferc_StateIncomeTaxForAcceleratedAmortizationPropertyChangesCreditedToProvisionForDeferredIncomeTaxesOperatingIncome" ns2:label="ferc_StateIncomeTaxForAcceleratedAmortizationPropertyChangesCreditedToProvisionForDeferredIncomeTaxesOperatingIncome" ns2:type="locator" />
        <ns0:definitionArc order="3" ns2:arcrole="http://xbrl.org/int/dim/arcrole/domain-member" ns2:from="ferc_AccumulatedDeferredIncomeTaxesStateIncomeTaxAbstract" ns2:to="ferc_StateIncomeTaxForAcceleratedAmortizationPropertyChangesCreditedToProvisionForDeferredIncomeTaxesOperatingIncome" ns2:type="arc" />
        <ns0:loc ns2:href="../../ferc-core_2021-01-01.xsd#ferc_StateIncomeTaxForAcceleratedAmortizationPropertyChangesDebitedToProvisionForDeferredIncomeTaxesOtherIncomeAndDeductions" ns2:label="ferc_StateIncomeTaxForAcceleratedAmortizationPropertyChangesDebitedToProvisionForDeferredIncomeTaxesOtherIncomeAndDeductions" ns2:type="locator" />
        <ns0:definitionArc order="4" ns2:arcrole="http://xbrl.org/int/dim/arcrole/domain-member" ns2:from="ferc_AccumulatedDeferredIncomeTaxesStateIncomeTaxAbstract" ns2:to="ferc_StateIncomeTaxForAcceleratedAmortizationPropertyChangesDebitedToProvisionForDeferredIncomeTaxesOtherIncomeAndDeductions" ns2:type="arc" />
        <ns0:loc ns2:href="../../ferc-core_2021-01-01.xsd#ferc_StateIncomeTaxForAcceleratedAmortizationPropertyChangesCreditedToProvisionForDeferredIncomeTaxesOtherIncomeAndDeductions" ns2:label="ferc_StateIncomeTaxForAcceleratedAmortizationPropertyChangesCreditedToProvisionForDeferredIncomeTaxesOtherIncomeAndDeductions" ns2:type="locator" />
        <ns0:definitionArc order="5" ns2:arcrole="http://xbrl.org/int/dim/arcrole/domain-member" ns2:from="ferc_AccumulatedDeferredIncomeTaxesStateIncomeTaxAbstract" ns2:to="ferc_StateIncomeTaxForAcceleratedAmortizationPropertyChangesCreditedToProvisionForDeferredIncomeTaxesOtherIncomeAndDeductions" ns2:type="arc" />
        <ns0:loc ns2:href="../../ferc-core_2021-01-01.xsd#ferc_StateIncomeTaxForAcceleratedAmortizationPropertyDescriptionOfDebitedAccountNumberForCreditAdjustments" ns2:label="ferc_StateIncomeTaxForAcceleratedAmortizationPropertyDescriptionOfDebitedAccountNumberForCreditAdjustments" ns2:type="locator" />
        <ns0:definitionArc order="6" ns2:arcrole="http://xbrl.org/int/dim/arcrole/domain-member" ns2:from="ferc_AccumulatedDeferredIncomeTaxesStateIncomeTaxAbstract" ns2:to="ferc_StateIncomeTaxForAcceleratedAmortizationPropertyDescriptionOfDebitedAccountNumberForCreditAdjustments" ns2:type="arc" />
        <ns0:loc ns2:href="../../ferc-core_2021-01-01.xsd#ferc_StateIncomeTaxForAcceleratedAmortizationPropertyAdjustmentsDebitedToAccount" ns2:label="ferc_StateIncomeTaxForAcceleratedAmortizationPropertyAdjustmentsDebitedToAccount" ns2:type="locator" />
        <ns0:definitionArc order="7" ns2:arcrole="http://xbrl.org/int/dim/arcrole/domain-member" ns2:from="ferc_AccumulatedDeferredIncomeTaxesStateIncomeTaxAbstract" ns2:to="ferc_StateIncomeTaxForAcceleratedAmortizationPropertyAdjustmentsDebitedToAccount" ns2:type="arc" />
        <ns0:loc ns2:href="../../ferc-core_2021-01-01.xsd#ferc_StateIncomeTaxForAcceleratedAmortizationPropertyDescriptionOfCreditedAccountNumberForDebitAdjustments" ns2:label="ferc_StateIncomeTaxForAcceleratedAmortizationPropertyDescriptionOfCreditedAccountNumberForDebitAdjustments" ns2:type="locator" />
        <ns0:definitionArc order="8" ns2:arcrole="http://xbrl.org/int/dim/arcrole/domain-member" ns2:from="ferc_AccumulatedDeferredIncomeTaxesStateIncomeTaxAbstract" ns2:to="ferc_StateIncomeTaxForAcceleratedAmortizationPropertyDescriptionOfCreditedAccountNumberForDebitAdjustments" ns2:type="arc" />
        <ns0:loc ns2:href="../../ferc-core_2021-01-01.xsd#ferc_StateIncomeTaxForAcceleratedAmortizationPropertyAdjustmentsCreditedToAccount" ns2:label="ferc_StateIncomeTaxForAcceleratedAmortizationPropertyAdjustmentsCreditedToAccount" ns2:type="locator" />
        <ns0:definitionArc order="9" ns2:arcrole="http://xbrl.org/int/dim/arcrole/domain-member" ns2:from="ferc_AccumulatedDeferredIncomeTaxesStateIncomeTaxAbstract" ns2:to="ferc_StateIncomeTaxForAcceleratedAmortizationPropertyAdjustmentsCreditedToAccount" ns2:type="arc" />
        <ns0:loc ns2:href="../../ferc-core_2021-01-01.xsd#ferc_AccumulatedDeferredIncomeTaxesLocalIncomeTaxAbstract" ns2:label="ferc_AccumulatedDeferredIncomeTaxesLocalIncomeTaxAbstract" ns2:type="locator" />
        <ns0:definitionArc order="3" ns2:arcrole="http://xbrl.org/int/dim/arcrole/domain-member" ns2:from="ferc_AccumulatedDeferredIncomeTaxesClassifiedByTaxTypeAbstract" ns2:to="ferc_AccumulatedDeferredIncomeTaxesLocalIncomeTaxAbstract" ns2:type="arc" />
        <ns0:loc ns2:href="../../ferc-core_2021-01-01.xsd#ferc_AccumulatedDeferredIncomeTaxLiabilitiesAssetsAcceleratedAmortizationPropertyLocalIncomeTax" ns2:label="ferc_AccumulatedDeferredIncomeTaxLiabilitiesAssetsAcceleratedAmortizationPropertyLocalIncomeTax" ns2:type="locator" />
        <ns0:definitionArc order="1" ns2:arcrole="http://xbrl.org/int/dim/arcrole/domain-member" ns2:from="ferc_AccumulatedDeferredIncomeTaxesLocalIncomeTaxAbstract" ns2:to="ferc_AccumulatedDeferredIncomeTaxLiabilitiesAssetsAcceleratedAmortizationPropertyLocalIncomeTax" ns2:type="arc" />
        <ns0:loc ns2:href="../../ferc-core_2021-01-01.xsd#ferc_LocalIncomeTaxForAcceleratedAmortizationPropertyChangesDebitedToProvisionForDeferredIncomeTaxesOperatingIncome" ns2:label="ferc_LocalIncomeTaxForAcceleratedAmortizationPropertyChangesDebitedToProvisionForDeferredIncomeTaxesOperatingIncome" ns2:type="locator" />
        <ns0:definitionArc order="2" ns2:arcrole="http://xbrl.org/int/dim/arcrole/domain-member" ns2:from="ferc_AccumulatedDeferredIncomeTaxesLocalIncomeTaxAbstract" ns2:to="ferc_LocalIncomeTaxForAcceleratedAmortizationPropertyChangesDebitedToProvisionForDeferredIncomeTaxesOperatingIncome" ns2:type="arc" />
        <ns0:loc ns2:href="../../ferc-core_2021-01-01.xsd#ferc_LocalIncomeTaxForAcceleratedAmortizationPropertyChangesCreditedToProvisionForDeferredIncomeTaxesOperatingIncome" ns2:label="ferc_LocalIncomeTaxForAcceleratedAmortizationPropertyChangesCreditedToProvisionForDeferredIncomeTaxesOperatingIncome" ns2:type="locator" />
        <ns0:definitionArc order="3" ns2:arcrole="http://xbrl.org/int/dim/arcrole/domain-member" ns2:from="ferc_AccumulatedDeferredIncomeTaxesLocalIncomeTaxAbstract" ns2:to="ferc_LocalIncomeTaxForAcceleratedAmortizationPropertyChangesCreditedToProvisionForDeferredIncomeTaxesOperatingIncome" ns2:type="arc" />
        <ns0:loc ns2:href="../../ferc-core_2021-01-01.xsd#ferc_LocalIncomeTaxForAcceleratedAmortizationPropertyChangesDebitedToProvisionForDeferredIncomeTaxesOtherIncomeAndDeductions" ns2:label="ferc_LocalIncomeTaxForAcceleratedAmortizationPropertyChangesDebitedToProvisionForDeferredIncomeTaxesOtherIncomeAndDeductions" ns2:type="locator" />
        <ns0:definitionArc order="4" ns2:arcrole="http://xbrl.org/int/dim/arcrole/domain-member" ns2:from="ferc_AccumulatedDeferredIncomeTaxesLocalIncomeTaxAbstract" ns2:to="ferc_LocalIncomeTaxForAcceleratedAmortizationPropertyChangesDebitedToProvisionForDeferredIncomeTaxesOtherIncomeAndDeductions" ns2:type="arc" />
        <ns0:loc ns2:href="../../ferc-core_2021-01-01.xsd#ferc_LocalIncomeTaxForAcceleratedAmortizationPropertyChangesCreditedToProvisionForDeferredIncomeTaxesOtherIncomeAndDeductions" ns2:label="ferc_LocalIncomeTaxForAcceleratedAmortizationPropertyChangesCreditedToProvisionForDeferredIncomeTaxesOtherIncomeAndDeductions" ns2:type="locator" />
        <ns0:definitionArc order="5" ns2:arcrole="http://xbrl.org/int/dim/arcrole/domain-member" ns2:from="ferc_AccumulatedDeferredIncomeTaxesLocalIncomeTaxAbstract" ns2:to="ferc_LocalIncomeTaxForAcceleratedAmortizationPropertyChangesCreditedToProvisionForDeferredIncomeTaxesOtherIncomeAndDeductions" ns2:type="arc" />
        <ns0:loc ns2:href="../../ferc-core_2021-01-01.xsd#ferc_LocalIncomeTaxForAcceleratedAmortizationPropertyDescriptionOfDebitedAccountNumberForCreditAdjustments" ns2:label="ferc_LocalIncomeTaxForAcceleratedAmortizationPropertyDescriptionOfDebitedAccountNumberForCreditAdjustments" ns2:type="locator" />
        <ns0:definitionArc order="6" ns2:arcrole="http://xbrl.org/int/dim/arcrole/domain-member" ns2:from="ferc_AccumulatedDeferredIncomeTaxesLocalIncomeTaxAbstract" ns2:to="ferc_LocalIncomeTaxForAcceleratedAmortizationPropertyDescriptionOfDebitedAccountNumberForCreditAdjustments" ns2:type="arc" />
        <ns0:loc ns2:href="../../ferc-core_2021-01-01.xsd#ferc_LocalIncomeTaxForAcceleratedAmortizationPropertyAdjustmentsDebitedToAccount" ns2:label="ferc_LocalIncomeTaxForAcceleratedAmortizationPropertyAdjustmentsDebitedToAccount" ns2:type="locator" />
        <ns0:definitionArc order="7" ns2:arcrole="http://xbrl.org/int/dim/arcrole/domain-member" ns2:from="ferc_AccumulatedDeferredIncomeTaxesLocalIncomeTaxAbstract" ns2:to="ferc_LocalIncomeTaxForAcceleratedAmortizationPropertyAdjustmentsDebitedToAccount" ns2:type="arc" />
        <ns0:loc ns2:href="../../ferc-core_2021-01-01.xsd#ferc_LocalIncomeTaxForAcceleratedAmortizationPropertyDescriptionOfCreditedAccountNumberForDebitAdjustments" ns2:label="ferc_LocalIncomeTaxForAcceleratedAmortizationPropertyDescriptionOfCreditedAccountNumberForDebitAdjustments" ns2:type="locator" />
        <ns0:definitionArc order="8" ns2:arcrole="http://xbrl.org/int/dim/arcrole/domain-member" ns2:from="ferc_AccumulatedDeferredIncomeTaxesLocalIncomeTaxAbstract" ns2:to="ferc_LocalIncomeTaxForAcceleratedAmortizationPropertyDescriptionOfCreditedAccountNumberForDebitAdjustments" ns2:type="arc" />
        <ns0:loc ns2:href="../../ferc-core_2021-01-01.xsd#ferc_LocalIncomeTaxForAcceleratedAmortizationPropertyAdjustmentsCreditedToAccount" ns2:label="ferc_LocalIncomeTaxForAcceleratedAmortizationPropertyAdjustmentsCreditedToAccount" ns2:type="locator" />
        <ns0:definitionArc order="9" ns2:arcrole="http://xbrl.org/int/dim/arcrole/domain-member" ns2:from="ferc_AccumulatedDeferredIncomeTaxesLocalIncomeTaxAbstract" ns2:to="ferc_LocalIncomeTaxForAcceleratedAmortizationPropertyAdjustmentsCreditedToAccount" ns2:type="arc" />
    </ns0:definitionLink>
    <ns0:definitionLink ns2:role="http://ferc.gov/form/2020-01-01/roles/Schedule/F1/ScheduleAccumulatedDeferredIncomeTaxesAcceleratedAmortizationPropertyUtilityTypes" ns2:type="extended">
        <ns0:loc ns2:href="../../ferc-core_2021-01-01.xsd#ferc_UtilityTypeAxis" ns2:label="ferc_UtilityTypeAxis" ns2:type="locator" />
        <ns0:loc ns2:href="../../ferc-core_2021-01-01.xsd#ferc_UtilityTypeDomain" ns2:label="ferc_UtilityTypeDomain" ns2:type="locator" />
        <ns0:definitionArc order="1" ns2:arcrole="http://xbrl.org/int/dim/arcrole/dimension-default" ns2:from="ferc_UtilityTypeAxis" ns2:to="ferc_UtilityTypeDomain" ns2:type="arc" />
    </ns0:definitionLink>
    <ns0:definitionLink ns2:role="http://ferc.gov/form/2020-01-01/roles/Schedule/F1/ScheduleAccumulatedDeferredIncomeTaxesAcceleratedAmortizationPropertyOtherElectric" ns2:type="extended" />
    <ns0:definitionLink ns2:role="http://ferc.gov/form/2020-01-01/roles/Schedule/F1/ScheduleAccumulatedDeferredIncomeTaxesAcceleratedAmortizationPropertyOtherGas" ns2:type="extended" />
    <ns0:definitionLink ns2:role="http://ferc.gov/form/2020-01-01/roles/Schedule/F1/ScheduleAccumulatedDeferredIncomeTaxesAcceleratedAmortizationPropertyOther" ns2:type="extended" />
    <ns0:definitionLink ns2:role="http://ferc.gov/form/2020-01-01/roles/Schedule/F1/ScheduleAccumulatedDeferredIncomeTaxesAcceleratedAmortizationPropertyTaxTypes" ns2:type="extended" />
</ns0:linkbase>