<ns0:linkbase xmlns:ns0="http://www.xbrl.org/2003/linkbase" xmlns:ns2="http://www.w3.org/1999/xlink" xmlns:ns3="http://xbrl.org/2005/xbrldt" xmlns:xsi="http://www.w3.org/2001/XMLSchema-instance" xsi:schemaLocation="http://www.xbrl.org/2003/linkbase http://www.xbrl.org/2003/xbrl-linkbase-2003-12-31.xsd">
   <ns0:roleRef roleURI="http://ferc.gov/form/2020-01-01/roles/Schedule/F1/ScheduleAccumulatedDeferredIncomeTaxesOther" ns2:href="form-1-sched-AccumulatedDeferredIncomeTaxes_2021-01-01.xsd#roleType_ScheduleAccumulatedDeferredIncomeTaxesOther" ns2:type="simple" />
   <ns0:roleRef roleURI="http://ferc.gov/form/2020-01-01/roles/Schedule/F1/ScheduleAccumulatedDeferredIncomeTaxesGas" ns2:href="form-1-sched-AccumulatedDeferredIncomeTaxes_2021-01-01.xsd#roleType_ScheduleAccumulatedDeferredIncomeTaxesGas" ns2:type="simple" />
   <ns0:arcroleRef arcroleURI="http://xbrl.org/int/dim/arcrole/dimension-domain" ns2:href="http://www.xbrl.org/2005/xbrldt-2005.xsd#dimension-domain" ns2:type="simple" />
   <ns0:arcroleRef arcroleURI="http://xbrl.org/int/dim/arcrole/dimension-default" ns2:href="http://www.xbrl.org/2005/xbrldt-2005.xsd#dimension-default" ns2:type="simple" />
   <ns0:arcroleRef arcroleURI="http://xbrl.org/int/dim/arcrole/hypercube-dimension" ns2:href="http://www.xbrl.org/2005/xbrldt-2005.xsd#hypercube-dimension" ns2:type="simple" />
   <ns0:roleRef roleURI="http://ferc.gov/form/2020-01-01/roles/Schedule/F1/ScheduleAccumulatedDeferredIncomeTaxes" ns2:href="form-1-sched-AccumulatedDeferredIncomeTaxes_2021-01-01.xsd#roleType_ScheduleAccumulatedDeferredIncomeTaxes" ns2:type="simple" />
   <ns0:roleRef roleURI="http://ferc.gov/form/2020-01-01/roles/Schedule/F1/ScheduleAccumulatedDeferredIncomeTaxesElectric" ns2:href="form-1-sched-AccumulatedDeferredIncomeTaxes_2021-01-01.xsd#roleType_ScheduleAccumulatedDeferredIncomeTaxesElectric" ns2:type="simple" />
   <ns0:arcroleRef arcroleURI="http://xbrl.org/int/dim/arcrole/all" ns2:href="http://www.xbrl.org/2005/xbrldt-2005.xsd#all" ns2:type="simple" />
   <ns0:arcroleRef arcroleURI="http://xbrl.org/int/dim/arcrole/domain-member" ns2:href="http://www.xbrl.org/2005/xbrldt-2005.xsd#domain-member" ns2:type="simple" />
   <ns0:definitionLink ns2:role="http://ferc.gov/form/2020-01-01/roles/Schedule/F1/ScheduleAccumulatedDeferredIncomeTaxes" ns2:type="extended">
      <ns0:loc ns2:href="../../ferc-core_2021-01-01.xsd#ferc_ScheduleAccumulatedDeferredIncomeTaxesAbstract" ns2:label="ferc_ScheduleAccumulatedDeferredIncomeTaxesAbstract" ns2:type="locator" />
      <ns0:loc ns2:href="../../ferc-core_2021-01-01.xsd#ferc_AccumulatedDeferredIncomeTaxByTypeLineItems" ns2:label="ferc_AccumulatedDeferredIncomeTaxByTypeLineItems" ns2:type="locator" />
      <ns0:definitionArc order="1.0" ns2:arcrole="http://xbrl.org/int/dim/arcrole/domain-member" ns2:from="ferc_ScheduleAccumulatedDeferredIncomeTaxesAbstract" ns2:to="ferc_AccumulatedDeferredIncomeTaxByTypeLineItems" ns2:type="arc" />
      <ns0:loc ns2:href="../../ferc-core_2021-01-01.xsd#ferc_AccumulatedDeferredIncomeTaxByTypeTable" ns2:label="ferc_AccumulatedDeferredIncomeTaxByTypeTable" ns2:type="locator" />
      <ns0:definitionArc order="1.0" ns2:arcrole="http://xbrl.org/int/dim/arcrole/all" ns2:from="ferc_AccumulatedDeferredIncomeTaxByTypeLineItems" ns2:to="ferc_AccumulatedDeferredIncomeTaxByTypeTable" ns2:type="arc" ns3:closed="true" ns3:contextElement="segment" />
      <ns0:loc ns2:href="../../ferc-core_2021-01-01.xsd#ferc_UtilityTypeAxis" ns2:label="ferc_UtilityTypeAxis" ns2:type="locator" />
      <ns0:definitionArc order="1.0" ns2:arcrole="http://xbrl.org/int/dim/arcrole/hypercube-dimension" ns2:from="ferc_AccumulatedDeferredIncomeTaxByTypeTable" ns2:to="ferc_UtilityTypeAxis" ns2:type="arc" />
      <ns0:loc ns2:href="../../ferc-core_2021-01-01.xsd#ferc_UtilityTypeDomain" ns2:label="ferc_UtilityTypeDomain" ns2:type="locator" />
      <ns0:definitionArc order="1.0" ns2:arcrole="http://xbrl.org/int/dim/arcrole/dimension-domain" ns2:from="ferc_UtilityTypeAxis" ns2:to="ferc_UtilityTypeDomain" ns2:type="arc" />
      <ns0:loc ns2:href="../../ferc-core_2021-01-01.xsd#ferc_ElectricUtilityMember" ns2:label="ferc_ElectricUtilityMember" ns2:type="locator" />
      <ns0:definitionArc order="1.0" ns2:arcrole="http://xbrl.org/int/dim/arcrole/domain-member" ns2:from="ferc_UtilityTypeDomain" ns2:to="ferc_ElectricUtilityMember" ns2:type="arc" />
      <ns0:loc ns2:href="../../ferc-core_2021-01-01.xsd#ferc_OtherElectricUtilityMember" ns2:label="ferc_OtherElectricUtilityMember" ns2:type="locator" />
      <ns0:definitionArc order="2.0" ns2:arcrole="http://xbrl.org/int/dim/arcrole/domain-member" ns2:from="ferc_UtilityTypeDomain" ns2:to="ferc_OtherElectricUtilityMember" ns2:type="arc" />
      <ns0:loc ns2:href="../../ferc-core_2021-01-01.xsd#ferc_GasUtilityMember" ns2:label="ferc_GasUtilityMember" ns2:type="locator" />
      <ns0:definitionArc order="3.0" ns2:arcrole="http://xbrl.org/int/dim/arcrole/domain-member" ns2:from="ferc_UtilityTypeDomain" ns2:to="ferc_GasUtilityMember" ns2:type="arc" />
      <ns0:loc ns2:href="../../ferc-core_2021-01-01.xsd#ferc_OtherGasUtilityMember" ns2:label="ferc_OtherGasUtilityMember" ns2:type="locator" />
      <ns0:definitionArc order="4.0" ns2:arcrole="http://xbrl.org/int/dim/arcrole/domain-member" ns2:from="ferc_UtilityTypeDomain" ns2:to="ferc_OtherGasUtilityMember" ns2:type="arc" />
      <ns0:loc ns2:href="../../ferc-core_2021-01-01.xsd#ferc_OtherUtilityMember" ns2:label="ferc_OtherUtilityMember" ns2:type="locator" />
      <ns0:definitionArc order="5.0" ns2:arcrole="http://xbrl.org/int/dim/arcrole/domain-member" ns2:from="ferc_UtilityTypeDomain" ns2:to="ferc_OtherUtilityMember" ns2:type="arc" />
      <ns0:loc ns2:href="../../ferc-core_2021-01-01.xsd#ferc_AccumulatedDeferredIncomeTaxes" ns2:label="ferc_AccumulatedDeferredIncomeTaxes" ns2:type="locator" />
      <ns0:definitionArc order="2.0" ns2:arcrole="http://xbrl.org/int/dim/arcrole/domain-member" ns2:from="ferc_AccumulatedDeferredIncomeTaxByTypeLineItems" ns2:to="ferc_AccumulatedDeferredIncomeTaxes" ns2:type="arc" />
   </ns0:definitionLink>
   <ns0:definitionLink ns2:role="http://ferc.gov/form/2020-01-01/roles/Schedule/F1/ScheduleAccumulatedDeferredIncomeTaxesElectric" ns2:type="extended">
      <ns0:loc ns2:href="../../ferc-core_2021-01-01.xsd#ferc_ScheduleAccumulatedDeferredIncomeTaxesAbstract" ns2:label="ferc_ScheduleAccumulatedDeferredIncomeTaxesAbstract" ns2:type="locator" />
      <ns0:loc ns2:href="../../ferc-core_2021-01-01.xsd#ferc_AccumulatedDeferredIncomeTaxByTypeLineItems" ns2:label="ferc_AccumulatedDeferredIncomeTaxByTypeLineItems" ns2:type="locator" />
      <ns0:definitionArc order="1.0" ns2:arcrole="http://xbrl.org/int/dim/arcrole/domain-member" ns2:from="ferc_ScheduleAccumulatedDeferredIncomeTaxesAbstract" ns2:to="ferc_AccumulatedDeferredIncomeTaxByTypeLineItems" ns2:type="arc" />
      <ns0:loc ns2:href="../../ferc-core_2021-01-01.xsd#ferc_AccumulatedDeferredIncomeTaxByElectricTypeTable" ns2:label="ferc_AccumulatedDeferredIncomeTaxByElectricTypeTable" ns2:type="locator" />
      <ns0:definitionArc order="1.0" ns2:arcrole="http://xbrl.org/int/dim/arcrole/all" ns2:from="ferc_AccumulatedDeferredIncomeTaxByTypeLineItems" ns2:to="ferc_AccumulatedDeferredIncomeTaxByElectricTypeTable" ns2:type="arc" ns3:closed="true" ns3:contextElement="segment" />
      <ns0:loc ns2:href="../../ferc-core_2021-01-01.xsd#ferc_AccumulatedDeferredIncomeTaxByElectricTypeAxis" ns2:label="ferc_AccumulatedDeferredIncomeTaxByElectricTypeAxis" ns2:type="locator" />
      <ns0:definitionArc order="1.0" ns2:arcrole="http://xbrl.org/int/dim/arcrole/hypercube-dimension" ns2:from="ferc_AccumulatedDeferredIncomeTaxByElectricTypeTable" ns2:to="ferc_AccumulatedDeferredIncomeTaxByElectricTypeAxis" ns2:type="arc" />
      <ns0:loc ns2:href="../../ferc-core_2021-01-01.xsd#ferc_UtilityTypeAxis" ns2:label="ferc_UtilityTypeAxis" ns2:type="locator" />
      <ns0:definitionArc order="2.0" ns2:arcrole="http://xbrl.org/int/dim/arcrole/hypercube-dimension" ns2:from="ferc_AccumulatedDeferredIncomeTaxByElectricTypeTable" ns2:to="ferc_UtilityTypeAxis" ns2:type="arc" />
      <ns0:loc ns2:href="../../ferc-core_2021-01-01.xsd#ferc_UtilityTypeDomain" ns2:label="ferc_UtilityTypeDomain" ns2:type="locator" />
      <ns0:definitionArc order="1.0" ns2:arcrole="http://xbrl.org/int/dim/arcrole/dimension-domain" ns2:from="ferc_UtilityTypeAxis" ns2:to="ferc_UtilityTypeDomain" ns2:type="arc" />
      <ns0:loc ns2:href="../../ferc-core_2021-01-01.xsd#ferc_ElectricUtilityMember" ns2:label="ferc_ElectricUtilityMember" ns2:type="locator" />
      <ns0:definitionArc order="1.0" ns2:arcrole="http://xbrl.org/int/dim/arcrole/domain-member" ns2:from="ferc_UtilityTypeDomain" ns2:to="ferc_ElectricUtilityMember" ns2:type="arc" />
      <ns0:loc ns2:href="../../ferc-core_2021-01-01.xsd#ferc_OrderNumber" ns2:label="ferc_OrderNumber" ns2:type="locator" />
      <ns0:definitionArc order="2.0" ns2:arcrole="http://xbrl.org/int/dim/arcrole/domain-member" ns2:from="ferc_AccumulatedDeferredIncomeTaxByTypeLineItems" ns2:to="ferc_OrderNumber" ns2:type="arc" />
      <ns0:loc ns2:href="../../ferc-core_2021-01-01.xsd#ferc_AccumulatedDeferredIncomeTaxByElectricAbstract" ns2:label="ferc_AccumulatedDeferredIncomeTaxByElectricAbstract" ns2:type="locator" />
      <ns0:definitionArc order="3.0" ns2:arcrole="http://xbrl.org/int/dim/arcrole/domain-member" ns2:from="ferc_AccumulatedDeferredIncomeTaxByTypeLineItems" ns2:to="ferc_AccumulatedDeferredIncomeTaxByElectricAbstract" ns2:type="arc" />
      <ns0:loc ns2:href="../../ferc-core_2021-01-01.xsd#ferc_DescriptionOfAccumulatedDeferredIncomeTax" ns2:label="ferc_DescriptionOfAccumulatedDeferredIncomeTax" ns2:type="locator" />
      <ns0:definitionArc order="1.0" ns2:arcrole="http://xbrl.org/int/dim/arcrole/domain-member" ns2:from="ferc_AccumulatedDeferredIncomeTaxByElectricAbstract" ns2:to="ferc_DescriptionOfAccumulatedDeferredIncomeTax" ns2:type="arc" />
      <ns0:loc ns2:href="../../ferc-core_2021-01-01.xsd#ferc_AccumulatedDeferredIncomeTaxes" ns2:label="ferc_AccumulatedDeferredIncomeTaxes" ns2:type="locator" />
      <ns0:definitionArc order="2.0" ns2:arcrole="http://xbrl.org/int/dim/arcrole/domain-member" ns2:from="ferc_AccumulatedDeferredIncomeTaxByElectricAbstract" ns2:to="ferc_AccumulatedDeferredIncomeTaxes" ns2:type="arc" />
   </ns0:definitionLink>
   <ns0:definitionLink ns2:role="http://ferc.gov/form/2020-01-01/roles/Schedule/F1/ScheduleAccumulatedDeferredIncomeTaxesGas" ns2:type="extended">
      <ns0:loc ns2:href="../../ferc-core_2021-01-01.xsd#ferc_ScheduleAccumulatedDeferredIncomeTaxesAbstract" ns2:label="ferc_ScheduleAccumulatedDeferredIncomeTaxesAbstract" ns2:type="locator" />
      <ns0:loc ns2:href="../../ferc-core_2021-01-01.xsd#ferc_AccumulatedDeferredIncomeTaxByTypeLineItems" ns2:label="ferc_AccumulatedDeferredIncomeTaxByTypeLineItems" ns2:type="locator" />
      <ns0:definitionArc order="1.0" ns2:arcrole="http://xbrl.org/int/dim/arcrole/domain-member" ns2:from="ferc_ScheduleAccumulatedDeferredIncomeTaxesAbstract" ns2:to="ferc_AccumulatedDeferredIncomeTaxByTypeLineItems" ns2:type="arc" />
      <ns0:loc ns2:href="../../ferc-core_2021-01-01.xsd#ferc_AccumulatedDeferredIncomeTaxByGasTypeTable" ns2:label="ferc_AccumulatedDeferredIncomeTaxByGasTypeTable" ns2:type="locator" />
      <ns0:definitionArc order="1.0" ns2:arcrole="http://xbrl.org/int/dim/arcrole/all" ns2:from="ferc_AccumulatedDeferredIncomeTaxByTypeLineItems" ns2:to="ferc_AccumulatedDeferredIncomeTaxByGasTypeTable" ns2:type="arc" ns3:closed="true" ns3:contextElement="segment" />
      <ns0:loc ns2:href="../../ferc-core_2021-01-01.xsd#ferc_AccumulatedDeferredIncomeTaxByGasTypeAxis" ns2:label="ferc_AccumulatedDeferredIncomeTaxByGasTypeAxis" ns2:type="locator" />
      <ns0:definitionArc order="1.0" ns2:arcrole="http://xbrl.org/int/dim/arcrole/hypercube-dimension" ns2:from="ferc_AccumulatedDeferredIncomeTaxByGasTypeTable" ns2:to="ferc_AccumulatedDeferredIncomeTaxByGasTypeAxis" ns2:type="arc" />
      <ns0:loc ns2:href="../../ferc-core_2021-01-01.xsd#ferc_UtilityTypeAxis" ns2:label="ferc_UtilityTypeAxis" ns2:type="locator" />
      <ns0:definitionArc order="2.0" ns2:arcrole="http://xbrl.org/int/dim/arcrole/hypercube-dimension" ns2:from="ferc_AccumulatedDeferredIncomeTaxByGasTypeTable" ns2:to="ferc_UtilityTypeAxis" ns2:type="arc" />
      <ns0:loc ns2:href="../../ferc-core_2021-01-01.xsd#ferc_UtilityTypeDomain" ns2:label="ferc_UtilityTypeDomain" ns2:type="locator" />
      <ns0:definitionArc order="1.0" ns2:arcrole="http://xbrl.org/int/dim/arcrole/dimension-domain" ns2:from="ferc_UtilityTypeAxis" ns2:to="ferc_UtilityTypeDomain" ns2:type="arc" />
      <ns0:loc ns2:href="../../ferc-core_2021-01-01.xsd#ferc_GasUtilityMember" ns2:label="ferc_GasUtilityMember" ns2:type="locator" />
      <ns0:definitionArc order="1.0" ns2:arcrole="http://xbrl.org/int/dim/arcrole/domain-member" ns2:from="ferc_UtilityTypeDomain" ns2:to="ferc_GasUtilityMember" ns2:type="arc" />
      <ns0:loc ns2:href="../../ferc-core_2021-01-01.xsd#ferc_OrderNumber" ns2:label="ferc_OrderNumber" ns2:type="locator" />
      <ns0:definitionArc order="2.0" ns2:arcrole="http://xbrl.org/int/dim/arcrole/domain-member" ns2:from="ferc_AccumulatedDeferredIncomeTaxByTypeLineItems" ns2:to="ferc_OrderNumber" ns2:type="arc" />
      <ns0:loc ns2:href="../../ferc-core_2021-01-01.xsd#ferc_AccumulatedDeferredIncomeTaxByGasAbstract" ns2:label="ferc_AccumulatedDeferredIncomeTaxByGasAbstract" ns2:type="locator" />
      <ns0:definitionArc order="3.0" ns2:arcrole="http://xbrl.org/int/dim/arcrole/domain-member" ns2:from="ferc_AccumulatedDeferredIncomeTaxByTypeLineItems" ns2:to="ferc_AccumulatedDeferredIncomeTaxByGasAbstract" ns2:type="arc" />
      <ns0:loc ns2:href="../../ferc-core_2021-01-01.xsd#ferc_DescriptionOfAccumulatedDeferredIncomeTax" ns2:label="ferc_DescriptionOfAccumulatedDeferredIncomeTax" ns2:type="locator" />
      <ns0:definitionArc order="1.0" ns2:arcrole="http://xbrl.org/int/dim/arcrole/domain-member" ns2:from="ferc_AccumulatedDeferredIncomeTaxByGasAbstract" ns2:to="ferc_DescriptionOfAccumulatedDeferredIncomeTax" ns2:type="arc" />
      <ns0:loc ns2:href="../../ferc-core_2021-01-01.xsd#ferc_AccumulatedDeferredIncomeTaxes" ns2:label="ferc_AccumulatedDeferredIncomeTaxes" ns2:type="locator" />
      <ns0:definitionArc order="2.0" ns2:arcrole="http://xbrl.org/int/dim/arcrole/domain-member" ns2:from="ferc_AccumulatedDeferredIncomeTaxByGasAbstract" ns2:to="ferc_AccumulatedDeferredIncomeTaxes" ns2:type="arc" />
   </ns0:definitionLink>
   <ns0:definitionLink ns2:role="http://ferc.gov/form/2020-01-01/roles/Schedule/F1/ScheduleAccumulatedDeferredIncomeTaxesOther" ns2:type="extended">
      <ns0:loc ns2:href="../../ferc-core_2021-01-01.xsd#ferc_ScheduleAccumulatedDeferredIncomeTaxesAbstract" ns2:label="ferc_ScheduleAccumulatedDeferredIncomeTaxesAbstract" ns2:type="locator" />
      <ns0:loc ns2:href="../../ferc-core_2021-01-01.xsd#ferc_AccumulatedDeferredIncomeTaxByTypeLineItems" ns2:label="ferc_AccumulatedDeferredIncomeTaxByTypeLineItems" ns2:type="locator" />
      <ns0:definitionArc order="1.0" ns2:arcrole="http://xbrl.org/int/dim/arcrole/domain-member" ns2:from="ferc_ScheduleAccumulatedDeferredIncomeTaxesAbstract" ns2:to="ferc_AccumulatedDeferredIncomeTaxByTypeLineItems" ns2:type="arc" />
      <ns0:loc ns2:href="../../ferc-core_2021-01-01.xsd#ferc_AccumulatedDeferredIncomeTaxByOtherUtilityTypeTable" ns2:label="ferc_AccumulatedDeferredIncomeTaxByOtherUtilityTypeTable" ns2:type="locator" />
      <ns0:definitionArc order="1.0" ns2:arcrole="http://xbrl.org/int/dim/arcrole/all" ns2:from="ferc_AccumulatedDeferredIncomeTaxByTypeLineItems" ns2:to="ferc_AccumulatedDeferredIncomeTaxByOtherUtilityTypeTable" ns2:type="arc" ns3:closed="true" ns3:contextElement="segment" />
      <ns0:loc ns2:href="../../ferc-core_2021-01-01.xsd#ferc_AccumulatedDeferredIncomeTaxByOtherUtilityTypeAxis" ns2:label="ferc_AccumulatedDeferredIncomeTaxByOtherUtilityTypeAxis" ns2:type="locator" />
      <ns0:definitionArc order="1.0" ns2:arcrole="http://xbrl.org/int/dim/arcrole/hypercube-dimension" ns2:from="ferc_AccumulatedDeferredIncomeTaxByOtherUtilityTypeTable" ns2:to="ferc_AccumulatedDeferredIncomeTaxByOtherUtilityTypeAxis" ns2:type="arc" />
      <ns0:loc ns2:href="../../ferc-core_2021-01-01.xsd#ferc_UtilityTypeAxis" ns2:label="ferc_UtilityTypeAxis" ns2:type="locator" />
      <ns0:definitionArc order="2.0" ns2:arcrole="http://xbrl.org/int/dim/arcrole/hypercube-dimension" ns2:from="ferc_AccumulatedDeferredIncomeTaxByOtherUtilityTypeTable" ns2:to="ferc_UtilityTypeAxis" ns2:type="arc" />
      <ns0:loc ns2:href="../../ferc-core_2021-01-01.xsd#ferc_UtilityTypeDomain" ns2:label="ferc_UtilityTypeDomain" ns2:type="locator" />
      <ns0:definitionArc order="1.0" ns2:arcrole="http://xbrl.org/int/dim/arcrole/dimension-domain" ns2:from="ferc_UtilityTypeAxis" ns2:to="ferc_UtilityTypeDomain" ns2:type="arc" />
      <ns0:loc ns2:href="../../ferc-core_2021-01-01.xsd#ferc_OtherUtilityMember" ns2:label="ferc_OtherUtilityMember" ns2:type="locator" />
      <ns0:definitionArc order="1.0" ns2:arcrole="http://xbrl.org/int/dim/arcrole/domain-member" ns2:from="ferc_UtilityTypeDomain" ns2:to="ferc_OtherUtilityMember" ns2:type="arc" />
      <ns0:loc ns2:href="../../ferc-core_2021-01-01.xsd#ferc_OrderNumber" ns2:label="ferc_OrderNumber" ns2:type="locator" />
      <ns0:definitionArc order="2.0" ns2:arcrole="http://xbrl.org/int/dim/arcrole/domain-member" ns2:from="ferc_AccumulatedDeferredIncomeTaxByTypeLineItems" ns2:to="ferc_OrderNumber" ns2:type="arc" />
      <ns0:loc ns2:href="../../ferc-core_2021-01-01.xsd#ferc_DescriptionOfAccumulatedDeferredIncomeTax" ns2:label="ferc_DescriptionOfAccumulatedDeferredIncomeTax" ns2:type="locator" />
      <ns0:loc ns2:href="../../ferc-core_2021-01-01.xsd#ferc_AccumulatedDeferredIncomeTaxes" ns2:label="ferc_AccumulatedDeferredIncomeTaxes" ns2:type="locator" />
      <ns0:loc ns2:href="../../ferc-core_2021-01-01.xsd#ferc_AccumulatedDeferredIncomeTaxByOtherAbstract" ns2:label="lbl_AccumulatedDeferredIncomeTaxByOtherAbstract" ns2:type="locator" />
      <ns0:definitionArc order="2.5" ns2:arcrole="http://xbrl.org/int/dim/arcrole/domain-member" ns2:from="ferc_AccumulatedDeferredIncomeTaxByTypeLineItems" ns2:to="lbl_AccumulatedDeferredIncomeTaxByOtherAbstract" ns2:type="arc" />
      <ns0:definitionArc order="1.0" ns2:arcrole="http://xbrl.org/int/dim/arcrole/domain-member" ns2:from="lbl_AccumulatedDeferredIncomeTaxByOtherAbstract" ns2:to="ferc_DescriptionOfAccumulatedDeferredIncomeTax" ns2:type="arc" />
      <ns0:definitionArc order="2.0" ns2:arcrole="http://xbrl.org/int/dim/arcrole/domain-member" ns2:from="lbl_AccumulatedDeferredIncomeTaxByOtherAbstract" ns2:to="ferc_AccumulatedDeferredIncomeTaxes" ns2:type="arc" />
   </ns0:definitionLink>
   <ns0:definitionLink ns2:role="http://ferc.gov/form/2020-01-01/roles/Schedule/F1/ScheduleAccumulatedDeferredIncomeTaxes" ns2:type="extended" />
   <ns0:definitionLink ns2:role="http://ferc.gov/form/2020-01-01/roles/Schedule/F1/ScheduleAccumulatedDeferredIncomeTaxesElectric" ns2:type="extended" />
   <ns0:definitionLink ns2:role="http://ferc.gov/form/2020-01-01/roles/Schedule/F1/ScheduleAccumulatedDeferredIncomeTaxesGas" ns2:type="extended" />
   <ns0:definitionLink ns2:role="http://ferc.gov/form/2020-01-01/roles/Schedule/F1/ScheduleAccumulatedDeferredIncomeTaxesOther" ns2:type="extended" />
</ns0:linkbase>