<ns0:linkbase xmlns:ns0="http://www.xbrl.org/2003/linkbase" xmlns:ns2="http://www.w3.org/1999/xlink" xmlns:ns3="http://xbrl.org/2005/xbrldt" xmlns:xsi="http://www.w3.org/2001/XMLSchema-instance" xsi:schemaLocation="http://www.xbrl.org/2003/linkbase http://www.xbrl.org/2003/xbrl-linkbase-2003-12-31.xsd">
   <ns0:roleRef roleURI="http://ferc.gov/form/2020-01-01/roles/Schedule/F1/ScheduleSubstationsTotal" ns2:href="../schedule/ScheduleSubstations/form-1-sched-ScheduleSubstations_2021-01-01.xsd#scheduleSubstationsTotal" ns2:type="simple" />
   <ns0:roleRef roleURI="http://ferc.gov/form/2020-01-01/roles/Default" ns2:href="form-1-Default_2021-01-01.xsd#roleType_Default" ns2:type="simple" />
   <ns0:arcroleRef arcroleURI="http://xbrl.org/int/dim/arcrole/dimension-domain" ns2:href="http://www.xbrl.org/2005/xbrldt-2005.xsd#dimension-domain" ns2:type="simple" />
   <ns0:arcroleRef arcroleURI="http://xbrl.org/int/dim/arcrole/dimension-default" ns2:href="http://www.xbrl.org/2005/xbrldt-2005.xsd#dimension-default" ns2:type="simple" />
   <ns0:arcroleRef arcroleURI="http://xbrl.org/int/dim/arcrole/hypercube-dimension" ns2:href="http://www.xbrl.org/2005/xbrldt-2005.xsd#hypercube-dimension" ns2:type="simple" />
   <ns0:arcroleRef arcroleURI="http://xbrl.org/int/dim/arcrole/all" ns2:href="http://www.xbrl.org/2005/xbrldt-2005.xsd#all" ns2:type="simple" />
   <ns0:arcroleRef arcroleURI="http://xbrl.org/int/dim/arcrole/domain-member" ns2:href="http://www.xbrl.org/2005/xbrldt-2005.xsd#domain-member" ns2:type="simple" />
   <ns0:definitionLink ns2:role="http://ferc.gov/form/2020-01-01/roles/Default" ns2:type="extended">
      <ns0:loc ns2:href="../ferc-core_2021-01-01.xsd#ferc_DefaultAbstract" ns2:label="ferc_DefaultAbstract" ns2:type="locator" />
      <ns0:loc ns2:href="../ferc-core_2021-01-01.xsd#ferc_DefaultLineItems" ns2:label="ferc_DefaultLineItems" ns2:type="locator" />
      <ns0:definitionArc order="1.0" ns2:arcrole="http://xbrl.org/int/dim/arcrole/domain-member" ns2:from="ferc_DefaultAbstract" ns2:to="ferc_DefaultLineItems" ns2:type="arc" />
      <ns0:loc ns2:href="../ferc-core_2021-01-01.xsd#ferc_DefaultTable" ns2:label="ferc_DefaultTable" ns2:type="locator" />
      <ns0:definitionArc order="1.0" ns2:arcrole="http://xbrl.org/int/dim/arcrole/all" ns2:from="ferc_DefaultLineItems" ns2:to="ferc_DefaultTable" ns2:type="arc" ns3:closed="true" ns3:contextElement="segment" />
      <ns0:loc ns2:href="../ferc-core_2021-01-01.xsd#ferc_ElectricPlantLeasedToOthers" ns2:label="ferc_ElectricPlantLeasedToOthers" ns2:type="locator" />
      <ns0:definitionArc order="2.0" ns2:arcrole="http://xbrl.org/int/dim/arcrole/domain-member" ns2:from="ferc_DefaultLineItems" ns2:to="ferc_ElectricPlantLeasedToOthers" ns2:type="arc" />
      <ns0:loc ns2:href="../ferc-core_2021-01-01.xsd#ferc_ElectricPlantHeldForFutureUse" ns2:label="ferc_ElectricPlantHeldForFutureUse" ns2:type="locator" />
      <ns0:definitionArc order="3.0" ns2:arcrole="http://xbrl.org/int/dim/arcrole/domain-member" ns2:from="ferc_DefaultLineItems" ns2:to="ferc_ElectricPlantHeldForFutureUse" ns2:type="arc" />
      <ns0:loc ns2:href="../ferc-core_2021-01-01.xsd#ferc_ConstructionWorkInProgress" ns2:label="ferc_ConstructionWorkInProgress" ns2:type="locator" />
      <ns0:definitionArc order="4.0" ns2:arcrole="http://xbrl.org/int/dim/arcrole/domain-member" ns2:from="ferc_DefaultLineItems" ns2:to="ferc_ConstructionWorkInProgress" ns2:type="arc" />
      <ns0:loc ns2:href="../ferc-core_2021-01-01.xsd#ferc_AccumulatedProvisionForDepreciationOfElectricUtilityPlant" ns2:label="ferc_AccumulatedProvisionForDepreciationOfElectricUtilityPlant" ns2:type="locator" />
      <ns0:definitionArc order="5.0" ns2:arcrole="http://xbrl.org/int/dim/arcrole/domain-member" ns2:from="ferc_DefaultLineItems" ns2:to="ferc_AccumulatedProvisionForDepreciationOfElectricUtilityPlant" ns2:type="arc" />
      <ns0:loc ns2:href="../ferc-core_2021-01-01.xsd#ferc_CostOfInvestmentsInSubsidiaryCompanies" ns2:label="ferc_CostOfInvestmentsInSubsidiaryCompanies" ns2:type="locator" />
      <ns0:definitionArc order="6.0" ns2:arcrole="http://xbrl.org/int/dim/arcrole/domain-member" ns2:from="ferc_DefaultLineItems" ns2:to="ferc_CostOfInvestmentsInSubsidiaryCompanies" ns2:type="arc" />
      <ns0:loc ns2:href="../ferc-core_2021-01-01.xsd#ferc_EquityInEarningsOfSubsidiaryCompanies" ns2:label="ferc_EquityInEarningsOfSubsidiaryCompanies" ns2:type="locator" />
      <ns0:definitionArc order="7.0" ns2:arcrole="http://xbrl.org/int/dim/arcrole/domain-member" ns2:from="ferc_DefaultLineItems" ns2:to="ferc_EquityInEarningsOfSubsidiaryCompanies" ns2:type="arc" />
      <ns0:loc ns2:href="../ferc-core_2021-01-01.xsd#ferc_InterestAndDividendRevenueFromInvestments" ns2:label="ferc_InterestAndDividendRevenueFromInvestments" ns2:type="locator" />
      <ns0:definitionArc order="8.0" ns2:arcrole="http://xbrl.org/int/dim/arcrole/domain-member" ns2:from="ferc_DefaultLineItems" ns2:to="ferc_InterestAndDividendRevenueFromInvestments" ns2:type="arc" />
      <ns0:loc ns2:href="../ferc-core_2021-01-01.xsd#ferc_InvestmentInSubsidiaryCompanies" ns2:label="ferc_InvestmentInSubsidiaryCompanies" ns2:type="locator" />
      <ns0:definitionArc order="9.0" ns2:arcrole="http://xbrl.org/int/dim/arcrole/domain-member" ns2:from="ferc_DefaultLineItems" ns2:to="ferc_InvestmentInSubsidiaryCompanies" ns2:type="arc" />
      <ns0:loc ns2:href="../ferc-core_2021-01-01.xsd#ferc_InvestmentGainLossOnDisplosal" ns2:label="ferc_InvestmentGainLossOnDisplosal" ns2:type="locator" />
      <ns0:definitionArc order="10.0" ns2:arcrole="http://xbrl.org/int/dim/arcrole/domain-member" ns2:from="ferc_DefaultLineItems" ns2:to="ferc_InvestmentGainLossOnDisplosal" ns2:type="arc" />
      <ns0:loc ns2:href="../ferc-core_2021-01-01.xsd#ferc_InvestmentGainLossOnDisplosal" ns2:label="ferc_InvestmentGainLossOnDisplosal_1" ns2:type="locator" />
      <ns0:definitionArc order="11.0" ns2:arcrole="http://xbrl.org/int/dim/arcrole/domain-member" ns2:from="ferc_DefaultLineItems" ns2:to="ferc_InvestmentGainLossOnDisplosal_1" ns2:type="arc" />
      <ns0:loc ns2:href="../ferc-core_2021-01-01.xsd#ferc_ExtraordinaryPropertyLossesNotYetRecognized" ns2:label="ferc_ExtraordinaryPropertyLossesNotYetRecognized" ns2:type="locator" />
      <ns0:definitionArc order="12.0" ns2:arcrole="http://xbrl.org/int/dim/arcrole/domain-member" ns2:from="ferc_DefaultLineItems" ns2:to="ferc_ExtraordinaryPropertyLossesNotYetRecognized" ns2:type="arc" />
      <ns0:loc ns2:href="../ferc-core_2021-01-01.xsd#ferc_ExtraordinaryPropertyLossesRecognized" ns2:label="ferc_ExtraordinaryPropertyLossesRecognized" ns2:type="locator" />
      <ns0:definitionArc order="13.0" ns2:arcrole="http://xbrl.org/int/dim/arcrole/domain-member" ns2:from="ferc_DefaultLineItems" ns2:to="ferc_ExtraordinaryPropertyLossesRecognized" ns2:type="arc" />
      <ns0:loc ns2:href="../ferc-core_2021-01-01.xsd#ferc_ExtraordinaryPropertyLossesWrittenOff" ns2:label="ferc_ExtraordinaryPropertyLossesWrittenOff" ns2:type="locator" />
      <ns0:definitionArc order="14.0" ns2:arcrole="http://xbrl.org/int/dim/arcrole/domain-member" ns2:from="ferc_DefaultLineItems" ns2:to="ferc_ExtraordinaryPropertyLossesWrittenOff" ns2:type="arc" />
      <ns0:loc ns2:href="../ferc-core_2021-01-01.xsd#ferc_ExtraordinaryPropertyLosses" ns2:label="ferc_ExtraordinaryPropertyLosses" ns2:type="locator" />
      <ns0:definitionArc order="15.0" ns2:arcrole="http://xbrl.org/int/dim/arcrole/domain-member" ns2:from="ferc_DefaultLineItems" ns2:to="ferc_ExtraordinaryPropertyLosses" ns2:type="arc" />
      <ns0:loc ns2:href="../ferc-core_2021-01-01.xsd#ferc_UnrecoveredPlantAndRegulatoryStudyCostsNotYetRecognized" ns2:label="ferc_UnrecoveredPlantAndRegulatoryStudyCostsNotYetRecognized" ns2:type="locator" />
      <ns0:definitionArc order="16.0" ns2:arcrole="http://xbrl.org/int/dim/arcrole/domain-member" ns2:from="ferc_DefaultLineItems" ns2:to="ferc_UnrecoveredPlantAndRegulatoryStudyCostsNotYetRecognized" ns2:type="arc" />
      <ns0:loc ns2:href="../ferc-core_2021-01-01.xsd#ferc_UnrecoveredPlantAndRegulatoryStudyCostsRecognized" ns2:label="ferc_UnrecoveredPlantAndRegulatoryStudyCostsRecognized" ns2:type="locator" />
      <ns0:definitionArc order="17.0" ns2:arcrole="http://xbrl.org/int/dim/arcrole/domain-member" ns2:from="ferc_DefaultLineItems" ns2:to="ferc_UnrecoveredPlantAndRegulatoryStudyCostsRecognized" ns2:type="arc" />
      <ns0:loc ns2:href="../ferc-core_2021-01-01.xsd#ferc_UnrecoveredPlantAndRegulatoryStudyCostsWrittenOff" ns2:label="ferc_UnrecoveredPlantAndRegulatoryStudyCostsWrittenOff" ns2:type="locator" />
      <ns0:definitionArc order="18.0" ns2:arcrole="http://xbrl.org/int/dim/arcrole/domain-member" ns2:from="ferc_DefaultLineItems" ns2:to="ferc_UnrecoveredPlantAndRegulatoryStudyCostsWrittenOff" ns2:type="arc" />
      <ns0:loc ns2:href="../ferc-core_2021-01-01.xsd#ferc_UnrecoveredPlantAndRegulatoryStudyCosts" ns2:label="ferc_UnrecoveredPlantAndRegulatoryStudyCosts" ns2:type="locator" />
      <ns0:definitionArc order="19.0" ns2:arcrole="http://xbrl.org/int/dim/arcrole/domain-member" ns2:from="ferc_DefaultLineItems" ns2:to="ferc_UnrecoveredPlantAndRegulatoryStudyCosts" ns2:type="arc" />
      <ns0:loc ns2:href="../ferc-core_2021-01-01.xsd#ferc_StudyCostsIncurred" ns2:label="ferc_StudyCostsIncurred" ns2:type="locator" />
      <ns0:definitionArc order="20.0" ns2:arcrole="http://xbrl.org/int/dim/arcrole/domain-member" ns2:from="ferc_DefaultLineItems" ns2:to="ferc_StudyCostsIncurred" ns2:type="arc" />
      <ns0:loc ns2:href="../ferc-core_2021-01-01.xsd#ferc_StudyCostsReimbursements" ns2:label="ferc_StudyCostsReimbursements" ns2:type="locator" />
      <ns0:definitionArc order="21.0" ns2:arcrole="http://xbrl.org/int/dim/arcrole/domain-member" ns2:from="ferc_DefaultLineItems" ns2:to="ferc_StudyCostsReimbursements" ns2:type="arc" />
      <ns0:loc ns2:href="../ferc-core_2021-01-01.xsd#ferc_IncreaseDecreaseInOtherRegulatoryAssets" ns2:label="ferc_IncreaseDecreaseInOtherRegulatoryAssets" ns2:type="locator" />
      <ns0:definitionArc order="22.0" ns2:arcrole="http://xbrl.org/int/dim/arcrole/domain-member" ns2:from="ferc_DefaultLineItems" ns2:to="ferc_IncreaseDecreaseInOtherRegulatoryAssets" ns2:type="arc" />
      <ns0:loc ns2:href="../ferc-core_2021-01-01.xsd#ferc_OtherRegulatoryAssetsWrittenOffRecovered" ns2:label="ferc_OtherRegulatoryAssetsWrittenOffRecovered" ns2:type="locator" />
      <ns0:definitionArc order="23.0" ns2:arcrole="http://xbrl.org/int/dim/arcrole/domain-member" ns2:from="ferc_DefaultLineItems" ns2:to="ferc_OtherRegulatoryAssetsWrittenOffRecovered" ns2:type="arc" />
      <ns0:loc ns2:href="../ferc-core_2021-01-01.xsd#ferc_OtherRegulatoryAssets" ns2:label="ferc_OtherRegulatoryAssets" ns2:type="locator" />
      <ns0:definitionArc order="24.0" ns2:arcrole="http://xbrl.org/int/dim/arcrole/domain-member" ns2:from="ferc_DefaultLineItems" ns2:to="ferc_OtherRegulatoryAssets" ns2:type="arc" />
      <ns0:loc ns2:href="../ferc-core_2021-01-01.xsd#ferc_CommonStockSharesAuthorized" ns2:label="ferc_CommonStockSharesAuthorized" ns2:type="locator" />
      <ns0:definitionArc order="25.0" ns2:arcrole="http://xbrl.org/int/dim/arcrole/domain-member" ns2:from="ferc_DefaultLineItems" ns2:to="ferc_CommonStockSharesAuthorized" ns2:type="arc" />
      <ns0:loc ns2:href="../ferc-core_2021-01-01.xsd#ferc_CommonStockSharesOutstanding" ns2:label="ferc_CommonStockSharesOutstanding" ns2:type="locator" />
      <ns0:definitionArc order="26.0" ns2:arcrole="http://xbrl.org/int/dim/arcrole/domain-member" ns2:from="ferc_DefaultLineItems" ns2:to="ferc_CommonStockSharesOutstanding" ns2:type="arc" />
      <ns0:loc ns2:href="../ferc-core_2021-01-01.xsd#ferc_CommonStockIssued" ns2:label="ferc_CommonStockIssued" ns2:type="locator" />
      <ns0:definitionArc order="27.0" ns2:arcrole="http://xbrl.org/int/dim/arcrole/domain-member" ns2:from="ferc_DefaultLineItems" ns2:to="ferc_CommonStockIssued" ns2:type="arc" />
      <ns0:loc ns2:href="../ferc-core_2021-01-01.xsd#ferc_PreferredStockSharesAuthorized" ns2:label="ferc_PreferredStockSharesAuthorized" ns2:type="locator" />
      <ns0:definitionArc order="28.0" ns2:arcrole="http://xbrl.org/int/dim/arcrole/domain-member" ns2:from="ferc_DefaultLineItems" ns2:to="ferc_PreferredStockSharesAuthorized" ns2:type="arc" />
      <ns0:loc ns2:href="../ferc-core_2021-01-01.xsd#ferc_PreferredStockSharesOutstanding" ns2:label="ferc_PreferredStockSharesOutstanding" ns2:type="locator" />
      <ns0:definitionArc order="29.0" ns2:arcrole="http://xbrl.org/int/dim/arcrole/domain-member" ns2:from="ferc_DefaultLineItems" ns2:to="ferc_PreferredStockSharesOutstanding" ns2:type="arc" />
      <ns0:loc ns2:href="../ferc-core_2021-01-01.xsd#ferc_PreferredStockIssued" ns2:label="ferc_PreferredStockIssued" ns2:type="locator" />
      <ns0:definitionArc order="30.0" ns2:arcrole="http://xbrl.org/int/dim/arcrole/domain-member" ns2:from="ferc_DefaultLineItems" ns2:to="ferc_PreferredStockIssued" ns2:type="arc" />
      <ns0:loc ns2:href="../ferc-core_2021-01-01.xsd#ferc_CapitalStockSharesAuthorized" ns2:label="ferc_CapitalStockSharesAuthorized" ns2:type="locator" />
      <ns0:definitionArc order="31.0" ns2:arcrole="http://xbrl.org/int/dim/arcrole/domain-member" ns2:from="ferc_DefaultLineItems" ns2:to="ferc_CapitalStockSharesAuthorized" ns2:type="arc" />
      <ns0:loc ns2:href="../ferc-core_2021-01-01.xsd#ferc_CapitalStockSharesOutstanding" ns2:label="ferc_CapitalStockSharesOutstanding" ns2:type="locator" />
      <ns0:definitionArc order="32.0" ns2:arcrole="http://xbrl.org/int/dim/arcrole/domain-member" ns2:from="ferc_DefaultLineItems" ns2:to="ferc_CapitalStockSharesOutstanding" ns2:type="arc" />
      <ns0:loc ns2:href="../ferc-core_2021-01-01.xsd#ferc_CapitalStockValueOutstanding" ns2:label="ferc_CapitalStockValueOutstanding" ns2:type="locator" />
      <ns0:definitionArc order="33.0" ns2:arcrole="http://xbrl.org/int/dim/arcrole/domain-member" ns2:from="ferc_DefaultLineItems" ns2:to="ferc_CapitalStockValueOutstanding" ns2:type="arc" />
      <ns0:loc ns2:href="../ferc-core_2021-01-01.xsd#ferc_CapitalStockExpense" ns2:label="ferc_CapitalStockExpense" ns2:type="locator" />
      <ns0:definitionArc order="34.0" ns2:arcrole="http://xbrl.org/int/dim/arcrole/domain-member" ns2:from="ferc_DefaultLineItems" ns2:to="ferc_CapitalStockExpense" ns2:type="arc" />
      <ns0:loc ns2:href="../ferc-core_2021-01-01.xsd#ferc_BondsPrincipalAmountIssued" ns2:label="ferc_BondsPrincipalAmountIssued" ns2:type="locator" />
      <ns0:definitionArc order="35.0" ns2:arcrole="http://xbrl.org/int/dim/arcrole/domain-member" ns2:from="ferc_DefaultLineItems" ns2:to="ferc_BondsPrincipalAmountIssued" ns2:type="arc" />
      <ns0:loc ns2:href="../ferc-core_2021-01-01.xsd#ferc_LongTermDebtPremium" ns2:label="ferc_LongTermDebtPremium" ns2:type="locator" />
      <ns0:definitionArc order="36.0" ns2:arcrole="http://xbrl.org/int/dim/arcrole/domain-member" ns2:from="ferc_DefaultLineItems" ns2:to="ferc_LongTermDebtPremium" ns2:type="arc" />
      <ns0:loc ns2:href="../ferc-core_2021-01-01.xsd#ferc_LongTermDebtDiscount" ns2:label="ferc_LongTermDebtDiscount" ns2:type="locator" />
      <ns0:definitionArc order="37.0" ns2:arcrole="http://xbrl.org/int/dim/arcrole/domain-member" ns2:from="ferc_DefaultLineItems" ns2:to="ferc_LongTermDebtDiscount" ns2:type="arc" />
      <ns0:loc ns2:href="../ferc-core_2021-01-01.xsd#ferc_Bonds" ns2:label="ferc_Bonds" ns2:type="locator" />
      <ns0:definitionArc order="38.0" ns2:arcrole="http://xbrl.org/int/dim/arcrole/domain-member" ns2:from="ferc_DefaultLineItems" ns2:to="ferc_Bonds" ns2:type="arc" />
      <ns0:loc ns2:href="../ferc-core_2021-01-01.xsd#ferc_InterestExpenseBonds" ns2:label="ferc_InterestExpenseBonds" ns2:type="locator" />
      <ns0:definitionArc order="39.0" ns2:arcrole="http://xbrl.org/int/dim/arcrole/domain-member" ns2:from="ferc_DefaultLineItems" ns2:to="ferc_InterestExpenseBonds" ns2:type="arc" />
      <ns0:loc ns2:href="../ferc-core_2021-01-01.xsd#ferc_ReacquiredBondsPrincipalAmount" ns2:label="ferc_ReacquiredBondsPrincipalAmount" ns2:type="locator" />
      <ns0:definitionArc order="40.0" ns2:arcrole="http://xbrl.org/int/dim/arcrole/domain-member" ns2:from="ferc_DefaultLineItems" ns2:to="ferc_ReacquiredBondsPrincipalAmount" ns2:type="arc" />
      <ns0:loc ns2:href="../ferc-core_2021-01-01.xsd#ferc_LongTermDebtPremium" ns2:label="ferc_LongTermDebtPremium_1" ns2:type="locator" />
      <ns0:definitionArc order="41.0" ns2:arcrole="http://xbrl.org/int/dim/arcrole/domain-member" ns2:from="ferc_DefaultLineItems" ns2:to="ferc_LongTermDebtPremium_1" ns2:type="arc" />
      <ns0:loc ns2:href="../ferc-core_2021-01-01.xsd#ferc_LongTermDebtDiscount" ns2:label="ferc_LongTermDebtDiscount_1" ns2:type="locator" />
      <ns0:definitionArc order="42.0" ns2:arcrole="http://xbrl.org/int/dim/arcrole/domain-member" ns2:from="ferc_DefaultLineItems" ns2:to="ferc_LongTermDebtDiscount_1" ns2:type="arc" />
      <ns0:loc ns2:href="../ferc-core_2021-01-01.xsd#ferc_ReacquiredBonds" ns2:label="ferc_ReacquiredBonds" ns2:type="locator" />
      <ns0:definitionArc order="43.0" ns2:arcrole="http://xbrl.org/int/dim/arcrole/domain-member" ns2:from="ferc_DefaultLineItems" ns2:to="ferc_ReacquiredBonds" ns2:type="arc" />
      <ns0:loc ns2:href="../ferc-core_2021-01-01.xsd#ferc_InterestExpenseReacquiredBonds" ns2:label="ferc_InterestExpenseReacquiredBonds" ns2:type="locator" />
      <ns0:definitionArc order="44.0" ns2:arcrole="http://xbrl.org/int/dim/arcrole/domain-member" ns2:from="ferc_DefaultLineItems" ns2:to="ferc_InterestExpenseReacquiredBonds" ns2:type="arc" />
      <ns0:loc ns2:href="../ferc-core_2021-01-01.xsd#ferc_AdvancesFromAssociatedCompaniesPrincipalAmountIssued" ns2:label="ferc_AdvancesFromAssociatedCompaniesPrincipalAmountIssued" ns2:type="locator" />
      <ns0:definitionArc order="45.0" ns2:arcrole="http://xbrl.org/int/dim/arcrole/domain-member" ns2:from="ferc_DefaultLineItems" ns2:to="ferc_AdvancesFromAssociatedCompaniesPrincipalAmountIssued" ns2:type="arc" />
      <ns0:loc ns2:href="../ferc-core_2021-01-01.xsd#ferc_LongTermDebtPremium" ns2:label="ferc_LongTermDebtPremium_2" ns2:type="locator" />
      <ns0:definitionArc order="46.0" ns2:arcrole="http://xbrl.org/int/dim/arcrole/domain-member" ns2:from="ferc_DefaultLineItems" ns2:to="ferc_LongTermDebtPremium_2" ns2:type="arc" />
      <ns0:loc ns2:href="../ferc-core_2021-01-01.xsd#ferc_LongTermDebtDiscount" ns2:label="ferc_LongTermDebtDiscount_2" ns2:type="locator" />
      <ns0:definitionArc order="47.0" ns2:arcrole="http://xbrl.org/int/dim/arcrole/domain-member" ns2:from="ferc_DefaultLineItems" ns2:to="ferc_LongTermDebtDiscount_2" ns2:type="arc" />
      <ns0:loc ns2:href="../ferc-core_2021-01-01.xsd#ferc_AdvancesFromAssociatedCompanies" ns2:label="ferc_AdvancesFromAssociatedCompanies" ns2:type="locator" />
      <ns0:definitionArc order="48.0" ns2:arcrole="http://xbrl.org/int/dim/arcrole/domain-member" ns2:from="ferc_DefaultLineItems" ns2:to="ferc_AdvancesFromAssociatedCompanies" ns2:type="arc" />
      <ns0:loc ns2:href="../ferc-core_2021-01-01.xsd#ferc_InterestExpenseDebtAdvancesFromAssociatedCompanies" ns2:label="ferc_InterestExpenseDebtAdvancesFromAssociatedCompanies" ns2:type="locator" />
      <ns0:definitionArc order="49.0" ns2:arcrole="http://xbrl.org/int/dim/arcrole/domain-member" ns2:from="ferc_DefaultLineItems" ns2:to="ferc_InterestExpenseDebtAdvancesFromAssociatedCompanies" ns2:type="arc" />
      <ns0:loc ns2:href="../ferc-core_2021-01-01.xsd#ferc_OtherLongTermDebtPrincipalAmountIssued" ns2:label="ferc_OtherLongTermDebtPrincipalAmountIssued" ns2:type="locator" />
      <ns0:definitionArc order="50.0" ns2:arcrole="http://xbrl.org/int/dim/arcrole/domain-member" ns2:from="ferc_DefaultLineItems" ns2:to="ferc_OtherLongTermDebtPrincipalAmountIssued" ns2:type="arc" />
      <ns0:loc ns2:href="../ferc-core_2021-01-01.xsd#ferc_LongTermDebtPremium" ns2:label="ferc_LongTermDebtPremium_3" ns2:type="locator" />
      <ns0:definitionArc order="51.0" ns2:arcrole="http://xbrl.org/int/dim/arcrole/domain-member" ns2:from="ferc_DefaultLineItems" ns2:to="ferc_LongTermDebtPremium_3" ns2:type="arc" />
      <ns0:loc ns2:href="../ferc-core_2021-01-01.xsd#ferc_LongTermDebtDiscount" ns2:label="ferc_LongTermDebtDiscount_3" ns2:type="locator" />
      <ns0:definitionArc order="52.0" ns2:arcrole="http://xbrl.org/int/dim/arcrole/domain-member" ns2:from="ferc_DefaultLineItems" ns2:to="ferc_LongTermDebtDiscount_3" ns2:type="arc" />
      <ns0:loc ns2:href="../ferc-core_2021-01-01.xsd#ferc_OtherLongTermDebt" ns2:label="ferc_OtherLongTermDebt" ns2:type="locator" />
      <ns0:definitionArc order="53.0" ns2:arcrole="http://xbrl.org/int/dim/arcrole/domain-member" ns2:from="ferc_DefaultLineItems" ns2:to="ferc_OtherLongTermDebt" ns2:type="arc" />
      <ns0:loc ns2:href="../ferc-core_2021-01-01.xsd#ferc_InterestExpenseOtherLongTermDebt" ns2:label="ferc_InterestExpenseOtherLongTermDebt" ns2:type="locator" />
      <ns0:definitionArc order="54.0" ns2:arcrole="http://xbrl.org/int/dim/arcrole/domain-member" ns2:from="ferc_DefaultLineItems" ns2:to="ferc_InterestExpenseOtherLongTermDebt" ns2:type="arc" />
      <ns0:loc ns2:href="../ferc-core_2021-01-01.xsd#ferc_LongTermDebtPrincipalAmountIssued" ns2:label="ferc_LongTermDebtPrincipalAmountIssued" ns2:type="locator" />
      <ns0:definitionArc order="55.0" ns2:arcrole="http://xbrl.org/int/dim/arcrole/domain-member" ns2:from="ferc_DefaultLineItems" ns2:to="ferc_LongTermDebtPrincipalAmountIssued" ns2:type="arc" />
      <ns0:loc ns2:href="../ferc-core_2021-01-01.xsd#ferc_LongTermDebtIssuanceExpensePremiumOrDiscount" ns2:label="ferc_LongTermDebtIssuanceExpensePremiumOrDiscount" ns2:type="locator" />
      <ns0:definitionArc order="56.0" ns2:arcrole="http://xbrl.org/int/dim/arcrole/domain-member" ns2:from="ferc_DefaultLineItems" ns2:to="ferc_LongTermDebtIssuanceExpensePremiumOrDiscount" ns2:type="arc" />
      <ns0:loc ns2:href="../ferc-core_2021-01-01.xsd#ferc_LongTermDebtOutstanding" ns2:label="ferc_LongTermDebtOutstanding" ns2:type="locator" />
      <ns0:definitionArc order="57.0" ns2:arcrole="http://xbrl.org/int/dim/arcrole/domain-member" ns2:from="ferc_DefaultLineItems" ns2:to="ferc_LongTermDebtOutstanding" ns2:type="arc" />
      <ns0:loc ns2:href="../ferc-core_2021-01-01.xsd#ferc_InterestExpenseOnLongTermDebtIssued" ns2:label="ferc_InterestExpenseOnLongTermDebtIssued" ns2:type="locator" />
      <ns0:definitionArc order="58.0" ns2:arcrole="http://xbrl.org/int/dim/arcrole/domain-member" ns2:from="ferc_DefaultLineItems" ns2:to="ferc_InterestExpenseOnLongTermDebtIssued" ns2:type="arc" />
      <ns0:loc ns2:href="../ferc-core_2021-01-01.xsd#ferc_TaxesAccrued" ns2:label="ferc_TaxesAccrued" ns2:type="locator" />
      <ns0:definitionArc order="59.0" ns2:arcrole="http://xbrl.org/int/dim/arcrole/domain-member" ns2:from="ferc_DefaultLineItems" ns2:to="ferc_TaxesAccrued" ns2:type="arc" />
      <ns0:loc ns2:href="../ferc-core_2021-01-01.xsd#ferc_PrepaidTaxes" ns2:label="ferc_PrepaidTaxes" ns2:type="locator" />
      <ns0:definitionArc order="60.0" ns2:arcrole="http://xbrl.org/int/dim/arcrole/domain-member" ns2:from="ferc_DefaultLineItems" ns2:to="ferc_PrepaidTaxes" ns2:type="arc" />
      <ns0:loc ns2:href="../ferc-core_2021-01-01.xsd#ferc_TaxesCharged" ns2:label="ferc_TaxesCharged" ns2:type="locator" />
      <ns0:definitionArc order="61.0" ns2:arcrole="http://xbrl.org/int/dim/arcrole/domain-member" ns2:from="ferc_DefaultLineItems" ns2:to="ferc_TaxesCharged" ns2:type="arc" />
      <ns0:loc ns2:href="../ferc-core_2021-01-01.xsd#ferc_TaxesPaid" ns2:label="ferc_TaxesPaid" ns2:type="locator" />
      <ns0:definitionArc order="62.0" ns2:arcrole="http://xbrl.org/int/dim/arcrole/domain-member" ns2:from="ferc_DefaultLineItems" ns2:to="ferc_TaxesPaid" ns2:type="arc" />
      <ns0:loc ns2:href="../ferc-core_2021-01-01.xsd#ferc_TaxAdjustments" ns2:label="ferc_TaxAdjustments" ns2:type="locator" />
      <ns0:definitionArc order="63.0" ns2:arcrole="http://xbrl.org/int/dim/arcrole/domain-member" ns2:from="ferc_DefaultLineItems" ns2:to="ferc_TaxAdjustments" ns2:type="arc" />
      <ns0:loc ns2:href="../ferc-core_2021-01-01.xsd#ferc_TaxesAccrued" ns2:label="ferc_TaxesAccrued_1" ns2:type="locator" />
      <ns0:definitionArc order="64.0" ns2:arcrole="http://xbrl.org/int/dim/arcrole/domain-member" ns2:from="ferc_DefaultLineItems" ns2:to="ferc_TaxesAccrued_1" ns2:type="arc" />
      <ns0:loc ns2:href="../ferc-core_2021-01-01.xsd#ferc_PrepaidTaxes" ns2:label="ferc_PrepaidTaxes_1" ns2:type="locator" />
      <ns0:definitionArc order="65.0" ns2:arcrole="http://xbrl.org/int/dim/arcrole/domain-member" ns2:from="ferc_DefaultLineItems" ns2:to="ferc_PrepaidTaxes_1" ns2:type="arc" />
      <ns0:loc ns2:href="../ferc-core_2021-01-01.xsd#ferc_TaxesAccruedPrepaidAndCharged" ns2:label="ferc_TaxesAccruedPrepaidAndCharged" ns2:type="locator" />
      <ns0:definitionArc order="66.0" ns2:arcrole="http://xbrl.org/int/dim/arcrole/domain-member" ns2:from="ferc_DefaultLineItems" ns2:to="ferc_TaxesAccruedPrepaidAndCharged" ns2:type="arc" />
      <ns0:loc ns2:href="../ferc-core_2021-01-01.xsd#ferc_IncomeTaxesExtraordinaryItems" ns2:label="ferc_IncomeTaxesExtraordinaryItems" ns2:type="locator" />
      <ns0:definitionArc order="67.0" ns2:arcrole="http://xbrl.org/int/dim/arcrole/domain-member" ns2:from="ferc_DefaultLineItems" ns2:to="ferc_IncomeTaxesExtraordinaryItems" ns2:type="arc" />
      <ns0:loc ns2:href="../ferc-core_2021-01-01.xsd#ferc_AdjustmentsToRetainedEarnings" ns2:label="ferc_AdjustmentsToRetainedEarnings" ns2:type="locator" />
      <ns0:definitionArc order="68.0" ns2:arcrole="http://xbrl.org/int/dim/arcrole/domain-member" ns2:from="ferc_DefaultLineItems" ns2:to="ferc_AdjustmentsToRetainedEarnings" ns2:type="arc" />
      <ns0:loc ns2:href="../ferc-core_2021-01-01.xsd#ferc_TaxesIncurredOther" ns2:label="ferc_TaxesIncurredOther" ns2:type="locator" />
      <ns0:definitionArc order="69.0" ns2:arcrole="http://xbrl.org/int/dim/arcrole/domain-member" ns2:from="ferc_DefaultLineItems" ns2:to="ferc_TaxesIncurredOther" ns2:type="arc" />
      <ns0:loc ns2:href="../ferc-core_2021-01-01.xsd#ferc_AccumulatedDeferredInvestmentTaxCredits" ns2:label="ferc_AccumulatedDeferredInvestmentTaxCredits" ns2:type="locator" />
      <ns0:definitionArc order="70.0" ns2:arcrole="http://xbrl.org/int/dim/arcrole/domain-member" ns2:from="ferc_DefaultLineItems" ns2:to="ferc_AccumulatedDeferredInvestmentTaxCredits" ns2:type="arc" />
      <ns0:loc ns2:href="../ferc-core_2021-01-01.xsd#ferc_AccumulatedDeferredInvestmentTaxCreditsDeferredAmount" ns2:label="ferc_AccumulatedDeferredInvestmentTaxCreditsDeferredAmount" ns2:type="locator" />
      <ns0:definitionArc order="71.0" ns2:arcrole="http://xbrl.org/int/dim/arcrole/domain-member" ns2:from="ferc_DefaultLineItems" ns2:to="ferc_AccumulatedDeferredInvestmentTaxCreditsDeferredAmount" ns2:type="arc" />
      <ns0:loc ns2:href="../ferc-core_2021-01-01.xsd#ferc_AccumulatedDeferredInvestmentTaxCreditsAllocationToIncomeAmount" ns2:label="ferc_AccumulatedDeferredInvestmentTaxCreditsAllocationToIncomeAmount" ns2:type="locator" />
      <ns0:definitionArc order="72.0" ns2:arcrole="http://xbrl.org/int/dim/arcrole/domain-member" ns2:from="ferc_DefaultLineItems" ns2:to="ferc_AccumulatedDeferredInvestmentTaxCreditsAllocationToIncomeAmount" ns2:type="arc" />
      <ns0:loc ns2:href="../ferc-core_2021-01-01.xsd#ferc_AccumulatedDeferredInvestmentTaxCreditsAdjustments" ns2:label="ferc_AccumulatedDeferredInvestmentTaxCreditsAdjustments" ns2:type="locator" />
      <ns0:definitionArc order="73.0" ns2:arcrole="http://xbrl.org/int/dim/arcrole/domain-member" ns2:from="ferc_DefaultLineItems" ns2:to="ferc_AccumulatedDeferredInvestmentTaxCreditsAdjustments" ns2:type="arc" />
      <ns0:loc ns2:href="../ferc-core_2021-01-01.xsd#ferc_AccumulatedDeferredInvestmentTaxCredits" ns2:label="ferc_AccumulatedDeferredInvestmentTaxCredits_1" ns2:type="locator" />
      <ns0:definitionArc order="74.0" ns2:arcrole="http://xbrl.org/int/dim/arcrole/domain-member" ns2:from="ferc_DefaultLineItems" ns2:to="ferc_AccumulatedDeferredInvestmentTaxCredits_1" ns2:type="arc" />
      <ns0:loc ns2:href="../ferc-core_2021-01-01.xsd#ferc_AccumulatedDeferredInvestmentTaxCredits" ns2:label="ferc_AccumulatedDeferredInvestmentTaxCredits_2" ns2:type="locator" />
      <ns0:definitionArc order="75.0" ns2:arcrole="http://xbrl.org/int/dim/arcrole/domain-member" ns2:from="ferc_DefaultLineItems" ns2:to="ferc_AccumulatedDeferredInvestmentTaxCredits_2" ns2:type="arc" />
      <ns0:loc ns2:href="../ferc-core_2021-01-01.xsd#ferc_AccumulatedDeferredInvestmentTaxCreditsDeferredAmount" ns2:label="ferc_AccumulatedDeferredInvestmentTaxCreditsDeferredAmount_1" ns2:type="locator" />
      <ns0:definitionArc order="76.0" ns2:arcrole="http://xbrl.org/int/dim/arcrole/domain-member" ns2:from="ferc_DefaultLineItems" ns2:to="ferc_AccumulatedDeferredInvestmentTaxCreditsDeferredAmount_1" ns2:type="arc" />
      <ns0:loc ns2:href="../ferc-core_2021-01-01.xsd#ferc_AccumulatedDeferredInvestmentTaxCreditsAllocationToIncomeAmount" ns2:label="ferc_AccumulatedDeferredInvestmentTaxCreditsAllocationToIncomeAmount_1" ns2:type="locator" />
      <ns0:definitionArc order="77.0" ns2:arcrole="http://xbrl.org/int/dim/arcrole/domain-member" ns2:from="ferc_DefaultLineItems" ns2:to="ferc_AccumulatedDeferredInvestmentTaxCreditsAllocationToIncomeAmount_1" ns2:type="arc" />
      <ns0:loc ns2:href="../ferc-core_2021-01-01.xsd#ferc_AccumulatedDeferredInvestmentTaxCreditsAdjustments" ns2:label="ferc_AccumulatedDeferredInvestmentTaxCreditsAdjustments_1" ns2:type="locator" />
      <ns0:definitionArc order="78.0" ns2:arcrole="http://xbrl.org/int/dim/arcrole/domain-member" ns2:from="ferc_DefaultLineItems" ns2:to="ferc_AccumulatedDeferredInvestmentTaxCreditsAdjustments_1" ns2:type="arc" />
      <ns0:loc ns2:href="../ferc-core_2021-01-01.xsd#ferc_AccumulatedDeferredInvestmentTaxCredits" ns2:label="ferc_AccumulatedDeferredInvestmentTaxCredits_3" ns2:type="locator" />
      <ns0:definitionArc order="79.0" ns2:arcrole="http://xbrl.org/int/dim/arcrole/domain-member" ns2:from="ferc_DefaultLineItems" ns2:to="ferc_AccumulatedDeferredInvestmentTaxCredits_3" ns2:type="arc" />
      <ns0:loc ns2:href="../ferc-core_2021-01-01.xsd#ferc_DecreaseInOtherDeferredCredits" ns2:label="ferc_DecreaseInOtherDeferredCredits" ns2:type="locator" />
      <ns0:definitionArc order="80.0" ns2:arcrole="http://xbrl.org/int/dim/arcrole/domain-member" ns2:from="ferc_DefaultLineItems" ns2:to="ferc_DecreaseInOtherDeferredCredits" ns2:type="arc" />
      <ns0:loc ns2:href="../ferc-core_2021-01-01.xsd#ferc_IncreaseInOtherDeferredCredits" ns2:label="ferc_IncreaseInOtherDeferredCredits" ns2:type="locator" />
      <ns0:definitionArc order="81.0" ns2:arcrole="http://xbrl.org/int/dim/arcrole/domain-member" ns2:from="ferc_DefaultLineItems" ns2:to="ferc_IncreaseInOtherDeferredCredits" ns2:type="arc" />
      <ns0:loc ns2:href="../ferc-core_2021-01-01.xsd#ferc_OtherDeferredCredits" ns2:label="ferc_OtherDeferredCredits" ns2:type="locator" />
      <ns0:definitionArc order="82.0" ns2:arcrole="http://xbrl.org/int/dim/arcrole/domain-member" ns2:from="ferc_DefaultLineItems" ns2:to="ferc_OtherDeferredCredits" ns2:type="arc" />
      <ns0:loc ns2:href="../ferc-core_2021-01-01.xsd#ferc_DecreaseInOtherRegulatoryLiabilities" ns2:label="ferc_DecreaseInOtherRegulatoryLiabilities" ns2:type="locator" />
      <ns0:definitionArc order="83.0" ns2:arcrole="http://xbrl.org/int/dim/arcrole/domain-member" ns2:from="ferc_DefaultLineItems" ns2:to="ferc_DecreaseInOtherRegulatoryLiabilities" ns2:type="arc" />
      <ns0:loc ns2:href="../ferc-core_2021-01-01.xsd#ferc_IncreaseInOtherRegulatoryLiabilities" ns2:label="ferc_IncreaseInOtherRegulatoryLiabilities" ns2:type="locator" />
      <ns0:definitionArc order="84.0" ns2:arcrole="http://xbrl.org/int/dim/arcrole/domain-member" ns2:from="ferc_DefaultLineItems" ns2:to="ferc_IncreaseInOtherRegulatoryLiabilities" ns2:type="arc" />
      <ns0:loc ns2:href="../ferc-core_2021-01-01.xsd#ferc_OtherRegulatoryLiabilities" ns2:label="ferc_OtherRegulatoryLiabilities" ns2:type="locator" />
      <ns0:definitionArc order="85.0" ns2:arcrole="http://xbrl.org/int/dim/arcrole/domain-member" ns2:from="ferc_DefaultLineItems" ns2:to="ferc_OtherRegulatoryLiabilities" ns2:type="arc" />
      <ns0:loc ns2:href="../ferc-core_2021-01-01.xsd#ferc_RegionalTransmissionServiceRevenues" ns2:label="ferc_RegionalTransmissionServiceRevenues" ns2:type="locator" />
      <ns0:definitionArc order="86.0" ns2:arcrole="http://xbrl.org/int/dim/arcrole/domain-member" ns2:from="ferc_DefaultLineItems" ns2:to="ferc_RegionalTransmissionServiceRevenues" ns2:type="arc" />
      <ns0:loc ns2:href="../ferc-core_2021-01-01.xsd#ferc_MegawattHoursOfElectricitySoldByRateSchedules" ns2:label="ferc_MegawattHoursOfElectricitySoldByRateSchedules" ns2:type="locator" />
      <ns0:definitionArc order="87.0" ns2:arcrole="http://xbrl.org/int/dim/arcrole/domain-member" ns2:from="ferc_DefaultLineItems" ns2:to="ferc_MegawattHoursOfElectricitySoldByRateSchedules" ns2:type="arc" />
      <ns0:loc ns2:href="../ferc-core_2021-01-01.xsd#ferc_RevenueFromSalesOfElectricityByRateSchedules" ns2:label="ferc_RevenueFromSalesOfElectricityByRateSchedules" ns2:type="locator" />
      <ns0:definitionArc order="88.0" ns2:arcrole="http://xbrl.org/int/dim/arcrole/domain-member" ns2:from="ferc_DefaultLineItems" ns2:to="ferc_RevenueFromSalesOfElectricityByRateSchedules" ns2:type="arc" />
      <ns0:loc ns2:href="../ferc-core_2021-01-01.xsd#ferc_AverageNumberOfCustomersPerMonthSalesOfElectricityByRateSchedules" ns2:label="ferc_AverageNumberOfCustomersPerMonthSalesOfElectricityByRateSchedules" ns2:type="locator" />
      <ns0:definitionArc order="89.0" ns2:arcrole="http://xbrl.org/int/dim/arcrole/domain-member" ns2:from="ferc_DefaultLineItems" ns2:to="ferc_AverageNumberOfCustomersPerMonthSalesOfElectricityByRateSchedules" ns2:type="arc" />
      <ns0:loc ns2:href="../ferc-core_2021-01-01.xsd#ferc_AverageKilowattHoursOfSalesPerCustomerSalesOfElectricityByRateSchedules" ns2:label="ferc_AverageKilowattHoursOfSalesPerCustomerSalesOfElectricityByRateSchedules" ns2:type="locator" />
      <ns0:definitionArc order="90.0" ns2:arcrole="http://xbrl.org/int/dim/arcrole/domain-member" ns2:from="ferc_DefaultLineItems" ns2:to="ferc_AverageKilowattHoursOfSalesPerCustomerSalesOfElectricityByRateSchedules" ns2:type="arc" />
      <ns0:loc ns2:href="../ferc-core_2021-01-01.xsd#ferc_AverageRevenuePerKilowattHourSoldSalesOfElectricityByRateSchedules" ns2:label="ferc_AverageRevenuePerKilowattHourSoldSalesOfElectricityByRateSchedules" ns2:type="locator" />
      <ns0:definitionArc order="91.0" ns2:arcrole="http://xbrl.org/int/dim/arcrole/domain-member" ns2:from="ferc_DefaultLineItems" ns2:to="ferc_AverageRevenuePerKilowattHourSoldSalesOfElectricityByRateSchedules" ns2:type="arc" />
      <ns0:loc ns2:href="../ferc-core_2021-01-01.xsd#ferc_MegawattHoursSoldSalesForResale" ns2:label="ferc_MegawattHoursSoldSalesForResale" ns2:type="locator" />
      <ns0:definitionArc order="92.0" ns2:arcrole="http://xbrl.org/int/dim/arcrole/domain-member" ns2:from="ferc_DefaultLineItems" ns2:to="ferc_MegawattHoursSoldSalesForResale" ns2:type="arc" />
      <ns0:loc ns2:href="../ferc-core_2021-01-01.xsd#ferc_MegawattHoursPurchasedOtherThanStorage" ns2:label="ferc_MegawattHoursPurchasedOtherThanStorage" ns2:type="locator" />
      <ns0:definitionArc order="93.0" ns2:arcrole="http://xbrl.org/int/dim/arcrole/domain-member" ns2:from="ferc_DefaultLineItems" ns2:to="ferc_MegawattHoursPurchasedOtherThanStorage" ns2:type="arc" />
      <ns0:loc ns2:href="../ferc-core_2021-01-01.xsd#ferc_MegawattHoursPurchasedForEnergyStorage" ns2:label="ferc_MegawattHoursPurchasedForEnergyStorage" ns2:type="locator" />
      <ns0:definitionArc order="94.0" ns2:arcrole="http://xbrl.org/int/dim/arcrole/domain-member" ns2:from="ferc_DefaultLineItems" ns2:to="ferc_MegawattHoursPurchasedForEnergyStorage" ns2:type="arc" />
      <ns0:loc ns2:href="../ferc-core_2021-01-01.xsd#ferc_EnergyReceivedThroughPowerExchanges" ns2:label="ferc_EnergyReceivedThroughPowerExchanges" ns2:type="locator" />
      <ns0:definitionArc order="95.0" ns2:arcrole="http://xbrl.org/int/dim/arcrole/domain-member" ns2:from="ferc_DefaultLineItems" ns2:to="ferc_EnergyReceivedThroughPowerExchanges" ns2:type="arc" />
      <ns0:loc ns2:href="../ferc-core_2021-01-01.xsd#ferc_EnergyDeliveredThroughPowerExchanges" ns2:label="ferc_EnergyDeliveredThroughPowerExchanges" ns2:type="locator" />
      <ns0:definitionArc order="96.0" ns2:arcrole="http://xbrl.org/int/dim/arcrole/domain-member" ns2:from="ferc_DefaultLineItems" ns2:to="ferc_EnergyDeliveredThroughPowerExchanges" ns2:type="arc" />
      <ns0:loc ns2:href="../ferc-core_2021-01-01.xsd#ferc_DemandChargesOfPurchasedPower" ns2:label="ferc_DemandChargesOfPurchasedPower" ns2:type="locator" />
      <ns0:definitionArc order="97.0" ns2:arcrole="http://xbrl.org/int/dim/arcrole/domain-member" ns2:from="ferc_DefaultLineItems" ns2:to="ferc_DemandChargesOfPurchasedPower" ns2:type="arc" />
      <ns0:loc ns2:href="../ferc-core_2021-01-01.xsd#ferc_EnergyChargesOfPurchasedPower" ns2:label="ferc_EnergyChargesOfPurchasedPower" ns2:type="locator" />
      <ns0:definitionArc order="98.0" ns2:arcrole="http://xbrl.org/int/dim/arcrole/domain-member" ns2:from="ferc_DefaultLineItems" ns2:to="ferc_EnergyChargesOfPurchasedPower" ns2:type="arc" />
      <ns0:loc ns2:href="../ferc-core_2021-01-01.xsd#ferc_OtherChargesOfPurchasedPower" ns2:label="ferc_OtherChargesOfPurchasedPower" ns2:type="locator" />
      <ns0:definitionArc order="99.0" ns2:arcrole="http://xbrl.org/int/dim/arcrole/domain-member" ns2:from="ferc_DefaultLineItems" ns2:to="ferc_OtherChargesOfPurchasedPower" ns2:type="arc" />
      <ns0:loc ns2:href="../ferc-core_2021-01-01.xsd#ferc_SettlementOfPower" ns2:label="ferc_SettlementOfPower" ns2:type="locator" />
      <ns0:definitionArc order="100.0" ns2:arcrole="http://xbrl.org/int/dim/arcrole/domain-member" ns2:from="ferc_DefaultLineItems" ns2:to="ferc_SettlementOfPower" ns2:type="arc" />
      <ns0:loc ns2:href="../ferc-core_2021-01-01.xsd#ferc_BillingDemand" ns2:label="ferc_BillingDemand" ns2:type="locator" />
      <ns0:definitionArc order="101.0" ns2:arcrole="http://xbrl.org/int/dim/arcrole/domain-member" ns2:from="ferc_DefaultLineItems" ns2:to="ferc_BillingDemand" ns2:type="arc" />
      <ns0:loc ns2:href="../ferc-core_2021-01-01.xsd#ferc_TransmissionOfElectricityForOthersEnergyReceived" ns2:label="ferc_TransmissionOfElectricityForOthersEnergyReceived" ns2:type="locator" />
      <ns0:definitionArc order="102.0" ns2:arcrole="http://xbrl.org/int/dim/arcrole/domain-member" ns2:from="ferc_DefaultLineItems" ns2:to="ferc_TransmissionOfElectricityForOthersEnergyReceived" ns2:type="arc" />
      <ns0:loc ns2:href="../ferc-core_2021-01-01.xsd#ferc_TransmissionOfElectricityForOthersEnergyDelivered" ns2:label="ferc_TransmissionOfElectricityForOthersEnergyDelivered" ns2:type="locator" />
      <ns0:definitionArc order="103.0" ns2:arcrole="http://xbrl.org/int/dim/arcrole/domain-member" ns2:from="ferc_DefaultLineItems" ns2:to="ferc_TransmissionOfElectricityForOthersEnergyDelivered" ns2:type="arc" />
      <ns0:loc ns2:href="../ferc-core_2021-01-01.xsd#ferc_RevenuesFromTransmissionOfElectricityForOthers" ns2:label="ferc_RevenuesFromTransmissionOfElectricityForOthers" ns2:type="locator" />
      <ns0:definitionArc order="104.0" ns2:arcrole="http://xbrl.org/int/dim/arcrole/domain-member" ns2:from="ferc_DefaultLineItems" ns2:to="ferc_RevenuesFromTransmissionOfElectricityForOthers" ns2:type="arc" />
      <ns0:loc ns2:href="../ferc-core_2021-01-01.xsd#ferc_RevenuesByRateOrTariff" ns2:label="ferc_RevenuesByRateOrTariff" ns2:type="locator" />
      <ns0:definitionArc order="105.0" ns2:arcrole="http://xbrl.org/int/dim/arcrole/domain-member" ns2:from="ferc_DefaultLineItems" ns2:to="ferc_RevenuesByRateOrTariff" ns2:type="arc" />
      <ns0:loc ns2:href="../ferc-core_2021-01-01.xsd#ferc_TransmissionOfElectricityByIsosOrRtosRevenue" ns2:label="ferc_TransmissionOfElectricityByIsosOrRtosRevenue" ns2:type="locator" />
      <ns0:definitionArc order="106.0" ns2:arcrole="http://xbrl.org/int/dim/arcrole/domain-member" ns2:from="ferc_DefaultLineItems" ns2:to="ferc_TransmissionOfElectricityByIsosOrRtosRevenue" ns2:type="arc" />
      <ns0:loc ns2:href="../ferc-core_2021-01-01.xsd#ferc_TransmissionOfElectricityByOthersEnergyReceived" ns2:label="ferc_TransmissionOfElectricityByOthersEnergyReceived" ns2:type="locator" />
      <ns0:definitionArc order="107.0" ns2:arcrole="http://xbrl.org/int/dim/arcrole/domain-member" ns2:from="ferc_DefaultLineItems" ns2:to="ferc_TransmissionOfElectricityByOthersEnergyReceived" ns2:type="arc" />
      <ns0:loc ns2:href="../ferc-core_2021-01-01.xsd#ferc_TransmissionOfElectricityByOthersEnergyDelivered" ns2:label="ferc_TransmissionOfElectricityByOthersEnergyDelivered" ns2:type="locator" />
      <ns0:definitionArc order="108.0" ns2:arcrole="http://xbrl.org/int/dim/arcrole/domain-member" ns2:from="ferc_DefaultLineItems" ns2:to="ferc_TransmissionOfElectricityByOthersEnergyDelivered" ns2:type="arc" />
      <ns0:loc ns2:href="../ferc-core_2021-01-01.xsd#ferc_DemandChargesTransmissionOfElectricityByOthers" ns2:label="ferc_DemandChargesTransmissionOfElectricityByOthers" ns2:type="locator" />
      <ns0:definitionArc order="109.0" ns2:arcrole="http://xbrl.org/int/dim/arcrole/domain-member" ns2:from="ferc_DefaultLineItems" ns2:to="ferc_DemandChargesTransmissionOfElectricityByOthers" ns2:type="arc" />
      <ns0:loc ns2:href="../ferc-core_2021-01-01.xsd#ferc_EnergyChargesTransmissionOfElectricityByOthers" ns2:label="ferc_EnergyChargesTransmissionOfElectricityByOthers" ns2:type="locator" />
      <ns0:definitionArc order="110.0" ns2:arcrole="http://xbrl.org/int/dim/arcrole/domain-member" ns2:from="ferc_DefaultLineItems" ns2:to="ferc_EnergyChargesTransmissionOfElectricityByOthers" ns2:type="arc" />
      <ns0:loc ns2:href="../ferc-core_2021-01-01.xsd#ferc_OtherChargesTransmissionOfElectricityByOthers" ns2:label="ferc_OtherChargesTransmissionOfElectricityByOthers" ns2:type="locator" />
      <ns0:definitionArc order="111.0" ns2:arcrole="http://xbrl.org/int/dim/arcrole/domain-member" ns2:from="ferc_DefaultLineItems" ns2:to="ferc_OtherChargesTransmissionOfElectricityByOthers" ns2:type="arc" />
      <ns0:loc ns2:href="../ferc-core_2021-01-01.xsd#ferc_ChargesForTransmissionOfElectricityByOthers" ns2:label="ferc_ChargesForTransmissionOfElectricityByOthers" ns2:type="locator" />
      <ns0:definitionArc order="112.0" ns2:arcrole="http://xbrl.org/int/dim/arcrole/domain-member" ns2:from="ferc_DefaultLineItems" ns2:to="ferc_ChargesForTransmissionOfElectricityByOthers" ns2:type="arc" />
      <ns0:loc ns2:href="../ferc-core_2021-01-01.xsd#ferc_RegulatoryExpensesAssessedByRegulatoryCommission" ns2:label="ferc_RegulatoryExpensesAssessedByRegulatoryCommission" ns2:type="locator" />
      <ns0:definitionArc order="113.0" ns2:arcrole="http://xbrl.org/int/dim/arcrole/domain-member" ns2:from="ferc_DefaultLineItems" ns2:to="ferc_RegulatoryExpensesAssessedByRegulatoryCommission" ns2:type="arc" />
      <ns0:loc ns2:href="../ferc-core_2021-01-01.xsd#ferc_RegulatoryExpensesOfUtility" ns2:label="ferc_RegulatoryExpensesOfUtility" ns2:type="locator" />
      <ns0:definitionArc order="114.0" ns2:arcrole="http://xbrl.org/int/dim/arcrole/domain-member" ns2:from="ferc_DefaultLineItems" ns2:to="ferc_RegulatoryExpensesOfUtility" ns2:type="arc" />
      <ns0:loc ns2:href="../ferc-core_2021-01-01.xsd#ferc_RegulatoryCommissionExpensesAmount" ns2:label="ferc_RegulatoryCommissionExpensesAmount" ns2:type="locator" />
      <ns0:definitionArc order="115.0" ns2:arcrole="http://xbrl.org/int/dim/arcrole/domain-member" ns2:from="ferc_DefaultLineItems" ns2:to="ferc_RegulatoryCommissionExpensesAmount" ns2:type="arc" />
      <ns0:loc ns2:href="../ferc-core_2021-01-01.xsd#ferc_OtherRegulatoryAssetsRegulatoryCommissionExpenses" ns2:label="ferc_OtherRegulatoryAssetsRegulatoryCommissionExpenses" ns2:type="locator" />
      <ns0:definitionArc order="116.0" ns2:arcrole="http://xbrl.org/int/dim/arcrole/domain-member" ns2:from="ferc_DefaultLineItems" ns2:to="ferc_OtherRegulatoryAssetsRegulatoryCommissionExpenses" ns2:type="arc" />
      <ns0:loc ns2:href="../ferc-core_2021-01-01.xsd#ferc_RegulatoryCommissionExpenses" ns2:label="ferc_RegulatoryCommissionExpenses" ns2:type="locator" />
      <ns0:definitionArc order="117.0" ns2:arcrole="http://xbrl.org/int/dim/arcrole/domain-member" ns2:from="ferc_DefaultLineItems" ns2:to="ferc_RegulatoryCommissionExpenses" ns2:type="arc" />
      <ns0:loc ns2:href="../ferc-core_2021-01-01.xsd#ferc_RegulatoryCommissionExpensesDeferredToOtherRegulatoryAssets" ns2:label="ferc_RegulatoryCommissionExpensesDeferredToOtherRegulatoryAssets" ns2:type="locator" />
      <ns0:definitionArc order="118.0" ns2:arcrole="http://xbrl.org/int/dim/arcrole/domain-member" ns2:from="ferc_DefaultLineItems" ns2:to="ferc_RegulatoryCommissionExpensesDeferredToOtherRegulatoryAssets" ns2:type="arc" />
      <ns0:loc ns2:href="../ferc-core_2021-01-01.xsd#ferc_DeferredRegulatoryCommissionExpensesAmortized" ns2:label="ferc_DeferredRegulatoryCommissionExpensesAmortized" ns2:type="locator" />
      <ns0:definitionArc order="119.0" ns2:arcrole="http://xbrl.org/int/dim/arcrole/domain-member" ns2:from="ferc_DefaultLineItems" ns2:to="ferc_DeferredRegulatoryCommissionExpensesAmortized" ns2:type="arc" />
      <ns0:loc ns2:href="../ferc-core_2021-01-01.xsd#ferc_EnergyPurchasedGeneratedReceivedForStorage" ns2:label="ferc_EnergyPurchasedGeneratedReceivedForStorage" ns2:type="locator" />
      <ns0:definitionArc order="120.0" ns2:arcrole="http://xbrl.org/int/dim/arcrole/domain-member" ns2:from="ferc_DefaultLineItems" ns2:to="ferc_EnergyPurchasedGeneratedReceivedForStorage" ns2:type="arc" />
      <ns0:loc ns2:href="../ferc-core_2021-01-01.xsd#ferc_EnergyDeliveredToSupportProductionPlant" ns2:label="ferc_EnergyDeliveredToSupportProductionPlant" ns2:type="locator" />
      <ns0:definitionArc order="121.0" ns2:arcrole="http://xbrl.org/int/dim/arcrole/domain-member" ns2:from="ferc_DefaultLineItems" ns2:to="ferc_EnergyDeliveredToSupportProductionPlant" ns2:type="arc" />
      <ns0:loc ns2:href="../ferc-core_2021-01-01.xsd#ferc_EnergyDeliveredToSupportTransmissionPlant" ns2:label="ferc_EnergyDeliveredToSupportTransmissionPlant" ns2:type="locator" />
      <ns0:definitionArc order="122.0" ns2:arcrole="http://xbrl.org/int/dim/arcrole/domain-member" ns2:from="ferc_DefaultLineItems" ns2:to="ferc_EnergyDeliveredToSupportTransmissionPlant" ns2:type="arc" />
      <ns0:loc ns2:href="../ferc-core_2021-01-01.xsd#ferc_EnergyDeliveredToSupportDistributionPlant" ns2:label="ferc_EnergyDeliveredToSupportDistributionPlant" ns2:type="locator" />
      <ns0:definitionArc order="123.0" ns2:arcrole="http://xbrl.org/int/dim/arcrole/domain-member" ns2:from="ferc_DefaultLineItems" ns2:to="ferc_EnergyDeliveredToSupportDistributionPlant" ns2:type="arc" />
      <ns0:loc ns2:href="../ferc-core_2021-01-01.xsd#ferc_EnergyLostDuringConversionStorageDischargeAndDischargeOfEnergyProductionPlant" ns2:label="ferc_EnergyLostDuringConversionStorageDischargeAndDischargeOfEnergyProductionPlant" ns2:type="locator" />
      <ns0:definitionArc order="124.0" ns2:arcrole="http://xbrl.org/int/dim/arcrole/domain-member" ns2:from="ferc_DefaultLineItems" ns2:to="ferc_EnergyLostDuringConversionStorageDischargeAndDischargeOfEnergyProductionPlant" ns2:type="arc" />
      <ns0:loc ns2:href="../ferc-core_2021-01-01.xsd#ferc_EnergyLostDuringConversionStorageDischargeAndDischargeOfEnergyTransmissionPlant" ns2:label="ferc_EnergyLostDuringConversionStorageDischargeAndDischargeOfEnergyTransmissionPlant" ns2:type="locator" />
      <ns0:definitionArc order="125.0" ns2:arcrole="http://xbrl.org/int/dim/arcrole/domain-member" ns2:from="ferc_DefaultLineItems" ns2:to="ferc_EnergyLostDuringConversionStorageDischargeAndDischargeOfEnergyTransmissionPlant" ns2:type="arc" />
      <ns0:loc ns2:href="../ferc-core_2021-01-01.xsd#ferc_EnergyLostDuringConversionStorageDischargeAndDischargeOfEnergyDistributionplant" ns2:label="ferc_EnergyLostDuringConversionStorageDischargeAndDischargeOfEnergyDistributionplant" ns2:type="locator" />
      <ns0:definitionArc order="126.0" ns2:arcrole="http://xbrl.org/int/dim/arcrole/domain-member" ns2:from="ferc_DefaultLineItems" ns2:to="ferc_EnergyLostDuringConversionStorageDischargeAndDischargeOfEnergyDistributionplant" ns2:type="arc" />
      <ns0:loc ns2:href="../ferc-core_2021-01-01.xsd#ferc_EnergySold" ns2:label="ferc_EnergySold" ns2:type="locator" />
      <ns0:definitionArc order="127.0" ns2:arcrole="http://xbrl.org/int/dim/arcrole/domain-member" ns2:from="ferc_DefaultLineItems" ns2:to="ferc_EnergySold" ns2:type="arc" />
      <ns0:loc ns2:href="../ferc-core_2021-01-01.xsd#ferc_RevenuesFromEnergyStorageOperations" ns2:label="ferc_RevenuesFromEnergyStorageOperations" ns2:type="locator" />
      <ns0:definitionArc order="128.0" ns2:arcrole="http://xbrl.org/int/dim/arcrole/domain-member" ns2:from="ferc_DefaultLineItems" ns2:to="ferc_RevenuesFromEnergyStorageOperations" ns2:type="arc" />
      <ns0:loc ns2:href="../ferc-core_2021-01-01.xsd#ferc_PowerPurchasedForStorageOperations" ns2:label="ferc_PowerPurchasedForStorageOperations" ns2:type="locator" />
      <ns0:definitionArc order="129.0" ns2:arcrole="http://xbrl.org/int/dim/arcrole/domain-member" ns2:from="ferc_DefaultLineItems" ns2:to="ferc_PowerPurchasedForStorageOperations" ns2:type="arc" />
      <ns0:loc ns2:href="../ferc-core_2021-01-01.xsd#ferc_FuelCostsStorageOperationsSelfGeneratedPower" ns2:label="ferc_FuelCostsStorageOperationsSelfGeneratedPower" ns2:type="locator" />
      <ns0:definitionArc order="130.0" ns2:arcrole="http://xbrl.org/int/dim/arcrole/domain-member" ns2:from="ferc_DefaultLineItems" ns2:to="ferc_FuelCostsStorageOperationsSelfGeneratedPower" ns2:type="arc" />
      <ns0:loc ns2:href="../ferc-core_2021-01-01.xsd#ferc_OtherCostsSelfGeneratedPower" ns2:label="ferc_OtherCostsSelfGeneratedPower" ns2:type="locator" />
      <ns0:definitionArc order="131.0" ns2:arcrole="http://xbrl.org/int/dim/arcrole/domain-member" ns2:from="ferc_DefaultLineItems" ns2:to="ferc_OtherCostsSelfGeneratedPower" ns2:type="arc" />
      <ns0:loc ns2:href="../ferc-core_2021-01-01.xsd#ferc_ProjectPlantCostProduction" ns2:label="ferc_ProjectPlantCostProduction" ns2:type="locator" />
      <ns0:definitionArc order="132.0" ns2:arcrole="http://xbrl.org/int/dim/arcrole/domain-member" ns2:from="ferc_DefaultLineItems" ns2:to="ferc_ProjectPlantCostProduction" ns2:type="arc" />
      <ns0:loc ns2:href="../ferc-core_2021-01-01.xsd#ferc_ProjectPlantCostTransmission" ns2:label="ferc_ProjectPlantCostTransmission" ns2:type="locator" />
      <ns0:definitionArc order="133.0" ns2:arcrole="http://xbrl.org/int/dim/arcrole/domain-member" ns2:from="ferc_DefaultLineItems" ns2:to="ferc_ProjectPlantCostTransmission" ns2:type="arc" />
      <ns0:loc ns2:href="../ferc-core_2021-01-01.xsd#ferc_ProjectPlantCostDistribution" ns2:label="ferc_ProjectPlantCostDistribution" ns2:type="locator" />
      <ns0:definitionArc order="134.0" ns2:arcrole="http://xbrl.org/int/dim/arcrole/domain-member" ns2:from="ferc_DefaultLineItems" ns2:to="ferc_ProjectPlantCostDistribution" ns2:type="arc" />
      <ns0:loc ns2:href="../ferc-core_2021-01-01.xsd#ferc_ProjectPlantCost" ns2:label="ferc_ProjectPlantCost" ns2:type="locator" />
      <ns0:definitionArc order="135.0" ns2:arcrole="http://xbrl.org/int/dim/arcrole/domain-member" ns2:from="ferc_DefaultLineItems" ns2:to="ferc_ProjectPlantCost" ns2:type="arc" />
      <ns0:loc ns2:href="../ferc-core_2021-01-01.xsd#ferc_OperationExpenseExcludingFuel" ns2:label="ferc_OperationExpenseExcludingFuel" ns2:type="locator" />
      <ns0:definitionArc order="136.0" ns2:arcrole="http://xbrl.org/int/dim/arcrole/domain-member" ns2:from="ferc_DefaultLineItems" ns2:to="ferc_OperationExpenseExcludingFuel" ns2:type="arc" />
      <ns0:loc ns2:href="../ferc-core_2021-01-01.xsd#ferc_MaintenanceExpense" ns2:label="ferc_MaintenanceExpense" ns2:type="locator" />
      <ns0:definitionArc order="137.0" ns2:arcrole="http://xbrl.org/int/dim/arcrole/domain-member" ns2:from="ferc_DefaultLineItems" ns2:to="ferc_MaintenanceExpense" ns2:type="arc" />
      <ns0:loc ns2:href="../ferc-core_2021-01-01.xsd#ferc_FuelUsedInStorageOperations" ns2:label="ferc_FuelUsedInStorageOperations" ns2:type="locator" />
      <ns0:definitionArc order="138.0" ns2:arcrole="http://xbrl.org/int/dim/arcrole/domain-member" ns2:from="ferc_DefaultLineItems" ns2:to="ferc_FuelUsedInStorageOperations" ns2:type="arc" />
      <ns0:loc ns2:href="../ferc-core_2021-01-01.xsd#ferc_PowerPurchasedForStorageOperations" ns2:label="ferc_PowerPurchasedForStorageOperations_1" ns2:type="locator" />
      <ns0:definitionArc order="139.0" ns2:arcrole="http://xbrl.org/int/dim/arcrole/domain-member" ns2:from="ferc_DefaultLineItems" ns2:to="ferc_PowerPurchasedForStorageOperations_1" ns2:type="arc" />
      <ns0:loc ns2:href="../ferc-core_2021-01-01.xsd#ferc_OtherExpenses" ns2:label="ferc_OtherExpenses" ns2:type="locator" />
      <ns0:definitionArc order="140.0" ns2:arcrole="http://xbrl.org/int/dim/arcrole/domain-member" ns2:from="ferc_DefaultLineItems" ns2:to="ferc_OtherExpenses" ns2:type="arc" />
      <ns0:loc ns2:href="../ferc-core_2021-01-01.xsd#ferc_LengthForStandAloneTransmissionLines" ns2:label="ferc_LengthForStandAloneTransmissionLines" ns2:type="locator" />
      <ns0:definitionArc order="141.0" ns2:arcrole="http://xbrl.org/int/dim/arcrole/domain-member" ns2:from="ferc_DefaultLineItems" ns2:to="ferc_LengthForStandAloneTransmissionLines" ns2:type="arc" />
      <ns0:loc ns2:href="../ferc-core_2021-01-01.xsd#ferc_LengthForTransmissionLinesAggregatedWithOtherStructures" ns2:label="ferc_LengthForTransmissionLinesAggregatedWithOtherStructures" ns2:type="locator" />
      <ns0:definitionArc order="142.0" ns2:arcrole="http://xbrl.org/int/dim/arcrole/domain-member" ns2:from="ferc_DefaultLineItems" ns2:to="ferc_LengthForTransmissionLinesAggregatedWithOtherStructures" ns2:type="arc" />
      <ns0:loc ns2:href="../ferc-core_2021-01-01.xsd#ferc_NumberOfTransmissionCircuits" ns2:label="ferc_NumberOfTransmissionCircuits" ns2:type="locator" />
      <ns0:definitionArc order="143.0" ns2:arcrole="http://xbrl.org/int/dim/arcrole/domain-member" ns2:from="ferc_DefaultLineItems" ns2:to="ferc_NumberOfTransmissionCircuits" ns2:type="arc" />
      <ns0:loc ns2:href="../ferc-core_2021-01-01.xsd#ferc_CostOfLandAndLandRightsTransmissionLines" ns2:label="ferc_CostOfLandAndLandRightsTransmissionLines" ns2:type="locator" />
      <ns0:definitionArc order="144.0" ns2:arcrole="http://xbrl.org/int/dim/arcrole/domain-member" ns2:from="ferc_DefaultLineItems" ns2:to="ferc_CostOfLandAndLandRightsTransmissionLines" ns2:type="arc" />
      <ns0:loc ns2:href="../ferc-core_2021-01-01.xsd#ferc_ConstructionAndOtherCostsTransmissionLines" ns2:label="ferc_ConstructionAndOtherCostsTransmissionLines" ns2:type="locator" />
      <ns0:definitionArc order="145.0" ns2:arcrole="http://xbrl.org/int/dim/arcrole/domain-member" ns2:from="ferc_DefaultLineItems" ns2:to="ferc_ConstructionAndOtherCostsTransmissionLines" ns2:type="arc" />
      <ns0:loc ns2:href="../ferc-core_2021-01-01.xsd#ferc_OverallCostOfTransmissionLine" ns2:label="ferc_OverallCostOfTransmissionLine" ns2:type="locator" />
      <ns0:definitionArc order="146.0" ns2:arcrole="http://xbrl.org/int/dim/arcrole/domain-member" ns2:from="ferc_DefaultLineItems" ns2:to="ferc_OverallCostOfTransmissionLine" ns2:type="arc" />
      <ns0:loc ns2:href="../ferc-core_2021-01-01.xsd#ferc_OperatingExpensesOfTransmissionLine" ns2:label="ferc_OperatingExpensesOfTransmissionLine" ns2:type="locator" />
      <ns0:definitionArc order="147.0" ns2:arcrole="http://xbrl.org/int/dim/arcrole/domain-member" ns2:from="ferc_DefaultLineItems" ns2:to="ferc_OperatingExpensesOfTransmissionLine" ns2:type="arc" />
      <ns0:loc ns2:href="../ferc-core_2021-01-01.xsd#ferc_MaintenanceExpensesOfTransmissionLine" ns2:label="ferc_MaintenanceExpensesOfTransmissionLine" ns2:type="locator" />
      <ns0:definitionArc order="148.0" ns2:arcrole="http://xbrl.org/int/dim/arcrole/domain-member" ns2:from="ferc_DefaultLineItems" ns2:to="ferc_MaintenanceExpensesOfTransmissionLine" ns2:type="arc" />
      <ns0:loc ns2:href="../ferc-core_2021-01-01.xsd#ferc_RentExpensesOfTransmissionLine" ns2:label="ferc_RentExpensesOfTransmissionLine" ns2:type="locator" />
      <ns0:definitionArc order="149.0" ns2:arcrole="http://xbrl.org/int/dim/arcrole/domain-member" ns2:from="ferc_DefaultLineItems" ns2:to="ferc_RentExpensesOfTransmissionLine" ns2:type="arc" />
      <ns0:loc ns2:href="../ferc-core_2021-01-01.xsd#ferc_OverallExpensesOfTransmissionLine" ns2:label="ferc_OverallExpensesOfTransmissionLine" ns2:type="locator" />
      <ns0:definitionArc order="150.0" ns2:arcrole="http://xbrl.org/int/dim/arcrole/domain-member" ns2:from="ferc_DefaultLineItems" ns2:to="ferc_OverallExpensesOfTransmissionLine" ns2:type="arc" />
      <ns0:loc ns2:href="../ferc-core_2021-01-01.xsd#ferc_LengthOfTransmissionLineAdded" ns2:label="ferc_LengthOfTransmissionLineAdded" ns2:type="locator" />
      <ns0:definitionArc order="151.0" ns2:arcrole="http://xbrl.org/int/dim/arcrole/domain-member" ns2:from="ferc_DefaultLineItems" ns2:to="ferc_LengthOfTransmissionLineAdded" ns2:type="arc" />
      <ns0:loc ns2:href="../ferc-core_2021-01-01.xsd#ferc_AverageNumberOfSupportingStructuresOfTransmissionLinePerMiles" ns2:label="ferc_AverageNumberOfSupportingStructuresOfTransmissionLinePerMiles" ns2:type="locator" />
      <ns0:definitionArc order="152.0" ns2:arcrole="http://xbrl.org/int/dim/arcrole/domain-member" ns2:from="ferc_DefaultLineItems" ns2:to="ferc_AverageNumberOfSupportingStructuresOfTransmissionLinePerMiles" ns2:type="arc" />
      <ns0:loc ns2:href="../ferc-core_2021-01-01.xsd#ferc_NumberOfTransmissionCircuitsPerStructurePresent" ns2:label="ferc_NumberOfTransmissionCircuitsPerStructurePresent" ns2:type="locator" />
      <ns0:definitionArc order="153.0" ns2:arcrole="http://xbrl.org/int/dim/arcrole/domain-member" ns2:from="ferc_DefaultLineItems" ns2:to="ferc_NumberOfTransmissionCircuitsPerStructurePresent" ns2:type="arc" />
      <ns0:loc ns2:href="../ferc-core_2021-01-01.xsd#ferc_NumberOfTransmissionCircuitsPerStructureUltimate" ns2:label="ferc_NumberOfTransmissionCircuitsPerStructureUltimate" ns2:type="locator" />
      <ns0:definitionArc order="154.0" ns2:arcrole="http://xbrl.org/int/dim/arcrole/domain-member" ns2:from="ferc_DefaultLineItems" ns2:to="ferc_NumberOfTransmissionCircuitsPerStructureUltimate" ns2:type="arc" />
      <ns0:loc ns2:href="../ferc-core_2021-01-01.xsd#ferc_CostOfLandAndLandRightsTransmissionLines" ns2:label="ferc_CostOfLandAndLandRightsTransmissionLines_1" ns2:type="locator" />
      <ns0:definitionArc order="155.0" ns2:arcrole="http://xbrl.org/int/dim/arcrole/domain-member" ns2:from="ferc_DefaultLineItems" ns2:to="ferc_CostOfLandAndLandRightsTransmissionLines_1" ns2:type="arc" />
      <ns0:loc ns2:href="../ferc-core_2021-01-01.xsd#ferc_CostOfPolesTowersAndFixturesTransmissionLines" ns2:label="ferc_CostOfPolesTowersAndFixturesTransmissionLines" ns2:type="locator" />
      <ns0:definitionArc order="156.0" ns2:arcrole="http://xbrl.org/int/dim/arcrole/domain-member" ns2:from="ferc_DefaultLineItems" ns2:to="ferc_CostOfPolesTowersAndFixturesTransmissionLines" ns2:type="arc" />
      <ns0:loc ns2:href="../ferc-core_2021-01-01.xsd#ferc_CostOfConductorsAndDevicesTransmissionLines" ns2:label="ferc_CostOfConductorsAndDevicesTransmissionLines" ns2:type="locator" />
      <ns0:definitionArc order="157.0" ns2:arcrole="http://xbrl.org/int/dim/arcrole/domain-member" ns2:from="ferc_DefaultLineItems" ns2:to="ferc_CostOfConductorsAndDevicesTransmissionLines" ns2:type="arc" />
      <ns0:loc ns2:href="../ferc-core_2021-01-01.xsd#ferc_AssetRetirementCostsTransmissionLines" ns2:label="ferc_AssetRetirementCostsTransmissionLines" ns2:type="locator" />
      <ns0:definitionArc order="158.0" ns2:arcrole="http://xbrl.org/int/dim/arcrole/domain-member" ns2:from="ferc_DefaultLineItems" ns2:to="ferc_AssetRetirementCostsTransmissionLines" ns2:type="arc" />
      <ns0:loc ns2:href="../ferc-core_2021-01-01.xsd#ferc_CostOfTransmissionLinesAdded" ns2:label="ferc_CostOfTransmissionLinesAdded" ns2:type="locator" />
      <ns0:definitionArc order="159.0" ns2:arcrole="http://xbrl.org/int/dim/arcrole/domain-member" ns2:from="ferc_DefaultLineItems" ns2:to="ferc_CostOfTransmissionLinesAdded" ns2:type="arc" />
      <ns0:loc ns2:href="../ferc-core_2021-01-01.xsd#ferc_ResearchDevelopmentAndDemonstrationExpenditures" ns2:label="ferc_ResearchDevelopmentAndDemonstrationExpenditures" ns2:type="locator" />
      <ns0:definitionArc order="160.0" ns2:arcrole="http://xbrl.org/int/dim/arcrole/domain-member" ns2:from="ferc_DefaultLineItems" ns2:to="ferc_ResearchDevelopmentAndDemonstrationExpenditures" ns2:type="arc" />
      <ns0:loc ns2:href="../ferc-core_2021-01-01.xsd#ferc_RetainedEarnings" ns2:label="ferc_RetainedEarnings" ns2:type="locator" />
      <ns0:definitionArc order="161.0" ns2:arcrole="http://xbrl.org/int/dim/arcrole/domain-member" ns2:from="ferc_DefaultLineItems" ns2:to="ferc_RetainedEarnings" ns2:type="arc" />
      <ns0:loc ns2:href="../ferc-core_2021-01-01.xsd#ferc_UnappropriatedUndistributedSubsidiaryEarnings" ns2:label="ferc_UnappropriatedUndistributedSubsidiaryEarnings" ns2:type="locator" />
      <ns0:definitionArc order="162.0" ns2:arcrole="http://xbrl.org/int/dim/arcrole/domain-member" ns2:from="ferc_DefaultLineItems" ns2:to="ferc_UnappropriatedUndistributedSubsidiaryEarnings" ns2:type="arc" />
      <ns0:loc ns2:href="../ferc-core_2021-01-01.xsd#ferc_TaxesAccrued" ns2:label="ferc_TaxesAccrued_2" ns2:type="locator" />
      <ns0:definitionArc order="163.0" ns2:arcrole="http://xbrl.org/int/dim/arcrole/domain-member" ns2:from="ferc_DefaultLineItems" ns2:to="ferc_TaxesAccrued_2" ns2:type="arc" />
      <ns0:loc ns2:href="../ferc-core_2021-01-01.xsd#ferc_AccumulatedDeferredInvestmentTaxCredits" ns2:label="ferc_AccumulatedDeferredInvestmentTaxCredits_4" ns2:type="locator" />
      <ns0:definitionArc order="164.0" ns2:arcrole="http://xbrl.org/int/dim/arcrole/domain-member" ns2:from="ferc_DefaultLineItems" ns2:to="ferc_AccumulatedDeferredInvestmentTaxCredits_4" ns2:type="arc" />
      <ns0:loc ns2:href="../ferc-core_2021-01-01.xsd#ferc_OperatingRevenues" ns2:label="ferc_OperatingRevenues" ns2:type="locator" />
      <ns0:definitionArc order="165.0" ns2:arcrole="http://xbrl.org/int/dim/arcrole/domain-member" ns2:from="ferc_DefaultLineItems" ns2:to="ferc_OperatingRevenues" ns2:type="arc" />
      <ns0:loc ns2:href="../ferc-core_2021-01-01.xsd#ferc_OperationExpense" ns2:label="ferc_OperationExpense" ns2:type="locator" />
      <ns0:definitionArc order="166.0" ns2:arcrole="http://xbrl.org/int/dim/arcrole/domain-member" ns2:from="ferc_DefaultLineItems" ns2:to="ferc_OperationExpense" ns2:type="arc" />
      <ns0:loc ns2:href="../ferc-core_2021-01-01.xsd#ferc_OtherMiscellaneousGeneralExpenses" ns2:label="ferc_OtherMiscellaneousGeneralExpenses" ns2:type="locator" />
      <ns0:definitionArc order="167.0" ns2:arcrole="http://xbrl.org/int/dim/arcrole/domain-member" ns2:from="ferc_DefaultLineItems" ns2:to="ferc_OtherMiscellaneousGeneralExpenses" ns2:type="arc" />
      <ns0:loc ns2:href="../ferc-core_2021-01-01.xsd#ferc_IncreaseDecreaseInOtherRegulatoryAssets" ns2:label="ferc_IncreaseDecreaseInOtherRegulatoryAssets_1" ns2:type="locator" />
      <ns0:definitionArc order="168.0" ns2:arcrole="http://xbrl.org/int/dim/arcrole/domain-member" ns2:from="ferc_DefaultLineItems" ns2:to="ferc_IncreaseDecreaseInOtherRegulatoryAssets_1" ns2:type="arc" />
      <ns0:loc ns2:href="../ferc-core_2021-01-01.xsd#ferc_OtherRegulatoryAssetsWrittenOffRecovered" ns2:label="ferc_OtherRegulatoryAssetsWrittenOffRecovered_1" ns2:type="locator" />
      <ns0:definitionArc order="169.0" ns2:arcrole="http://xbrl.org/int/dim/arcrole/domain-member" ns2:from="ferc_DefaultLineItems" ns2:to="ferc_OtherRegulatoryAssetsWrittenOffRecovered_1" ns2:type="arc" />
      <ns0:loc ns2:href="../ferc-core_2021-01-01.xsd#ferc_OtherRegulatoryAssets" ns2:label="ferc_OtherRegulatoryAssets_1" ns2:type="locator" />
      <ns0:definitionArc order="170.0" ns2:arcrole="http://xbrl.org/int/dim/arcrole/domain-member" ns2:from="ferc_DefaultLineItems" ns2:to="ferc_OtherRegulatoryAssets_1" ns2:type="arc" />
      <ns0:loc ns2:href="../ferc-core_2021-01-01.xsd#ferc_Bonds" ns2:label="ferc_Bonds_1" ns2:type="locator" />
      <ns0:definitionArc order="171.0" ns2:arcrole="http://xbrl.org/int/dim/arcrole/domain-member" ns2:from="ferc_DefaultLineItems" ns2:to="ferc_Bonds_1" ns2:type="arc" />
      <ns0:loc ns2:href="../ferc-core_2021-01-01.xsd#ferc_InterestExpenseBonds" ns2:label="ferc_InterestExpenseBonds_1" ns2:type="locator" />
      <ns0:definitionArc order="172.0" ns2:arcrole="http://xbrl.org/int/dim/arcrole/domain-member" ns2:from="ferc_DefaultLineItems" ns2:to="ferc_InterestExpenseBonds_1" ns2:type="arc" />
      <ns0:loc ns2:href="../ferc-core_2021-01-01.xsd#ferc_ReacquiredBonds" ns2:label="ferc_ReacquiredBonds_1" ns2:type="locator" />
      <ns0:definitionArc order="173.0" ns2:arcrole="http://xbrl.org/int/dim/arcrole/domain-member" ns2:from="ferc_DefaultLineItems" ns2:to="ferc_ReacquiredBonds_1" ns2:type="arc" />
      <ns0:loc ns2:href="../ferc-core_2021-01-01.xsd#ferc_InterestExpenseReacquiredBonds" ns2:label="ferc_InterestExpenseReacquiredBonds_1" ns2:type="locator" />
      <ns0:definitionArc order="174.0" ns2:arcrole="http://xbrl.org/int/dim/arcrole/domain-member" ns2:from="ferc_DefaultLineItems" ns2:to="ferc_InterestExpenseReacquiredBonds_1" ns2:type="arc" />
      <ns0:loc ns2:href="../ferc-core_2021-01-01.xsd#ferc_AdvancesFromAssociatedCompanies" ns2:label="ferc_AdvancesFromAssociatedCompanies_1" ns2:type="locator" />
      <ns0:definitionArc order="175.0" ns2:arcrole="http://xbrl.org/int/dim/arcrole/domain-member" ns2:from="ferc_DefaultLineItems" ns2:to="ferc_AdvancesFromAssociatedCompanies_1" ns2:type="arc" />
      <ns0:loc ns2:href="../ferc-core_2021-01-01.xsd#ferc_InterestExpenseDebtAdvancesFromAssociatedCompanies" ns2:label="ferc_InterestExpenseDebtAdvancesFromAssociatedCompanies_1" ns2:type="locator" />
      <ns0:definitionArc order="176.0" ns2:arcrole="http://xbrl.org/int/dim/arcrole/domain-member" ns2:from="ferc_DefaultLineItems" ns2:to="ferc_InterestExpenseDebtAdvancesFromAssociatedCompanies_1" ns2:type="arc" />
      <ns0:loc ns2:href="../ferc-core_2021-01-01.xsd#ferc_OtherLongTermDebt" ns2:label="ferc_OtherLongTermDebt_1" ns2:type="locator" />
      <ns0:definitionArc order="177.0" ns2:arcrole="http://xbrl.org/int/dim/arcrole/domain-member" ns2:from="ferc_DefaultLineItems" ns2:to="ferc_OtherLongTermDebt_1" ns2:type="arc" />
      <ns0:loc ns2:href="../ferc-core_2021-01-01.xsd#ferc_InterestExpenseOtherLongTermDebt" ns2:label="ferc_InterestExpenseOtherLongTermDebt_1" ns2:type="locator" />
      <ns0:definitionArc order="178.0" ns2:arcrole="http://xbrl.org/int/dim/arcrole/domain-member" ns2:from="ferc_DefaultLineItems" ns2:to="ferc_InterestExpenseOtherLongTermDebt_1" ns2:type="arc" />
      <ns0:loc ns2:href="../ferc-core_2021-01-01.xsd#ferc_OtherUtilityPlantAdditions" ns2:label="ferc_OtherUtilityPlantAdditions" ns2:type="locator" />
      <ns0:definitionArc order="179.0" ns2:arcrole="http://xbrl.org/int/dim/arcrole/domain-member" ns2:from="ferc_DefaultLineItems" ns2:to="ferc_OtherUtilityPlantAdditions" ns2:type="arc" />
      <ns0:loc ns2:href="../ferc-core_2021-01-01.xsd#ferc_OtherUtilityPlantRetirements" ns2:label="ferc_OtherUtilityPlantRetirements" ns2:type="locator" />
      <ns0:definitionArc order="180.0" ns2:arcrole="http://xbrl.org/int/dim/arcrole/domain-member" ns2:from="ferc_DefaultLineItems" ns2:to="ferc_OtherUtilityPlantRetirements" ns2:type="arc" />
      <ns0:loc ns2:href="../ferc-core_2021-01-01.xsd#ferc_OtherUtilityPlantTransfersAndAdjustments" ns2:label="ferc_OtherUtilityPlantTransfersAndAdjustments" ns2:type="locator" />
      <ns0:definitionArc order="181.0" ns2:arcrole="http://xbrl.org/int/dim/arcrole/domain-member" ns2:from="ferc_DefaultLineItems" ns2:to="ferc_OtherUtilityPlantTransfersAndAdjustments" ns2:type="arc" />
      <ns0:loc ns2:href="../ferc-core_2021-01-01.xsd#ferc_OtherUtilityPlant" ns2:label="ferc_OtherUtilityPlant" ns2:type="locator" />
      <ns0:definitionArc order="182.0" ns2:arcrole="http://xbrl.org/int/dim/arcrole/domain-member" ns2:from="ferc_DefaultLineItems" ns2:to="ferc_OtherUtilityPlant" ns2:type="arc" />
   </ns0:definitionLink>
   <ns0:definitionLink ns2:role="http://ferc.gov/form/2020-01-01/roles/Default" ns2:type="extended" />
   <ns0:definitionLink ns2:role="http://ferc.gov/form/2020-01-01/roles/Schedule/F1/ScheduleSubstationsTotal" ns2:type="extended">
      <ns0:loc ns2:href="../ferc-core_2021-01-01.xsd#ferc_SubstationsTable" ns2:label="lbl_SubstationsTable" ns2:type="locator" />
      <ns0:loc ns2:href="../ferc-core_2021-01-01.xsd#ferc_SubstationByFunctionalCharacterDomain" ns2:label="lbl_SubstationByFunctionalCharacterDomain" ns2:type="locator" />
      <ns0:loc ns2:href="../ferc-core_2021-01-01.xsd#ferc_TransmissionSubstationMember" ns2:label="lbl_TransmissionSubstationMember" ns2:type="locator" />
      <ns0:definitionArc order="1.0" ns2:arcrole="http://xbrl.org/int/dim/arcrole/domain-member" ns2:from="lbl_SubstationByFunctionalCharacterDomain" ns2:to="lbl_TransmissionSubstationMember" ns2:type="arc" />
      <ns0:loc ns2:href="../ferc-core_2021-01-01.xsd#ferc_DistributionSubstationMember" ns2:label="lbl_DistributionSubstationMember" ns2:type="locator" />
      <ns0:definitionArc order="2.0" ns2:arcrole="http://xbrl.org/int/dim/arcrole/domain-member" ns2:from="lbl_SubstationByFunctionalCharacterDomain" ns2:to="lbl_DistributionSubstationMember" ns2:type="arc" />
      <ns0:loc ns2:href="../ferc-core_2021-01-01.xsd#ferc_GenerationSubstationMember" ns2:label="lbl_GenerationSubstationMember" ns2:type="locator" />
      <ns0:definitionArc order="3.0" ns2:arcrole="http://xbrl.org/int/dim/arcrole/domain-member" ns2:from="lbl_SubstationByFunctionalCharacterDomain" ns2:to="lbl_GenerationSubstationMember" ns2:type="arc" />
      <ns0:loc ns2:href="../ferc-core_2021-01-01.xsd#ferc_SubstationsLineItems" ns2:label="lbl_SubstationsLineItems" ns2:type="locator" />
      <ns0:definitionArc order="1.0" ns2:arcrole="http://xbrl.org/int/dim/arcrole/all" ns2:from="lbl_SubstationsLineItems" ns2:to="lbl_SubstationsTable" ns2:type="arc" ns3:closed="true" ns3:contextElement="segment" />
      <ns0:loc ns2:href="../ferc-core_2021-01-01.xsd#ferc_PrimaryVoltageLevel" ns2:label="lbl_PrimaryVoltageLevel" ns2:type="locator" />
      <ns0:definitionArc order="1.0" ns2:arcrole="http://xbrl.org/int/dim/arcrole/domain-member" ns2:from="lbl_SubstationsLineItems" ns2:to="lbl_PrimaryVoltageLevel" ns2:type="arc" />
      <ns0:loc ns2:href="../ferc-core_2021-01-01.xsd#ferc_SecondaryVoltageLevel" ns2:label="lbl_SecondaryVoltageLevel" ns2:type="locator" />
      <ns0:definitionArc order="2.0" ns2:arcrole="http://xbrl.org/int/dim/arcrole/domain-member" ns2:from="lbl_SubstationsLineItems" ns2:to="lbl_SecondaryVoltageLevel" ns2:type="arc" />
      <ns0:loc ns2:href="../ferc-core_2021-01-01.xsd#ferc_TertiaryVoltageLevel" ns2:label="lbl_TertiaryVoltageLevel" ns2:type="locator" />
      <ns0:definitionArc order="3.0" ns2:arcrole="http://xbrl.org/int/dim/arcrole/domain-member" ns2:from="lbl_SubstationsLineItems" ns2:to="lbl_TertiaryVoltageLevel" ns2:type="arc" />
      <ns0:loc ns2:href="../ferc-core_2021-01-01.xsd#ferc_SubstationInServiceCapacity" ns2:label="lbl_SubstationInServiceCapacity" ns2:type="locator" />
      <ns0:definitionArc order="4.0" ns2:arcrole="http://xbrl.org/int/dim/arcrole/domain-member" ns2:from="lbl_SubstationsLineItems" ns2:to="lbl_SubstationInServiceCapacity" ns2:type="arc" />
      <ns0:loc ns2:href="../ferc-core_2021-01-01.xsd#ferc_NumberOfTransformersInService" ns2:label="lbl_NumberOfTransformersInService" ns2:type="locator" />
      <ns0:definitionArc order="5.0" ns2:arcrole="http://xbrl.org/int/dim/arcrole/domain-member" ns2:from="lbl_SubstationsLineItems" ns2:to="lbl_NumberOfTransformersInService" ns2:type="arc" />
      <ns0:loc ns2:href="../ferc-core_2021-01-01.xsd#ferc_NumberOfSpareTransformers" ns2:label="lbl_NumberOfSpareTransformers" ns2:type="locator" />
      <ns0:definitionArc order="6.0" ns2:arcrole="http://xbrl.org/int/dim/arcrole/domain-member" ns2:from="lbl_SubstationsLineItems" ns2:to="lbl_NumberOfSpareTransformers" ns2:type="arc" />
      <ns0:loc ns2:href="../ferc-core_2021-01-01.xsd#ferc_NumberOfConversionApparatusAndSpecialEquipmentUnits" ns2:label="lbl_NumberOfConversionApparatusAndSpecialEquipmentUnits" ns2:type="locator" />
      <ns0:definitionArc order="7.0" ns2:arcrole="http://xbrl.org/int/dim/arcrole/domain-member" ns2:from="lbl_SubstationsLineItems" ns2:to="lbl_NumberOfConversionApparatusAndSpecialEquipmentUnits" ns2:type="arc" />
      <ns0:loc ns2:href="../ferc-core_2021-01-01.xsd#ferc_CapacityOfConversionApparatusAndSpecialEquipment" ns2:label="lbl_CapacityOfConversionApparatusAndSpecialEquipment" ns2:type="locator" />
      <ns0:definitionArc order="8.0" ns2:arcrole="http://xbrl.org/int/dim/arcrole/domain-member" ns2:from="lbl_SubstationsLineItems" ns2:to="lbl_CapacityOfConversionApparatusAndSpecialEquipment" ns2:type="arc" />
      <ns0:loc ns2:href="../ferc-core_2021-01-01.xsd#ferc_SubstationByFunctionalCharacterAxis" ns2:label="lbl_SubstationByFunctionalCharacterAxis1" ns2:type="locator" />
      <ns0:definitionArc order="1.0" ns2:arcrole="http://xbrl.org/int/dim/arcrole/hypercube-dimension" ns2:from="lbl_SubstationsTable" ns2:to="lbl_SubstationByFunctionalCharacterAxis1" ns2:type="arc" />
      <ns0:definitionArc order="1.0" ns2:arcrole="http://xbrl.org/int/dim/arcrole/dimension-domain" ns2:from="lbl_SubstationByFunctionalCharacterAxis1" ns2:to="lbl_SubstationByFunctionalCharacterDomain" ns2:type="arc" />
      <ns0:loc ns2:href="../ferc-core_2021-01-01.xsd#ferc_SubstationNameAndLocation" ns2:label="lbl_SubstationNameAndLocation" ns2:type="locator" />
      <ns0:definitionArc order="0.0" ns2:arcrole="http://xbrl.org/int/dim/arcrole/domain-member" ns2:from="lbl_SubstationsLineItems" ns2:to="lbl_SubstationNameAndLocation" ns2:type="arc" />
   </ns0:definitionLink>
   <ns0:definitionLink ns2:role="http://www.xbrl.org/2003/role/link" ns2:type="extended">
      <ns0:loc ns2:href="../ferc-core_2021-01-01.xsd#ferc_SubstationByFunctionalCharacterDomain" ns2:label="lbl_SubstationByFunctionalCharacterDomain" ns2:type="locator" />
      <ns0:loc ns2:href="../ferc-core_2021-01-01.xsd#ferc_SubstationByFunctionalCharacterAxis" ns2:label="lbl_SubstationByFunctionalCharacterAxis1" ns2:type="locator" />
      <ns0:definitionArc order="1.0" ns2:arcrole="http://xbrl.org/int/dim/arcrole/dimension-default" ns2:from="lbl_SubstationByFunctionalCharacterAxis1" ns2:to="lbl_SubstationByFunctionalCharacterDomain" ns2:type="arc" />
   </ns0:definitionLink>
</ns0:linkbase>