<ns0:linkbase xmlns:ns0="http://www.xbrl.org/2003/linkbase" xmlns:ns2="http://www.w3.org/1999/xlink" xmlns:xsi="http://www.w3.org/2001/XMLSchema-instance" xsi:schemaLocation="http://www.xbrl.org/2003/linkbase http://www.xbrl.org/2003/xbrl-linkbase-2003-12-31.xsd">
    <ns0:roleRef roleURI="http://ferc.gov/form/2020-01-01/roles/label/F1Total2" ns2:href="../../ferc-core-lab-roles_2021-01-01.xsd#F1Total2" ns2:type="simple" />
    <ns0:roleRef roleURI="http://ferc.gov/form/2020-01-01/roles/Schedule/F1/ScheduleExtraordinaryPropertyLosses" ns2:href="form-1-sched-ExtraordinaryPropertyLosses_2021-01-01.xsd#roleType_ScheduleExtraordinaryPropertyLosses" ns2:type="simple" />
    <ns0:roleRef roleURI="http://ferc.gov/form/2020-01-01/roles/label/F1Total" ns2:href="../../ferc-core-lab-roles_2021-01-01.xsd#F1Total" ns2:type="simple" />
    <ns0:roleRef roleURI="http://ferc.gov/form/2020-01-01/roles/label/F1ExtraordinaryPropertyLosses" ns2:href="../../ferc-core-lab-roles_2021-01-01.xsd#F1ExtraordinaryPropertyLosses" ns2:type="simple" />
    <ns0:presentationLink ns2:role="http://ferc.gov/form/2020-01-01/roles/Schedule/F1/ScheduleExtraordinaryPropertyLosses" ns2:type="extended">
        <ns0:loc ns2:href="../../ferc-core_2021-01-01.xsd#ferc_ScheduleExtraordinaryPropertyLossesAbstract" ns2:label="ferc_ScheduleExtraordinaryPropertyLossesAbstract" ns2:type="locator" />
        <ns0:loc ns2:href="../../ferc-core_2021-01-01.xsd#ferc_ExtraordinaryPropertyLossesTable" ns2:label="ferc_ExtraordinaryPropertyLossesTable" ns2:type="locator" />
        <ns0:presentationArc order="1" ns2:arcrole="http://www.xbrl.org/2003/arcrole/parent-child" ns2:from="ferc_ScheduleExtraordinaryPropertyLossesAbstract" ns2:to="ferc_ExtraordinaryPropertyLossesTable" ns2:type="arc" />
        <ns0:loc ns2:href="../../ferc-core_2021-01-01.xsd#ferc_ExtraordinaryPropertyLossesAxis" ns2:label="ferc_ExtraordinaryPropertyLossesAxis" ns2:type="locator" />
        <ns0:presentationArc order="1" ns2:arcrole="http://www.xbrl.org/2003/arcrole/parent-child" ns2:from="ferc_ExtraordinaryPropertyLossesTable" ns2:to="ferc_ExtraordinaryPropertyLossesAxis" ns2:type="arc" />
        <ns0:loc ns2:href="../../ferc-core_2021-01-01.xsd#ferc_ExtraordinaryPropertyLossesLineItems" ns2:label="ferc_ExtraordinaryPropertyLossesLineItems" ns2:type="locator" />
        <ns0:presentationArc order="2" ns2:arcrole="http://www.xbrl.org/2003/arcrole/parent-child" ns2:from="ferc_ExtraordinaryPropertyLossesTable" ns2:to="ferc_ExtraordinaryPropertyLossesLineItems" ns2:type="arc" />
        <ns0:loc ns2:href="../../ferc-core_2021-01-01.xsd#ferc_OrderNumber" ns2:label="ferc_OrderNumber" ns2:type="locator" />
        <ns0:presentationArc order="1" ns2:arcrole="http://www.xbrl.org/2003/arcrole/parent-child" ns2:from="ferc_ExtraordinaryPropertyLossesLineItems" ns2:to="ferc_OrderNumber" ns2:type="arc" />
        <ns0:loc ns2:href="../../ferc-core_2021-01-01.xsd#ferc_DescriptionOfExtraordinaryPropertyLoss" ns2:label="ferc_DescriptionOfExtraordinaryPropertyLoss" ns2:type="locator" />
        <ns0:presentationArc order="2" preferredLabel="http://ferc.gov/form/2020-01-01/roles/label/F1ExtraordinaryPropertyLosses" ns2:arcrole="http://www.xbrl.org/2003/arcrole/parent-child" ns2:from="ferc_ExtraordinaryPropertyLossesLineItems" ns2:to="ferc_DescriptionOfExtraordinaryPropertyLoss" ns2:type="arc" />
        <ns0:loc ns2:href="../../ferc-core_2021-01-01.xsd#ferc_ExtraordinaryPropertyLossesNotYetRecognized" ns2:label="ferc_ExtraordinaryPropertyLossesNotYetRecognized" ns2:type="locator" />
        <ns0:presentationArc order="3" preferredLabel="http://ferc.gov/form/2020-01-01/roles/label/F1ExtraordinaryPropertyLosses" ns2:arcrole="http://www.xbrl.org/2003/arcrole/parent-child" ns2:from="ferc_ExtraordinaryPropertyLossesLineItems" ns2:to="ferc_ExtraordinaryPropertyLossesNotYetRecognized" ns2:type="arc" />
        <ns0:loc ns2:href="../../ferc-core_2021-01-01.xsd#ferc_ExtraordinaryPropertyLossesRecognized" ns2:label="ferc_ExtraordinaryPropertyLossesRecognized" ns2:type="locator" />
        <ns0:presentationArc order="4" preferredLabel="http://ferc.gov/form/2020-01-01/roles/label/F1ExtraordinaryPropertyLosses" ns2:arcrole="http://www.xbrl.org/2003/arcrole/parent-child" ns2:from="ferc_ExtraordinaryPropertyLossesLineItems" ns2:to="ferc_ExtraordinaryPropertyLossesRecognized" ns2:type="arc" />
        <ns0:loc ns2:href="../../ferc-core_2021-01-01.xsd#ferc_ExtraordinaryPropertyLossesWrittenOffAccountCharged" ns2:label="ferc_ExtraordinaryPropertyLossesWrittenOffAccountCharged" ns2:type="locator" />
        <ns0:presentationArc order="5" preferredLabel="http://ferc.gov/form/2020-01-01/roles/label/F1ExtraordinaryPropertyLosses" ns2:arcrole="http://www.xbrl.org/2003/arcrole/parent-child" ns2:from="ferc_ExtraordinaryPropertyLossesLineItems" ns2:to="ferc_ExtraordinaryPropertyLossesWrittenOffAccountCharged" ns2:type="arc" />
        <ns0:loc ns2:href="../../ferc-core_2021-01-01.xsd#ferc_ExtraordinaryPropertyLossesWrittenOff" ns2:label="ferc_ExtraordinaryPropertyLossesWrittenOff" ns2:type="locator" />
        <ns0:presentationArc order="6" preferredLabel="http://ferc.gov/form/2020-01-01/roles/label/F1ExtraordinaryPropertyLosses" ns2:arcrole="http://www.xbrl.org/2003/arcrole/parent-child" ns2:from="ferc_ExtraordinaryPropertyLossesLineItems" ns2:to="ferc_ExtraordinaryPropertyLossesWrittenOff" ns2:type="arc" />
        <ns0:loc ns2:href="../../ferc-core_2021-01-01.xsd#ferc_ExtraordinaryPropertyLosses" ns2:label="ferc_ExtraordinaryPropertyLosses" ns2:type="locator" />
        <ns0:presentationArc order="7" preferredLabel="http://ferc.gov/form/2020-01-01/roles/label/F1Total" ns2:arcrole="http://www.xbrl.org/2003/arcrole/parent-child" ns2:from="ferc_ExtraordinaryPropertyLossesLineItems" ns2:to="ferc_ExtraordinaryPropertyLosses" ns2:type="arc" />
        <ns0:presentationArc order="2" preferredLabel="http://ferc.gov/form/2020-01-01/roles/label/F1Total2" ns2:arcrole="http://www.xbrl.org/2003/arcrole/parent-child" ns2:from="ferc_ScheduleExtraordinaryPropertyLossesAbstract" ns2:to="ferc_ExtraordinaryPropertyLossesNotYetRecognized" ns2:type="arc" />
        <ns0:presentationArc order="3" preferredLabel="http://ferc.gov/form/2020-01-01/roles/label/F1Total2" ns2:arcrole="http://www.xbrl.org/2003/arcrole/parent-child" ns2:from="ferc_ScheduleExtraordinaryPropertyLossesAbstract" ns2:to="ferc_ExtraordinaryPropertyLossesRecognized" ns2:type="arc" />
        <ns0:presentationArc order="4" preferredLabel="http://ferc.gov/form/2020-01-01/roles/label/F1Total2" ns2:arcrole="http://www.xbrl.org/2003/arcrole/parent-child" ns2:from="ferc_ScheduleExtraordinaryPropertyLossesAbstract" ns2:to="ferc_ExtraordinaryPropertyLossesWrittenOff" ns2:type="arc" />
        <ns0:presentationArc order="5" preferredLabel="http://ferc.gov/form/2020-01-01/roles/label/F1Total2" ns2:arcrole="http://www.xbrl.org/2003/arcrole/parent-child" ns2:from="ferc_ScheduleExtraordinaryPropertyLossesAbstract" ns2:to="ferc_ExtraordinaryPropertyLosses" ns2:type="arc" />
    </ns0:presentationLink>
</ns0:linkbase>