<ns0:linkbase xmlns:ns0="http://www.xbrl.org/2003/linkbase" xmlns:ns2="http://www.w3.org/1999/xlink" xmlns:xsi="http://www.w3.org/2001/XMLSchema-instance" xsi:schemaLocation="http://www.xbrl.org/2003/linkbase http://www.xbrl.org/2003/xbrl-linkbase-2003-12-31.xsd">
   <ns0:roleRef roleURI="http://ferc.gov/form/2020-01-01/roles/label/F1Substations" ns2:href="../../ferc-core-lab-roles_2021-01-01.xsd#F1Substations" ns2:type="simple" />
   <ns0:roleRef roleURI="http://ferc.gov/form/2020-01-01/roles/Schedule/F1/ScheduleSubstations" ns2:href="form-1-sched-ScheduleSubstations_2021-01-01.xsd#roleType_ScheduleSubstations" ns2:type="simple" />
   <ns0:presentationLink ns2:role="http://ferc.gov/form/2020-01-01/roles/Schedule/F1/ScheduleSubstations" ns2:type="extended">
      <ns0:loc ns2:href="../../ferc-core_2021-01-01.xsd#ferc_ScheduleSubstationsAbstract" ns2:label="ferc_ScheduleSubstationsAbstract" ns2:type="locator" />
      <ns0:loc ns2:href="../../ferc-core_2021-01-01.xsd#ferc_SubstationsTable" ns2:label="ferc_SubstationsTable" ns2:type="locator" />
      <ns0:presentationArc order="1.0" ns2:arcrole="http://www.xbrl.org/2003/arcrole/parent-child" ns2:from="ferc_ScheduleSubstationsAbstract" ns2:to="ferc_SubstationsTable" ns2:type="arc" />
      <ns0:loc ns2:href="../../ferc-core_2021-01-01.xsd#ferc_SubstationsAxis" ns2:label="ferc_SubstationsAxis" ns2:type="locator" />
      <ns0:presentationArc order="1.0" ns2:arcrole="http://www.xbrl.org/2003/arcrole/parent-child" ns2:from="ferc_SubstationsTable" ns2:to="ferc_SubstationsAxis" ns2:type="arc" />
      <ns0:loc ns2:href="../../ferc-core_2021-01-01.xsd#ferc_SubstationsLineItems" ns2:label="ferc_SubstationsLineItems" ns2:type="locator" />
      <ns0:presentationArc order="2.0" ns2:arcrole="http://www.xbrl.org/2003/arcrole/parent-child" ns2:from="ferc_SubstationsTable" ns2:to="ferc_SubstationsLineItems" ns2:type="arc" />
      <ns0:loc ns2:href="../../ferc-core_2021-01-01.xsd#ferc_OrderNumber" ns2:label="ferc_OrderNumber" ns2:type="locator" />
      <ns0:presentationArc order="1.0" ns2:arcrole="http://www.xbrl.org/2003/arcrole/parent-child" ns2:from="ferc_SubstationsLineItems" ns2:to="ferc_OrderNumber" ns2:type="arc" />
      <ns0:loc ns2:href="../../ferc-core_2021-01-01.xsd#ferc_SubstationNameAndLocation" ns2:label="ferc_SubstationNameAndLocation" ns2:type="locator" />
      <ns0:presentationArc order="2.0" preferredLabel="http://ferc.gov/form/2020-01-01/roles/label/F1Substations" ns2:arcrole="http://www.xbrl.org/2003/arcrole/parent-child" ns2:from="ferc_SubstationsLineItems" ns2:to="ferc_SubstationNameAndLocation" ns2:type="arc" />
      <ns0:loc ns2:href="../../ferc-core_2021-01-01.xsd#ferc_SubstationCharacterDescription" ns2:label="ferc_SubstationCharacterDescription" ns2:type="locator" />
      <ns0:presentationArc order="3.0" preferredLabel="http://ferc.gov/form/2020-01-01/roles/label/F1Substations" ns2:arcrole="http://www.xbrl.org/2003/arcrole/parent-child" ns2:from="ferc_SubstationsLineItems" ns2:to="ferc_SubstationCharacterDescription" ns2:type="arc" />
      <ns0:loc ns2:href="../../ferc-core_2021-01-01.xsd#ferc_PrimaryVoltageLevel" ns2:label="ferc_PrimaryVoltageLevel" ns2:type="locator" />
      <ns0:presentationArc order="4.0" preferredLabel="http://ferc.gov/form/2020-01-01/roles/label/F1Substations" ns2:arcrole="http://www.xbrl.org/2003/arcrole/parent-child" ns2:from="ferc_SubstationsLineItems" ns2:to="ferc_PrimaryVoltageLevel" ns2:type="arc" />
      <ns0:loc ns2:href="../../ferc-core_2021-01-01.xsd#ferc_SecondaryVoltageLevel" ns2:label="ferc_SecondaryVoltageLevel" ns2:type="locator" />
      <ns0:presentationArc order="5.0" preferredLabel="http://ferc.gov/form/2020-01-01/roles/label/F1Substations" ns2:arcrole="http://www.xbrl.org/2003/arcrole/parent-child" ns2:from="ferc_SubstationsLineItems" ns2:to="ferc_SecondaryVoltageLevel" ns2:type="arc" />
      <ns0:loc ns2:href="../../ferc-core_2021-01-01.xsd#ferc_TertiaryVoltageLevel" ns2:label="ferc_TertiaryVoltageLevel" ns2:type="locator" />
      <ns0:presentationArc order="6.0" preferredLabel="http://ferc.gov/form/2020-01-01/roles/label/F1Substations" ns2:arcrole="http://www.xbrl.org/2003/arcrole/parent-child" ns2:from="ferc_SubstationsLineItems" ns2:to="ferc_TertiaryVoltageLevel" ns2:type="arc" />
      <ns0:loc ns2:href="../../ferc-core_2021-01-01.xsd#ferc_SubstationInServiceCapacity" ns2:label="ferc_SubstationInServiceCapacity" ns2:type="locator" />
      <ns0:presentationArc order="7.0" preferredLabel="http://ferc.gov/form/2020-01-01/roles/label/F1Substations" ns2:arcrole="http://www.xbrl.org/2003/arcrole/parent-child" ns2:from="ferc_SubstationsLineItems" ns2:to="ferc_SubstationInServiceCapacity" ns2:type="arc" />
      <ns0:loc ns2:href="../../ferc-core_2021-01-01.xsd#ferc_NumberOfTransformersInService" ns2:label="ferc_NumberOfTransformersInService" ns2:type="locator" />
      <ns0:presentationArc order="8.0" preferredLabel="http://ferc.gov/form/2020-01-01/roles/label/F1Substations" ns2:arcrole="http://www.xbrl.org/2003/arcrole/parent-child" ns2:from="ferc_SubstationsLineItems" ns2:to="ferc_NumberOfTransformersInService" ns2:type="arc" />
      <ns0:loc ns2:href="../../ferc-core_2021-01-01.xsd#ferc_NumberOfSpareTransformers" ns2:label="ferc_NumberOfSpareTransformers" ns2:type="locator" />
      <ns0:presentationArc order="9.0" preferredLabel="http://ferc.gov/form/2020-01-01/roles/label/F1Substations" ns2:arcrole="http://www.xbrl.org/2003/arcrole/parent-child" ns2:from="ferc_SubstationsLineItems" ns2:to="ferc_NumberOfSpareTransformers" ns2:type="arc" />
      <ns0:loc ns2:href="../../ferc-core_2021-01-01.xsd#ferc_ConversionApparatusAndSpecialEquipmentType" ns2:label="ferc_ConversionApparatusAndSpecialEquipmentType" ns2:type="locator" />
      <ns0:presentationArc order="10.0" preferredLabel="http://ferc.gov/form/2020-01-01/roles/label/F1Substations" ns2:arcrole="http://www.xbrl.org/2003/arcrole/parent-child" ns2:from="ferc_SubstationsLineItems" ns2:to="ferc_ConversionApparatusAndSpecialEquipmentType" ns2:type="arc" />
      <ns0:loc ns2:href="../../ferc-core_2021-01-01.xsd#ferc_NumberOfConversionApparatusAndSpecialEquipmentUnits" ns2:label="ferc_NumberOfConversionApparatusAndSpecialEquipmentUnits" ns2:type="locator" />
      <ns0:presentationArc order="11.0" preferredLabel="http://ferc.gov/form/2020-01-01/roles/label/F1Substations" ns2:arcrole="http://www.xbrl.org/2003/arcrole/parent-child" ns2:from="ferc_SubstationsLineItems" ns2:to="ferc_NumberOfConversionApparatusAndSpecialEquipmentUnits" ns2:type="arc" />
      <ns0:loc ns2:href="../../ferc-core_2021-01-01.xsd#ferc_CapacityOfConversionApparatusAndSpecialEquipment" ns2:label="ferc_CapacityOfConversionApparatusAndSpecialEquipment" ns2:type="locator" />
      <ns0:presentationArc order="12.0" preferredLabel="http://ferc.gov/form/2020-01-01/roles/label/F1Substations" ns2:arcrole="http://www.xbrl.org/2003/arcrole/parent-child" ns2:from="ferc_SubstationsLineItems" ns2:to="ferc_CapacityOfConversionApparatusAndSpecialEquipment" ns2:type="arc" />
      <ns0:loc ns2:href="../../ferc-core_2021-01-01.xsd#ferc_SubstationCharacterAttendedOrUnattended" ns2:label="lbl_SubstationCharacterAttendedOrUnattended" ns2:type="locator" />
      <ns0:presentationArc order="3.5" preferredLabel="http://ferc.gov/form/2020-01-01/roles/label/F1Substations" ns2:arcrole="http://www.xbrl.org/2003/arcrole/parent-child" ns2:from="ferc_SubstationsLineItems" ns2:to="lbl_SubstationCharacterAttendedOrUnattended" ns2:type="arc" />
   </ns0:presentationLink>
</ns0:linkbase>