<ns0:linkbase xmlns:ns0="http://www.xbrl.org/2003/linkbase" xmlns:ns2="http://www.w3.org/1999/xlink" xmlns:xsi="http://www.w3.org/2001/XMLSchema-instance" xsi:schemaLocation="http://www.xbrl.org/2003/linkbase http://www.xbrl.org/2003/xbrl-linkbase-2003-12-31.xsd">
    <ns0:roleRef roleURI="http://ferc.gov/form/2020-01-01/roles/Schedule/F1/ScheduleTransmissionLineStatistics" ns2:href="form-1-sched-ScheduleTransmissionLineStatistics_2021-01-01.xsd#roleType_ScheduleTransmissionLineStatistics" ns2:type="simple" />
    <ns0:calculationLink ns2:role="http://ferc.gov/form/2020-01-01/roles/Schedule/F1/ScheduleTransmissionLineStatistics" ns2:type="extended">
        <ns0:loc ns2:href="../../ferc-core_2021-01-01.xsd#ferc_OverallCostOfTransmissionLine" ns2:label="ferc_OverallCostOfTransmissionLine" ns2:type="locator" />
        <ns0:loc ns2:href="../../ferc-core_2021-01-01.xsd#ferc_CostOfLandAndLandRightsTransmissionLines" ns2:label="ferc_CostOfLandAndLandRightsTransmissionLines" ns2:type="locator" />
        <ns0:calculationArc order="1" weight="1" ns2:arcrole="http://www.xbrl.org/2003/arcrole/summation-item" ns2:from="ferc_OverallCostOfTransmissionLine" ns2:to="ferc_CostOfLandAndLandRightsTransmissionLines" ns2:type="arc" />
        <ns0:loc ns2:href="../../ferc-core_2021-01-01.xsd#ferc_ConstructionAndOtherCostsTransmissionLines" ns2:label="ferc_ConstructionAndOtherCostsTransmissionLines" ns2:type="locator" />
        <ns0:calculationArc order="1" weight="1" ns2:arcrole="http://www.xbrl.org/2003/arcrole/summation-item" ns2:from="ferc_OverallCostOfTransmissionLine" ns2:to="ferc_ConstructionAndOtherCostsTransmissionLines" ns2:type="arc" />
        <ns0:loc ns2:href="../../ferc-core_2021-01-01.xsd#ferc_OverallExpensesOfTransmissionLine" ns2:label="ferc_OverallExpensesOfTransmissionLine" ns2:type="locator" />
        <ns0:loc ns2:href="../../ferc-core_2021-01-01.xsd#ferc_OperatingExpensesOfTransmissionLine" ns2:label="ferc_OperatingExpensesOfTransmissionLine" ns2:type="locator" />
        <ns0:calculationArc order="1" weight="1" ns2:arcrole="http://www.xbrl.org/2003/arcrole/summation-item" ns2:from="ferc_OverallExpensesOfTransmissionLine" ns2:to="ferc_OperatingExpensesOfTransmissionLine" ns2:type="arc" />
        <ns0:loc ns2:href="../../ferc-core_2021-01-01.xsd#ferc_MaintenanceExpensesOfTransmissionLine" ns2:label="ferc_MaintenanceExpensesOfTransmissionLine" ns2:type="locator" />
        <ns0:calculationArc order="1" weight="1" ns2:arcrole="http://www.xbrl.org/2003/arcrole/summation-item" ns2:from="ferc_OverallExpensesOfTransmissionLine" ns2:to="ferc_MaintenanceExpensesOfTransmissionLine" ns2:type="arc" />
        <ns0:loc ns2:href="../../ferc-core_2021-01-01.xsd#ferc_RentExpensesOfTransmissionLine" ns2:label="ferc_RentExpensesOfTransmissionLine" ns2:type="locator" />
        <ns0:calculationArc order="1" weight="1" ns2:arcrole="http://www.xbrl.org/2003/arcrole/summation-item" ns2:from="ferc_OverallExpensesOfTransmissionLine" ns2:to="ferc_RentExpensesOfTransmissionLine" ns2:type="arc" />
    </ns0:calculationLink>
</ns0:linkbase>