<ns0:linkbase xmlns:ns0="http://www.xbrl.org/2003/linkbase" xmlns:ns2="http://www.w3.org/1999/xlink" xmlns:ns3="http://xbrl.org/2005/xbrldt" xmlns:xsi="http://www.w3.org/2001/XMLSchema-instance" xsi:schemaLocation="http://www.xbrl.org/2003/linkbase http://www.xbrl.org/2003/xbrl-linkbase-2003-12-31.xsd">
    <ns0:arcroleRef arcroleURI="http://xbrl.org/int/dim/arcrole/dimension-domain" ns2:href="http://www.xbrl.org/2005/xbrldt-2005.xsd#dimension-domain" ns2:type="simple" />
    <ns0:roleRef roleURI="http://ferc.gov/form/2020-01-01/roles/Schedule/F1/AccumulatedDeferredIncomeTaxesOtherPropertyByTaxTypes" ns2:href="form-1-sched-AccumulatedDeferredIncomeTaxesOtherProperty_2021-01-01.xsd#roleType_AccumulatedDeferredIncomeTaxesOtherPropertyByTaxTypes" ns2:type="simple" />
    <ns0:roleRef roleURI="http://ferc.gov/form/2020-01-01/roles/Schedule/F1/AccumulatedDeferredIncomeTaxesOtherPropertyByBusinessActivities" ns2:href="form-1-sched-AccumulatedDeferredIncomeTaxesOtherProperty_2021-01-01.xsd#roleType_AccumulatedDeferredIncomeTaxesOtherPropertyByBusinessActivities" ns2:type="simple" />
    <ns0:arcroleRef arcroleURI="http://xbrl.org/int/dim/arcrole/dimension-default" ns2:href="http://www.xbrl.org/2005/xbrldt-2005.xsd#dimension-default" ns2:type="simple" />
    <ns0:arcroleRef arcroleURI="http://xbrl.org/int/dim/arcrole/hypercube-dimension" ns2:href="http://www.xbrl.org/2005/xbrldt-2005.xsd#hypercube-dimension" ns2:type="simple" />
    <ns0:roleRef roleURI="http://ferc.gov/form/2020-01-01/roles/Schedule/F1/AccumulatedDeferredIncomeTaxesOtherPropertyNonUtilityDetails" ns2:href="form-1-sched-AccumulatedDeferredIncomeTaxesOtherProperty_2021-01-01.xsd#roleType_AccumulatedDeferredIncomeTaxesOtherPropertyNonUtilityDetails" ns2:type="simple" />
    <ns0:arcroleRef arcroleURI="http://xbrl.org/int/dim/arcrole/all" ns2:href="http://www.xbrl.org/2005/xbrldt-2005.xsd#all" ns2:type="simple" />
    <ns0:arcroleRef arcroleURI="http://xbrl.org/int/dim/arcrole/domain-member" ns2:href="http://www.xbrl.org/2005/xbrldt-2005.xsd#domain-member" ns2:type="simple" />
    <ns0:definitionLink ns2:role="http://ferc.gov/form/2020-01-01/roles/Schedule/F1/AccumulatedDeferredIncomeTaxesOtherPropertyByBusinessActivities" ns2:type="extended">
        <ns0:loc ns2:href="../../ferc-core_2021-01-01.xsd#ferc_ScheduleAccumulatedDeferredIncomeTaxesOtherPropertyAbstract" ns2:label="ferc_ScheduleAccumulatedDeferredIncomeTaxesOtherPropertyAbstract" ns2:type="locator" />
        <ns0:loc ns2:href="../../ferc-core_2021-01-01.xsd#ferc_AccumulatedDeferredIncomeTaxLiabilitiesOtherPropertyByTypeLineItems" ns2:label="ferc_AccumulatedDeferredIncomeTaxLiabilitiesOtherPropertyByTypeLineItems" ns2:type="locator" />
        <ns0:definitionArc order="1" ns2:arcrole="http://xbrl.org/int/dim/arcrole/domain-member" ns2:from="ferc_ScheduleAccumulatedDeferredIncomeTaxesOtherPropertyAbstract" ns2:to="ferc_AccumulatedDeferredIncomeTaxLiabilitiesOtherPropertyByTypeLineItems" ns2:type="arc" />
        <ns0:loc ns2:href="../../ferc-core_2021-01-01.xsd#ferc_AccumulatedDeferredIncomeTaxLiabilitiesOtherPropertyByTypeTable" ns2:label="ferc_AccumulatedDeferredIncomeTaxLiabilitiesOtherPropertyByTypeTable" ns2:type="locator" />
        <ns0:definitionArc order="1" ns2:arcrole="http://xbrl.org/int/dim/arcrole/all" ns2:from="ferc_AccumulatedDeferredIncomeTaxLiabilitiesOtherPropertyByTypeLineItems" ns2:to="ferc_AccumulatedDeferredIncomeTaxLiabilitiesOtherPropertyByTypeTable" ns2:type="arc" ns3:closed="true" ns3:contextElement="segment" />
        <ns0:loc ns2:href="../../ferc-core_2021-01-01.xsd#ferc_UtilityTypeAxis" ns2:label="ferc_UtilityTypeAxis" ns2:type="locator" />
        <ns0:definitionArc order="1" ns2:arcrole="http://xbrl.org/int/dim/arcrole/hypercube-dimension" ns2:from="ferc_AccumulatedDeferredIncomeTaxLiabilitiesOtherPropertyByTypeTable" ns2:to="ferc_UtilityTypeAxis" ns2:type="arc" />
        <ns0:loc ns2:href="../../ferc-core_2021-01-01.xsd#ferc_UtilityTypeDomain" ns2:label="ferc_UtilityTypeDomain" ns2:type="locator" />
        <ns0:definitionArc order="1" ns2:arcrole="http://xbrl.org/int/dim/arcrole/dimension-domain" ns2:from="ferc_UtilityTypeAxis" ns2:to="ferc_UtilityTypeDomain" ns2:type="arc" />
        <ns0:loc ns2:href="../../ferc-core_2021-01-01.xsd#ferc_OperatingUtilityMember" ns2:label="ferc_OperatingUtilityMember" ns2:type="locator" />
        <ns0:definitionArc order="1" ns2:arcrole="http://xbrl.org/int/dim/arcrole/domain-member" ns2:from="ferc_UtilityTypeDomain" ns2:to="ferc_OperatingUtilityMember" ns2:type="arc" />
        <ns0:loc ns2:href="../../ferc-core_2021-01-01.xsd#ferc_ElectricUtilityMember" ns2:label="ferc_ElectricUtilityMember" ns2:type="locator" />
        <ns0:definitionArc order="1" ns2:arcrole="http://xbrl.org/int/dim/arcrole/domain-member" ns2:from="ferc_OperatingUtilityMember" ns2:to="ferc_ElectricUtilityMember" ns2:type="arc" />
        <ns0:loc ns2:href="../../ferc-core_2021-01-01.xsd#ferc_GasUtilityMember" ns2:label="ferc_GasUtilityMember" ns2:type="locator" />
        <ns0:definitionArc order="2" ns2:arcrole="http://xbrl.org/int/dim/arcrole/domain-member" ns2:from="ferc_OperatingUtilityMember" ns2:to="ferc_GasUtilityMember" ns2:type="arc" />
        <ns0:loc ns2:href="../../ferc-core_2021-01-01.xsd#ferc_OtherUtilityMember" ns2:label="ferc_OtherUtilityMember" ns2:type="locator" />
        <ns0:definitionArc order="3" ns2:arcrole="http://xbrl.org/int/dim/arcrole/domain-member" ns2:from="ferc_OperatingUtilityMember" ns2:to="ferc_OtherUtilityMember" ns2:type="arc" />
        <ns0:loc ns2:href="../../ferc-core_2021-01-01.xsd#ferc_AccumulatedDeferredIncomeTaxesOtherProperty" ns2:label="ferc_AccumulatedDeferredIncomeTaxesOtherProperty" ns2:type="locator" />
        <ns0:definitionArc order="2" ns2:arcrole="http://xbrl.org/int/dim/arcrole/domain-member" ns2:from="ferc_AccumulatedDeferredIncomeTaxLiabilitiesOtherPropertyByTypeLineItems" ns2:to="ferc_AccumulatedDeferredIncomeTaxesOtherProperty" ns2:type="arc" />
        <ns0:loc ns2:href="../../ferc-core_2021-01-01.xsd#ferc_AccumulatedDeferredIncomeTaxLiabilitiesOtherPropertyChangesDebitedToProvisionForDeferredIncomeTaxesOperatingIncome" ns2:label="ferc_AccumulatedDeferredIncomeTaxLiabilitiesOtherPropertyChangesDebitedToProvisionForDeferredIncomeTaxesOperatingIncome" ns2:type="locator" />
        <ns0:definitionArc order="3" ns2:arcrole="http://xbrl.org/int/dim/arcrole/domain-member" ns2:from="ferc_AccumulatedDeferredIncomeTaxLiabilitiesOtherPropertyByTypeLineItems" ns2:to="ferc_AccumulatedDeferredIncomeTaxLiabilitiesOtherPropertyChangesDebitedToProvisionForDeferredIncomeTaxesOperatingIncome" ns2:type="arc" />
        <ns0:loc ns2:href="../../ferc-core_2021-01-01.xsd#ferc_AccumulatedDeferredIncomeTaxLiabilitiesOtherPropertyChangesCreditedToProvisionForDeferredIncomeTaxesOperatingIncome" ns2:label="ferc_AccumulatedDeferredIncomeTaxLiabilitiesOtherPropertyChangesCreditedToProvisionForDeferredIncomeTaxesOperatingIncome" ns2:type="locator" />
        <ns0:definitionArc order="4" ns2:arcrole="http://xbrl.org/int/dim/arcrole/domain-member" ns2:from="ferc_AccumulatedDeferredIncomeTaxLiabilitiesOtherPropertyByTypeLineItems" ns2:to="ferc_AccumulatedDeferredIncomeTaxLiabilitiesOtherPropertyChangesCreditedToProvisionForDeferredIncomeTaxesOperatingIncome" ns2:type="arc" />
        <ns0:loc ns2:href="../../ferc-core_2021-01-01.xsd#ferc_AccumulatedDeferredIncomeTaxLiabilitiesOtherPropertyChangesDebitedToProvisionForDeferredIncomeTaxesOtherIncomeAndDeductions" ns2:label="ferc_AccumulatedDeferredIncomeTaxLiabilitiesOtherPropertyChangesDebitedToProvisionForDeferredIncomeTaxesOtherIncomeAndDeductions" ns2:type="locator" />
        <ns0:definitionArc order="5" ns2:arcrole="http://xbrl.org/int/dim/arcrole/domain-member" ns2:from="ferc_AccumulatedDeferredIncomeTaxLiabilitiesOtherPropertyByTypeLineItems" ns2:to="ferc_AccumulatedDeferredIncomeTaxLiabilitiesOtherPropertyChangesDebitedToProvisionForDeferredIncomeTaxesOtherIncomeAndDeductions" ns2:type="arc" />
        <ns0:loc ns2:href="../../ferc-core_2021-01-01.xsd#ferc_AccumulatedDeferredIncomeTaxLiabilitiesOtherPropertyChangesCreditedToProvisionForDeferredIncomeTaxesOtherIncomeAndDeductions" ns2:label="ferc_AccumulatedDeferredIncomeTaxLiabilitiesOtherPropertyChangesCreditedToProvisionForDeferredIncomeTaxesOtherIncomeAndDeductions" ns2:type="locator" />
        <ns0:definitionArc order="6" ns2:arcrole="http://xbrl.org/int/dim/arcrole/domain-member" ns2:from="ferc_AccumulatedDeferredIncomeTaxLiabilitiesOtherPropertyByTypeLineItems" ns2:to="ferc_AccumulatedDeferredIncomeTaxLiabilitiesOtherPropertyChangesCreditedToProvisionForDeferredIncomeTaxesOtherIncomeAndDeductions" ns2:type="arc" />
        <ns0:loc ns2:href="../../ferc-core_2021-01-01.xsd#ferc_AccumulatedDeferredIncomeTaxLiabilitiesOtherPropertyDescriptionOfDebitedAccountNumber" ns2:label="ferc_AccumulatedDeferredIncomeTaxLiabilitiesOtherPropertyDescriptionOfDebitedAccountNumber" ns2:type="locator" />
        <ns0:definitionArc order="7" ns2:arcrole="http://xbrl.org/int/dim/arcrole/domain-member" ns2:from="ferc_AccumulatedDeferredIncomeTaxLiabilitiesOtherPropertyByTypeLineItems" ns2:to="ferc_AccumulatedDeferredIncomeTaxLiabilitiesOtherPropertyDescriptionOfDebitedAccountNumber" ns2:type="arc" />
        <ns0:loc ns2:href="../../ferc-core_2021-01-01.xsd#ferc_AccumulatedDeferredIncomeTaxLiabilitiesOtherPropertyAdjustmentsDebitedToAccount" ns2:label="ferc_AccumulatedDeferredIncomeTaxLiabilitiesOtherPropertyAdjustmentsDebitedToAccount" ns2:type="locator" />
        <ns0:definitionArc order="8" ns2:arcrole="http://xbrl.org/int/dim/arcrole/domain-member" ns2:from="ferc_AccumulatedDeferredIncomeTaxLiabilitiesOtherPropertyByTypeLineItems" ns2:to="ferc_AccumulatedDeferredIncomeTaxLiabilitiesOtherPropertyAdjustmentsDebitedToAccount" ns2:type="arc" />
        <ns0:loc ns2:href="../../ferc-core_2021-01-01.xsd#ferc_AccumulatedDeferredIncomeTaxLiabilitiesOtherPropertyDescriptionOfCreditedAccountNumber" ns2:label="ferc_AccumulatedDeferredIncomeTaxLiabilitiesOtherPropertyDescriptionOfCreditedAccountNumber" ns2:type="locator" />
        <ns0:definitionArc order="9" ns2:arcrole="http://xbrl.org/int/dim/arcrole/domain-member" ns2:from="ferc_AccumulatedDeferredIncomeTaxLiabilitiesOtherPropertyByTypeLineItems" ns2:to="ferc_AccumulatedDeferredIncomeTaxLiabilitiesOtherPropertyDescriptionOfCreditedAccountNumber" ns2:type="arc" />
        <ns0:loc ns2:href="../../ferc-core_2021-01-01.xsd#ferc_AccumulatedDeferredIncomeTaxLiabilitiesOtherPropertyAdjustmentsCreditedToAccount" ns2:label="ferc_AccumulatedDeferredIncomeTaxLiabilitiesOtherPropertyAdjustmentsCreditedToAccount" ns2:type="locator" />
        <ns0:definitionArc order="10" ns2:arcrole="http://xbrl.org/int/dim/arcrole/domain-member" ns2:from="ferc_AccumulatedDeferredIncomeTaxLiabilitiesOtherPropertyByTypeLineItems" ns2:to="ferc_AccumulatedDeferredIncomeTaxLiabilitiesOtherPropertyAdjustmentsCreditedToAccount" ns2:type="arc" />
    </ns0:definitionLink>
    <ns0:definitionLink ns2:role="http://ferc.gov/form/2020-01-01/roles/Schedule/F1/AccumulatedDeferredIncomeTaxesOtherPropertyNonUtilityDetails" ns2:type="extended">
        <ns0:loc ns2:href="../../ferc-core_2021-01-01.xsd#ferc_ScheduleAccumulatedDeferredIncomeTaxesOtherPropertyAbstract" ns2:label="ferc_ScheduleAccumulatedDeferredIncomeTaxesOtherPropertyAbstract" ns2:type="locator" />
        <ns0:loc ns2:href="../../ferc-core_2021-01-01.xsd#ferc_AccumulatedDeferredIncomeTaxLiabilitiesOtherPropertyByTypeLineItems" ns2:label="ferc_AccumulatedDeferredIncomeTaxLiabilitiesOtherPropertyByTypeLineItems" ns2:type="locator" />
        <ns0:definitionArc order="1" ns2:arcrole="http://xbrl.org/int/dim/arcrole/domain-member" ns2:from="ferc_ScheduleAccumulatedDeferredIncomeTaxesOtherPropertyAbstract" ns2:to="ferc_AccumulatedDeferredIncomeTaxLiabilitiesOtherPropertyByTypeLineItems" ns2:type="arc" />
        <ns0:loc ns2:href="../../ferc-core_2021-01-01.xsd#ferc_AccumulatedDeferredIncomeTaxLiabilitiesOtherPropertyByTypeTable" ns2:label="ferc_AccumulatedDeferredIncomeTaxLiabilitiesOtherPropertyByTypeTable" ns2:type="locator" />
        <ns0:definitionArc order="1" ns2:arcrole="http://xbrl.org/int/dim/arcrole/all" ns2:from="ferc_AccumulatedDeferredIncomeTaxLiabilitiesOtherPropertyByTypeLineItems" ns2:to="ferc_AccumulatedDeferredIncomeTaxLiabilitiesOtherPropertyByTypeTable" ns2:type="arc" ns3:closed="true" ns3:contextElement="segment" />
        <ns0:loc ns2:href="../../ferc-core_2021-01-01.xsd#ferc_UtilityTypeAxis" ns2:label="ferc_UtilityTypeAxis" ns2:type="locator" />
        <ns0:definitionArc order="1" ns2:arcrole="http://xbrl.org/int/dim/arcrole/hypercube-dimension" ns2:from="ferc_AccumulatedDeferredIncomeTaxLiabilitiesOtherPropertyByTypeTable" ns2:to="ferc_UtilityTypeAxis" ns2:type="arc" />
        <ns0:loc ns2:href="../../ferc-core_2021-01-01.xsd#ferc_UtilityTypeDomain" ns2:label="ferc_UtilityTypeDomain" ns2:type="locator" />
        <ns0:definitionArc order="1" ns2:arcrole="http://xbrl.org/int/dim/arcrole/dimension-domain" ns2:from="ferc_UtilityTypeAxis" ns2:to="ferc_UtilityTypeDomain" ns2:type="arc" />
        <ns0:loc ns2:href="../../ferc-core_2021-01-01.xsd#ferc_NonUtilityMember" ns2:label="ferc_NonUtilityMember" ns2:type="locator" />
        <ns0:definitionArc order="1" ns2:arcrole="http://xbrl.org/int/dim/arcrole/domain-member" ns2:from="ferc_UtilityTypeDomain" ns2:to="ferc_NonUtilityMember" ns2:type="arc" />
        <ns0:loc ns2:href="../../ferc-core_2021-01-01.xsd#ferc_NonUtilityDetailsAxis" ns2:label="ferc_NonUtilityDetailsAxis" ns2:type="locator" />
        <ns0:definitionArc order="2" ns2:arcrole="http://xbrl.org/int/dim/arcrole/hypercube-dimension" ns2:from="ferc_AccumulatedDeferredIncomeTaxLiabilitiesOtherPropertyByTypeTable" ns2:to="ferc_NonUtilityDetailsAxis" ns2:type="arc" />
        <ns0:loc ns2:href="../../ferc-core_2021-01-01.xsd#ferc_OrderNumber" ns2:label="ferc_OrderNumber" ns2:type="locator" />
        <ns0:definitionArc order="2" ns2:arcrole="http://xbrl.org/int/dim/arcrole/domain-member" ns2:from="ferc_AccumulatedDeferredIncomeTaxLiabilitiesOtherPropertyByTypeLineItems" ns2:to="ferc_OrderNumber" ns2:type="arc" />
        <ns0:loc ns2:href="../../ferc-core_2021-01-01.xsd#ferc_DescriptionOfNonUtilityAccountDetails" ns2:label="ferc_DescriptionOfNonUtilityAccountDetails" ns2:type="locator" />
        <ns0:definitionArc order="3" ns2:arcrole="http://xbrl.org/int/dim/arcrole/domain-member" ns2:from="ferc_AccumulatedDeferredIncomeTaxLiabilitiesOtherPropertyByTypeLineItems" ns2:to="ferc_DescriptionOfNonUtilityAccountDetails" ns2:type="arc" />
        <ns0:loc ns2:href="../../ferc-core_2021-01-01.xsd#ferc_AccumulatedDeferredIncomeTaxesOtherProperty" ns2:label="ferc_AccumulatedDeferredIncomeTaxesOtherProperty" ns2:type="locator" />
        <ns0:definitionArc order="4" ns2:arcrole="http://xbrl.org/int/dim/arcrole/domain-member" ns2:from="ferc_AccumulatedDeferredIncomeTaxLiabilitiesOtherPropertyByTypeLineItems" ns2:to="ferc_AccumulatedDeferredIncomeTaxesOtherProperty" ns2:type="arc" />
        <ns0:loc ns2:href="../../ferc-core_2021-01-01.xsd#ferc_AccumulatedDeferredIncomeTaxLiabilitiesOtherPropertyChangesDebitedToProvisionForDeferredIncomeTaxesOperatingIncome" ns2:label="ferc_AccumulatedDeferredIncomeTaxLiabilitiesOtherPropertyChangesDebitedToProvisionForDeferredIncomeTaxesOperatingIncome" ns2:type="locator" />
        <ns0:definitionArc order="5" ns2:arcrole="http://xbrl.org/int/dim/arcrole/domain-member" ns2:from="ferc_AccumulatedDeferredIncomeTaxLiabilitiesOtherPropertyByTypeLineItems" ns2:to="ferc_AccumulatedDeferredIncomeTaxLiabilitiesOtherPropertyChangesDebitedToProvisionForDeferredIncomeTaxesOperatingIncome" ns2:type="arc" />
        <ns0:loc ns2:href="../../ferc-core_2021-01-01.xsd#ferc_AccumulatedDeferredIncomeTaxLiabilitiesOtherPropertyChangesCreditedToProvisionForDeferredIncomeTaxesOperatingIncome" ns2:label="ferc_AccumulatedDeferredIncomeTaxLiabilitiesOtherPropertyChangesCreditedToProvisionForDeferredIncomeTaxesOperatingIncome" ns2:type="locator" />
        <ns0:definitionArc order="6" ns2:arcrole="http://xbrl.org/int/dim/arcrole/domain-member" ns2:from="ferc_AccumulatedDeferredIncomeTaxLiabilitiesOtherPropertyByTypeLineItems" ns2:to="ferc_AccumulatedDeferredIncomeTaxLiabilitiesOtherPropertyChangesCreditedToProvisionForDeferredIncomeTaxesOperatingIncome" ns2:type="arc" />
        <ns0:loc ns2:href="../../ferc-core_2021-01-01.xsd#ferc_AccumulatedDeferredIncomeTaxLiabilitiesOtherPropertyChangesDebitedToProvisionForDeferredIncomeTaxesOtherIncomeAndDeductions" ns2:label="ferc_AccumulatedDeferredIncomeTaxLiabilitiesOtherPropertyChangesDebitedToProvisionForDeferredIncomeTaxesOtherIncomeAndDeductions" ns2:type="locator" />
        <ns0:definitionArc order="7" ns2:arcrole="http://xbrl.org/int/dim/arcrole/domain-member" ns2:from="ferc_AccumulatedDeferredIncomeTaxLiabilitiesOtherPropertyByTypeLineItems" ns2:to="ferc_AccumulatedDeferredIncomeTaxLiabilitiesOtherPropertyChangesDebitedToProvisionForDeferredIncomeTaxesOtherIncomeAndDeductions" ns2:type="arc" />
        <ns0:loc ns2:href="../../ferc-core_2021-01-01.xsd#ferc_AccumulatedDeferredIncomeTaxLiabilitiesOtherPropertyChangesCreditedToProvisionForDeferredIncomeTaxesOtherIncomeAndDeductions" ns2:label="ferc_AccumulatedDeferredIncomeTaxLiabilitiesOtherPropertyChangesCreditedToProvisionForDeferredIncomeTaxesOtherIncomeAndDeductions" ns2:type="locator" />
        <ns0:definitionArc order="8" ns2:arcrole="http://xbrl.org/int/dim/arcrole/domain-member" ns2:from="ferc_AccumulatedDeferredIncomeTaxLiabilitiesOtherPropertyByTypeLineItems" ns2:to="ferc_AccumulatedDeferredIncomeTaxLiabilitiesOtherPropertyChangesCreditedToProvisionForDeferredIncomeTaxesOtherIncomeAndDeductions" ns2:type="arc" />
        <ns0:loc ns2:href="../../ferc-core_2021-01-01.xsd#ferc_AccumulatedDeferredIncomeTaxLiabilitiesOtherPropertyDescriptionOfDebitedAccountNumber" ns2:label="ferc_AccumulatedDeferredIncomeTaxLiabilitiesOtherPropertyDescriptionOfDebitedAccountNumber" ns2:type="locator" />
        <ns0:definitionArc order="9" ns2:arcrole="http://xbrl.org/int/dim/arcrole/domain-member" ns2:from="ferc_AccumulatedDeferredIncomeTaxLiabilitiesOtherPropertyByTypeLineItems" ns2:to="ferc_AccumulatedDeferredIncomeTaxLiabilitiesOtherPropertyDescriptionOfDebitedAccountNumber" ns2:type="arc" />
        <ns0:loc ns2:href="../../ferc-core_2021-01-01.xsd#ferc_AccumulatedDeferredIncomeTaxLiabilitiesOtherPropertyAdjustmentsDebitedToAccount" ns2:label="ferc_AccumulatedDeferredIncomeTaxLiabilitiesOtherPropertyAdjustmentsDebitedToAccount" ns2:type="locator" />
        <ns0:definitionArc order="10" ns2:arcrole="http://xbrl.org/int/dim/arcrole/domain-member" ns2:from="ferc_AccumulatedDeferredIncomeTaxLiabilitiesOtherPropertyByTypeLineItems" ns2:to="ferc_AccumulatedDeferredIncomeTaxLiabilitiesOtherPropertyAdjustmentsDebitedToAccount" ns2:type="arc" />
        <ns0:loc ns2:href="../../ferc-core_2021-01-01.xsd#ferc_AccumulatedDeferredIncomeTaxLiabilitiesOtherPropertyDescriptionOfCreditedAccountNumber" ns2:label="ferc_AccumulatedDeferredIncomeTaxLiabilitiesOtherPropertyDescriptionOfCreditedAccountNumber" ns2:type="locator" />
        <ns0:definitionArc order="11" ns2:arcrole="http://xbrl.org/int/dim/arcrole/domain-member" ns2:from="ferc_AccumulatedDeferredIncomeTaxLiabilitiesOtherPropertyByTypeLineItems" ns2:to="ferc_AccumulatedDeferredIncomeTaxLiabilitiesOtherPropertyDescriptionOfCreditedAccountNumber" ns2:type="arc" />
        <ns0:loc ns2:href="../../ferc-core_2021-01-01.xsd#ferc_AccumulatedDeferredIncomeTaxLiabilitiesOtherPropertyAdjustmentsCreditedToAccount" ns2:label="ferc_AccumulatedDeferredIncomeTaxLiabilitiesOtherPropertyAdjustmentsCreditedToAccount" ns2:type="locator" />
        <ns0:definitionArc order="12" ns2:arcrole="http://xbrl.org/int/dim/arcrole/domain-member" ns2:from="ferc_AccumulatedDeferredIncomeTaxLiabilitiesOtherPropertyByTypeLineItems" ns2:to="ferc_AccumulatedDeferredIncomeTaxLiabilitiesOtherPropertyAdjustmentsCreditedToAccount" ns2:type="arc" />
    </ns0:definitionLink>
    <ns0:definitionLink ns2:role="http://ferc.gov/form/2020-01-01/roles/Schedule/F1/AccumulatedDeferredIncomeTaxesOtherPropertyByTaxTypes" ns2:type="extended">
        <ns0:loc ns2:href="../../ferc-core_2021-01-01.xsd#ferc_ScheduleAccumulatedDeferredIncomeTaxesOtherPropertyAbstract" ns2:label="ferc_ScheduleAccumulatedDeferredIncomeTaxesOtherPropertyAbstract" ns2:type="locator" />
        <ns0:loc ns2:href="../../ferc-core_2021-01-01.xsd#ferc_AccumulatedDeferredIncomeTaxLiabilitiesOtherPropertyByTypeLineItems" ns2:label="ferc_AccumulatedDeferredIncomeTaxLiabilitiesOtherPropertyByTypeLineItems" ns2:type="locator" />
        <ns0:definitionArc order="1" ns2:arcrole="http://xbrl.org/int/dim/arcrole/domain-member" ns2:from="ferc_ScheduleAccumulatedDeferredIncomeTaxesOtherPropertyAbstract" ns2:to="ferc_AccumulatedDeferredIncomeTaxLiabilitiesOtherPropertyByTypeLineItems" ns2:type="arc" />
        <ns0:loc ns2:href="../../ferc-core_2021-01-01.xsd#ferc_AccumulatedDeferredIncomeTaxLiabilitiesOtherPropertyByTypeTable" ns2:label="ferc_AccumulatedDeferredIncomeTaxLiabilitiesOtherPropertyByTypeTable" ns2:type="locator" />
        <ns0:definitionArc order="1" ns2:arcrole="http://xbrl.org/int/dim/arcrole/all" ns2:from="ferc_AccumulatedDeferredIncomeTaxLiabilitiesOtherPropertyByTypeLineItems" ns2:to="ferc_AccumulatedDeferredIncomeTaxLiabilitiesOtherPropertyByTypeTable" ns2:type="arc" ns3:closed="true" ns3:contextElement="segment" />
        <ns0:loc ns2:href="../../ferc-core_2021-01-01.xsd#ferc_AccumulatedDeferredIncomeTaxesClassifiedByTaxTypeAbstract" ns2:label="ferc_AccumulatedDeferredIncomeTaxesClassifiedByTaxTypeAbstract" ns2:type="locator" />
        <ns0:definitionArc order="2" ns2:arcrole="http://xbrl.org/int/dim/arcrole/domain-member" ns2:from="ferc_AccumulatedDeferredIncomeTaxLiabilitiesOtherPropertyByTypeLineItems" ns2:to="ferc_AccumulatedDeferredIncomeTaxesClassifiedByTaxTypeAbstract" ns2:type="arc" />
        <ns0:loc ns2:href="../../ferc-core_2021-01-01.xsd#ferc_AccumulatedDeferredIncomeTaxesFederalIncomeTaxAbstract" ns2:label="ferc_AccumulatedDeferredIncomeTaxesFederalIncomeTaxAbstract" ns2:type="locator" />
        <ns0:definitionArc order="1" ns2:arcrole="http://xbrl.org/int/dim/arcrole/domain-member" ns2:from="ferc_AccumulatedDeferredIncomeTaxesClassifiedByTaxTypeAbstract" ns2:to="ferc_AccumulatedDeferredIncomeTaxesFederalIncomeTaxAbstract" ns2:type="arc" />
        <ns0:loc ns2:href="../../ferc-core_2021-01-01.xsd#ferc_AccumulatedDeferredIncomeTaxLiabilitiesOtherPropertyFederalIncomeTax" ns2:label="ferc_AccumulatedDeferredIncomeTaxLiabilitiesOtherPropertyFederalIncomeTax" ns2:type="locator" />
        <ns0:definitionArc order="1" ns2:arcrole="http://xbrl.org/int/dim/arcrole/domain-member" ns2:from="ferc_AccumulatedDeferredIncomeTaxesFederalIncomeTaxAbstract" ns2:to="ferc_AccumulatedDeferredIncomeTaxLiabilitiesOtherPropertyFederalIncomeTax" ns2:type="arc" />
        <ns0:loc ns2:href="../../ferc-core_2021-01-01.xsd#ferc_FederalIncomeTaxForOtherPropertyChangesDebitedToProvisionForDeferredIncomeTaxesOperatingIncome" ns2:label="ferc_FederalIncomeTaxForOtherPropertyChangesDebitedToProvisionForDeferredIncomeTaxesOperatingIncome" ns2:type="locator" />
        <ns0:definitionArc order="2" ns2:arcrole="http://xbrl.org/int/dim/arcrole/domain-member" ns2:from="ferc_AccumulatedDeferredIncomeTaxesFederalIncomeTaxAbstract" ns2:to="ferc_FederalIncomeTaxForOtherPropertyChangesDebitedToProvisionForDeferredIncomeTaxesOperatingIncome" ns2:type="arc" />
        <ns0:loc ns2:href="../../ferc-core_2021-01-01.xsd#ferc_FederalIncomeTaxForOtherPropertyChangesCreditedToProvisionForDeferredIncomeTaxesOperatingIncome" ns2:label="ferc_FederalIncomeTaxForOtherPropertyChangesCreditedToProvisionForDeferredIncomeTaxesOperatingIncome" ns2:type="locator" />
        <ns0:definitionArc order="3" ns2:arcrole="http://xbrl.org/int/dim/arcrole/domain-member" ns2:from="ferc_AccumulatedDeferredIncomeTaxesFederalIncomeTaxAbstract" ns2:to="ferc_FederalIncomeTaxForOtherPropertyChangesCreditedToProvisionForDeferredIncomeTaxesOperatingIncome" ns2:type="arc" />
        <ns0:loc ns2:href="../../ferc-core_2021-01-01.xsd#ferc_FederalIncomeTaxfOrOtherPropertyChangesDebitedToProvisionForDeferredIncomeTaxesOtherIncomeAndDeductions" ns2:label="ferc_FederalIncomeTaxfOrOtherPropertyChangesDebitedToProvisionForDeferredIncomeTaxesOtherIncomeAndDeductions" ns2:type="locator" />
        <ns0:definitionArc order="4" ns2:arcrole="http://xbrl.org/int/dim/arcrole/domain-member" ns2:from="ferc_AccumulatedDeferredIncomeTaxesFederalIncomeTaxAbstract" ns2:to="ferc_FederalIncomeTaxfOrOtherPropertyChangesDebitedToProvisionForDeferredIncomeTaxesOtherIncomeAndDeductions" ns2:type="arc" />
        <ns0:loc ns2:href="../../ferc-core_2021-01-01.xsd#ferc_FederalIncomeTaxForOtherPropertyChangesCreditedToProvisionForDeferredIncomeTaxesOtherIncomeAndDeductions" ns2:label="ferc_FederalIncomeTaxForOtherPropertyChangesCreditedToProvisionForDeferredIncomeTaxesOtherIncomeAndDeductions" ns2:type="locator" />
        <ns0:definitionArc order="5" ns2:arcrole="http://xbrl.org/int/dim/arcrole/domain-member" ns2:from="ferc_AccumulatedDeferredIncomeTaxesFederalIncomeTaxAbstract" ns2:to="ferc_FederalIncomeTaxForOtherPropertyChangesCreditedToProvisionForDeferredIncomeTaxesOtherIncomeAndDeductions" ns2:type="arc" />
        <ns0:loc ns2:href="../../ferc-core_2021-01-01.xsd#ferc_FederalIncomeTaxForOtherPropertyDescriptionOfCreditedAccountNumberForDebitAdjustments" ns2:label="ferc_FederalIncomeTaxForOtherPropertyDescriptionOfCreditedAccountNumberForDebitAdjustments" ns2:type="locator" />
        <ns0:definitionArc order="6" ns2:arcrole="http://xbrl.org/int/dim/arcrole/domain-member" ns2:from="ferc_AccumulatedDeferredIncomeTaxesFederalIncomeTaxAbstract" ns2:to="ferc_FederalIncomeTaxForOtherPropertyDescriptionOfCreditedAccountNumberForDebitAdjustments" ns2:type="arc" />
        <ns0:loc ns2:href="../../ferc-core_2021-01-01.xsd#ferc_FederalIncomeTaxForOtherPropertyAdjustmentsDebitedToAccount" ns2:label="ferc_FederalIncomeTaxForOtherPropertyAdjustmentsDebitedToAccount" ns2:type="locator" />
        <ns0:definitionArc order="7" ns2:arcrole="http://xbrl.org/int/dim/arcrole/domain-member" ns2:from="ferc_AccumulatedDeferredIncomeTaxesFederalIncomeTaxAbstract" ns2:to="ferc_FederalIncomeTaxForOtherPropertyAdjustmentsDebitedToAccount" ns2:type="arc" />
        <ns0:loc ns2:href="../../ferc-core_2021-01-01.xsd#ferc_FederalIncomeTaxForOtherPropertyDescriptionOfDebitedAccountNumberForCreditAdjustments" ns2:label="ferc_FederalIncomeTaxForOtherPropertyDescriptionOfDebitedAccountNumberForCreditAdjustments" ns2:type="locator" />
        <ns0:definitionArc order="8" ns2:arcrole="http://xbrl.org/int/dim/arcrole/domain-member" ns2:from="ferc_AccumulatedDeferredIncomeTaxesFederalIncomeTaxAbstract" ns2:to="ferc_FederalIncomeTaxForOtherPropertyDescriptionOfDebitedAccountNumberForCreditAdjustments" ns2:type="arc" />
        <ns0:loc ns2:href="../../ferc-core_2021-01-01.xsd#ferc_FederalIncomeTaxForOtherPropertyAdjustmentsCreditedToAccount" ns2:label="ferc_FederalIncomeTaxForOtherPropertyAdjustmentsCreditedToAccount" ns2:type="locator" />
        <ns0:definitionArc order="9" ns2:arcrole="http://xbrl.org/int/dim/arcrole/domain-member" ns2:from="ferc_AccumulatedDeferredIncomeTaxesFederalIncomeTaxAbstract" ns2:to="ferc_FederalIncomeTaxForOtherPropertyAdjustmentsCreditedToAccount" ns2:type="arc" />
        <ns0:loc ns2:href="../../ferc-core_2021-01-01.xsd#ferc_AccumulatedDeferredIncomeTaxesStateIncomeTaxAbstract" ns2:label="ferc_AccumulatedDeferredIncomeTaxesStateIncomeTaxAbstract" ns2:type="locator" />
        <ns0:definitionArc order="2" ns2:arcrole="http://xbrl.org/int/dim/arcrole/domain-member" ns2:from="ferc_AccumulatedDeferredIncomeTaxesClassifiedByTaxTypeAbstract" ns2:to="ferc_AccumulatedDeferredIncomeTaxesStateIncomeTaxAbstract" ns2:type="arc" />
        <ns0:loc ns2:href="../../ferc-core_2021-01-01.xsd#ferc_AccumulatedDeferredIncomeTaxLiabilitiesOtherPropertyStateIncomeTax" ns2:label="ferc_AccumulatedDeferredIncomeTaxLiabilitiesOtherPropertyStateIncomeTax" ns2:type="locator" />
        <ns0:definitionArc order="1" ns2:arcrole="http://xbrl.org/int/dim/arcrole/domain-member" ns2:from="ferc_AccumulatedDeferredIncomeTaxesStateIncomeTaxAbstract" ns2:to="ferc_AccumulatedDeferredIncomeTaxLiabilitiesOtherPropertyStateIncomeTax" ns2:type="arc" />
        <ns0:loc ns2:href="../../ferc-core_2021-01-01.xsd#ferc_StateIncomeTaxForOtherPropertyChangesDebitedToProvisionForDeferredIncomeTaxesOperatingIncome" ns2:label="ferc_StateIncomeTaxForOtherPropertyChangesDebitedToProvisionForDeferredIncomeTaxesOperatingIncome" ns2:type="locator" />
        <ns0:definitionArc order="2" ns2:arcrole="http://xbrl.org/int/dim/arcrole/domain-member" ns2:from="ferc_AccumulatedDeferredIncomeTaxesStateIncomeTaxAbstract" ns2:to="ferc_StateIncomeTaxForOtherPropertyChangesDebitedToProvisionForDeferredIncomeTaxesOperatingIncome" ns2:type="arc" />
        <ns0:loc ns2:href="../../ferc-core_2021-01-01.xsd#ferc_StateIncomeTaxForOtherPropertyChangesCreditedToProvisionForDeferredIncomeTaxesOperatingIncome" ns2:label="ferc_StateIncomeTaxForOtherPropertyChangesCreditedToProvisionForDeferredIncomeTaxesOperatingIncome" ns2:type="locator" />
        <ns0:definitionArc order="3" ns2:arcrole="http://xbrl.org/int/dim/arcrole/domain-member" ns2:from="ferc_AccumulatedDeferredIncomeTaxesStateIncomeTaxAbstract" ns2:to="ferc_StateIncomeTaxForOtherPropertyChangesCreditedToProvisionForDeferredIncomeTaxesOperatingIncome" ns2:type="arc" />
        <ns0:loc ns2:href="../../ferc-core_2021-01-01.xsd#ferc_StateIncomeTaxfOrOtherPropertyChangesDebitedToProvisionForDeferredIncomeTaxesOtherIncomeAndDeductions" ns2:label="ferc_StateIncomeTaxfOrOtherPropertyChangesDebitedToProvisionForDeferredIncomeTaxesOtherIncomeAndDeductions" ns2:type="locator" />
        <ns0:definitionArc order="4" ns2:arcrole="http://xbrl.org/int/dim/arcrole/domain-member" ns2:from="ferc_AccumulatedDeferredIncomeTaxesStateIncomeTaxAbstract" ns2:to="ferc_StateIncomeTaxfOrOtherPropertyChangesDebitedToProvisionForDeferredIncomeTaxesOtherIncomeAndDeductions" ns2:type="arc" />
        <ns0:loc ns2:href="../../ferc-core_2021-01-01.xsd#ferc_StateIncomeTaxForOtherPropertyChangesCreditedToProvisionForDeferredIncomeTaxesOtherIncomeAndDeductions" ns2:label="ferc_StateIncomeTaxForOtherPropertyChangesCreditedToProvisionForDeferredIncomeTaxesOtherIncomeAndDeductions" ns2:type="locator" />
        <ns0:definitionArc order="5" ns2:arcrole="http://xbrl.org/int/dim/arcrole/domain-member" ns2:from="ferc_AccumulatedDeferredIncomeTaxesStateIncomeTaxAbstract" ns2:to="ferc_StateIncomeTaxForOtherPropertyChangesCreditedToProvisionForDeferredIncomeTaxesOtherIncomeAndDeductions" ns2:type="arc" />
        <ns0:loc ns2:href="../../ferc-core_2021-01-01.xsd#ferc_StateIncomeTaxForOtherPropertyDescriptionOfCreditedAccountNumberForDebitAdjustments" ns2:label="ferc_StateIncomeTaxForOtherPropertyDescriptionOfCreditedAccountNumberForDebitAdjustments" ns2:type="locator" />
        <ns0:definitionArc order="6" ns2:arcrole="http://xbrl.org/int/dim/arcrole/domain-member" ns2:from="ferc_AccumulatedDeferredIncomeTaxesStateIncomeTaxAbstract" ns2:to="ferc_StateIncomeTaxForOtherPropertyDescriptionOfCreditedAccountNumberForDebitAdjustments" ns2:type="arc" />
        <ns0:loc ns2:href="../../ferc-core_2021-01-01.xsd#ferc_StateIncomeTaxForOtherPropertyAdjustmentsDebitedToAccount" ns2:label="ferc_StateIncomeTaxForOtherPropertyAdjustmentsDebitedToAccount" ns2:type="locator" />
        <ns0:definitionArc order="7" ns2:arcrole="http://xbrl.org/int/dim/arcrole/domain-member" ns2:from="ferc_AccumulatedDeferredIncomeTaxesStateIncomeTaxAbstract" ns2:to="ferc_StateIncomeTaxForOtherPropertyAdjustmentsDebitedToAccount" ns2:type="arc" />
        <ns0:loc ns2:href="../../ferc-core_2021-01-01.xsd#ferc_StateIncomeTaxForOtherPropertyDescriptionOfDebitedAccountNumberForCreditAdjustments" ns2:label="ferc_StateIncomeTaxForOtherPropertyDescriptionOfDebitedAccountNumberForCreditAdjustments" ns2:type="locator" />
        <ns0:definitionArc order="8" ns2:arcrole="http://xbrl.org/int/dim/arcrole/domain-member" ns2:from="ferc_AccumulatedDeferredIncomeTaxesStateIncomeTaxAbstract" ns2:to="ferc_StateIncomeTaxForOtherPropertyDescriptionOfDebitedAccountNumberForCreditAdjustments" ns2:type="arc" />
        <ns0:loc ns2:href="../../ferc-core_2021-01-01.xsd#ferc_StateIncomeTaxForOtherPropertyAdjustmentsCreditedToAccount" ns2:label="ferc_StateIncomeTaxForOtherPropertyAdjustmentsCreditedToAccount" ns2:type="locator" />
        <ns0:definitionArc order="9" ns2:arcrole="http://xbrl.org/int/dim/arcrole/domain-member" ns2:from="ferc_AccumulatedDeferredIncomeTaxesStateIncomeTaxAbstract" ns2:to="ferc_StateIncomeTaxForOtherPropertyAdjustmentsCreditedToAccount" ns2:type="arc" />
        <ns0:loc ns2:href="../../ferc-core_2021-01-01.xsd#ferc_AccumulatedDeferredIncomeTaxesLocalIncomeTaxAbstract" ns2:label="ferc_AccumulatedDeferredIncomeTaxesLocalIncomeTaxAbstract" ns2:type="locator" />
        <ns0:definitionArc order="3" ns2:arcrole="http://xbrl.org/int/dim/arcrole/domain-member" ns2:from="ferc_AccumulatedDeferredIncomeTaxesClassifiedByTaxTypeAbstract" ns2:to="ferc_AccumulatedDeferredIncomeTaxesLocalIncomeTaxAbstract" ns2:type="arc" />
        <ns0:loc ns2:href="../../ferc-core_2021-01-01.xsd#ferc_AccumulatedDeferredIncomeTaxLiabilitiesOtherPropertyLocalIncomeTax" ns2:label="ferc_AccumulatedDeferredIncomeTaxLiabilitiesOtherPropertyLocalIncomeTax" ns2:type="locator" />
        <ns0:definitionArc order="1" ns2:arcrole="http://xbrl.org/int/dim/arcrole/domain-member" ns2:from="ferc_AccumulatedDeferredIncomeTaxesLocalIncomeTaxAbstract" ns2:to="ferc_AccumulatedDeferredIncomeTaxLiabilitiesOtherPropertyLocalIncomeTax" ns2:type="arc" />
        <ns0:loc ns2:href="../../ferc-core_2021-01-01.xsd#ferc_LocalIncomeTaxForOtherPropertyChangesDebitedToProvisionForDeferredIncomeTaxesOperatingIncome" ns2:label="ferc_LocalIncomeTaxForOtherPropertyChangesDebitedToProvisionForDeferredIncomeTaxesOperatingIncome" ns2:type="locator" />
        <ns0:definitionArc order="2" ns2:arcrole="http://xbrl.org/int/dim/arcrole/domain-member" ns2:from="ferc_AccumulatedDeferredIncomeTaxesLocalIncomeTaxAbstract" ns2:to="ferc_LocalIncomeTaxForOtherPropertyChangesDebitedToProvisionForDeferredIncomeTaxesOperatingIncome" ns2:type="arc" />
        <ns0:loc ns2:href="../../ferc-core_2021-01-01.xsd#ferc_LocalIncomeTaxForOtherPropertyChangesCreditedToProvisionForDeferredIncomeTaxesOperatingIncome" ns2:label="ferc_LocalIncomeTaxForOtherPropertyChangesCreditedToProvisionForDeferredIncomeTaxesOperatingIncome" ns2:type="locator" />
        <ns0:definitionArc order="3" ns2:arcrole="http://xbrl.org/int/dim/arcrole/domain-member" ns2:from="ferc_AccumulatedDeferredIncomeTaxesLocalIncomeTaxAbstract" ns2:to="ferc_LocalIncomeTaxForOtherPropertyChangesCreditedToProvisionForDeferredIncomeTaxesOperatingIncome" ns2:type="arc" />
        <ns0:loc ns2:href="../../ferc-core_2021-01-01.xsd#ferc_LocalIncomeTaxfOrOtherPropertyChangesDebitedToProvisionForDeferredIncomeTaxesOtherIncomeAndDeductions" ns2:label="ferc_LocalIncomeTaxfOrOtherPropertyChangesDebitedToProvisionForDeferredIncomeTaxesOtherIncomeAndDeductions" ns2:type="locator" />
        <ns0:definitionArc order="4" ns2:arcrole="http://xbrl.org/int/dim/arcrole/domain-member" ns2:from="ferc_AccumulatedDeferredIncomeTaxesLocalIncomeTaxAbstract" ns2:to="ferc_LocalIncomeTaxfOrOtherPropertyChangesDebitedToProvisionForDeferredIncomeTaxesOtherIncomeAndDeductions" ns2:type="arc" />
        <ns0:loc ns2:href="../../ferc-core_2021-01-01.xsd#ferc_LocalIncomeTaxForOtherPropertyChangesCreditedToProvisionForDeferredIncomeTaxesOtherIncomeAndDeductions" ns2:label="ferc_LocalIncomeTaxForOtherPropertyChangesCreditedToProvisionForDeferredIncomeTaxesOtherIncomeAndDeductions" ns2:type="locator" />
        <ns0:definitionArc order="5" ns2:arcrole="http://xbrl.org/int/dim/arcrole/domain-member" ns2:from="ferc_AccumulatedDeferredIncomeTaxesLocalIncomeTaxAbstract" ns2:to="ferc_LocalIncomeTaxForOtherPropertyChangesCreditedToProvisionForDeferredIncomeTaxesOtherIncomeAndDeductions" ns2:type="arc" />
        <ns0:loc ns2:href="../../ferc-core_2021-01-01.xsd#ferc_LocalIncomeTaxForOtherPropertyDescriptionOfCreditedAccountNumberForDebitAdjustments" ns2:label="ferc_LocalIncomeTaxForOtherPropertyDescriptionOfCreditedAccountNumberForDebitAdjustments" ns2:type="locator" />
        <ns0:definitionArc order="6" ns2:arcrole="http://xbrl.org/int/dim/arcrole/domain-member" ns2:from="ferc_AccumulatedDeferredIncomeTaxesLocalIncomeTaxAbstract" ns2:to="ferc_LocalIncomeTaxForOtherPropertyDescriptionOfCreditedAccountNumberForDebitAdjustments" ns2:type="arc" />
        <ns0:loc ns2:href="../../ferc-core_2021-01-01.xsd#ferc_LocalIncomeTaxForOtherPropertyAdjustmentsDebitedToAccount" ns2:label="ferc_LocalIncomeTaxForOtherPropertyAdjustmentsDebitedToAccount" ns2:type="locator" />
        <ns0:definitionArc order="7" ns2:arcrole="http://xbrl.org/int/dim/arcrole/domain-member" ns2:from="ferc_AccumulatedDeferredIncomeTaxesLocalIncomeTaxAbstract" ns2:to="ferc_LocalIncomeTaxForOtherPropertyAdjustmentsDebitedToAccount" ns2:type="arc" />
        <ns0:loc ns2:href="../../ferc-core_2021-01-01.xsd#ferc_LocalIncomeTaxForOtherPropertyDescriptionOfDebitedAccountNumberForCreditAdjustments" ns2:label="ferc_LocalIncomeTaxForOtherPropertyDescriptionOfDebitedAccountNumberForCreditAdjustments" ns2:type="locator" />
        <ns0:definitionArc order="8" ns2:arcrole="http://xbrl.org/int/dim/arcrole/domain-member" ns2:from="ferc_AccumulatedDeferredIncomeTaxesLocalIncomeTaxAbstract" ns2:to="ferc_LocalIncomeTaxForOtherPropertyDescriptionOfDebitedAccountNumberForCreditAdjustments" ns2:type="arc" />
        <ns0:loc ns2:href="../../ferc-core_2021-01-01.xsd#ferc_LocalIncomeTaxForOtherPropertyAdjustmentsCreditedToAccount" ns2:label="ferc_LocalIncomeTaxForOtherPropertyAdjustmentsCreditedToAccount" ns2:type="locator" />
        <ns0:definitionArc order="9" ns2:arcrole="http://xbrl.org/int/dim/arcrole/domain-member" ns2:from="ferc_AccumulatedDeferredIncomeTaxesLocalIncomeTaxAbstract" ns2:to="ferc_LocalIncomeTaxForOtherPropertyAdjustmentsCreditedToAccount" ns2:type="arc" />
    </ns0:definitionLink>
    <ns0:definitionLink ns2:role="http://ferc.gov/form/2020-01-01/roles/Schedule/F1/AccumulatedDeferredIncomeTaxesOtherPropertyByBusinessActivities" ns2:type="extended">
        <ns0:loc ns2:href="../../ferc-core_2021-01-01.xsd#ferc_UtilityTypeAxis" ns2:label="ferc_UtilityTypeAxis" ns2:type="locator" />
        <ns0:loc ns2:href="../../ferc-core_2021-01-01.xsd#ferc_UtilityTypeDomain" ns2:label="ferc_UtilityTypeDomain" ns2:type="locator" />
        <ns0:definitionArc order="1" ns2:arcrole="http://xbrl.org/int/dim/arcrole/dimension-default" ns2:from="ferc_UtilityTypeAxis" ns2:to="ferc_UtilityTypeDomain" ns2:type="arc" />
    </ns0:definitionLink>
    <ns0:definitionLink ns2:role="http://ferc.gov/form/2020-01-01/roles/Schedule/F1/AccumulatedDeferredIncomeTaxesOtherPropertyNonUtilityDetails" ns2:type="extended" />
    <ns0:definitionLink ns2:role="http://ferc.gov/form/2020-01-01/roles/Schedule/F1/AccumulatedDeferredIncomeTaxesOtherPropertyByTaxTypes" ns2:type="extended" />
</ns0:linkbase>