<ns0:linkbase xmlns:ns0="http://www.xbrl.org/2003/linkbase" xmlns:ns2="http://www.w3.org/1999/xlink" xmlns:ns3="http://xbrl.org/2005/xbrldt" xmlns:xsi="http://www.w3.org/2001/XMLSchema-instance" xsi:schemaLocation="http://www.xbrl.org/2003/linkbase http://www.xbrl.org/2003/xbrl-linkbase-2003-12-31.xsd">
    <ns0:roleRef roleURI="http://ferc.gov/form/2020-01-01/roles/Schedule/F1/TransmissioOfElectricityForOthersTotals" ns2:href="form-1-sched-TransmissioOfElectricityForOthers_2021-01-01.xsd#roleType_TransmissioOfElectricityForOthersTotals" ns2:type="simple" />
    <ns0:roleRef roleURI="http://ferc.gov/form/2020-01-01/roles/Schedule/F1/TransmissioOfElectricityForOthers" ns2:href="form-1-sched-TransmissioOfElectricityForOthers_2021-01-01.xsd#roleType_TransmissioOfElectricityForOthers" ns2:type="simple" />
    <ns0:arcroleRef arcroleURI="http://xbrl.org/int/dim/arcrole/dimension-domain" ns2:href="http://www.xbrl.org/2005/xbrldt-2005.xsd#dimension-domain" ns2:type="simple" />
    <ns0:arcroleRef arcroleURI="http://xbrl.org/int/dim/arcrole/dimension-default" ns2:href="http://www.xbrl.org/2005/xbrldt-2005.xsd#dimension-default" ns2:type="simple" />
    <ns0:arcroleRef arcroleURI="http://xbrl.org/int/dim/arcrole/hypercube-dimension" ns2:href="http://www.xbrl.org/2005/xbrldt-2005.xsd#hypercube-dimension" ns2:type="simple" />
    <ns0:arcroleRef arcroleURI="http://xbrl.org/int/dim/arcrole/all" ns2:href="http://www.xbrl.org/2005/xbrldt-2005.xsd#all" ns2:type="simple" />
    <ns0:arcroleRef arcroleURI="http://xbrl.org/int/dim/arcrole/domain-member" ns2:href="http://www.xbrl.org/2005/xbrldt-2005.xsd#domain-member" ns2:type="simple" />
    <ns0:definitionLink ns2:role="http://ferc.gov/form/2020-01-01/roles/Schedule/F1/TransmissioOfElectricityForOthers" ns2:type="extended">
        <ns0:loc ns2:href="../../ferc-core_2021-01-01.xsd#ferc_ScheduleTransmissionOfElectricityForOthersAbstract" ns2:label="ferc_ScheduleTransmissionOfElectricityForOthersAbstract" ns2:type="locator" />
        <ns0:loc ns2:href="../../ferc-core_2021-01-01.xsd#ferc_TransmissionOfElectricityForOthersLineItems" ns2:label="ferc_TransmissionOfElectricityForOthersLineItems" ns2:type="locator" />
        <ns0:definitionArc order="1" ns2:arcrole="http://xbrl.org/int/dim/arcrole/domain-member" ns2:from="ferc_ScheduleTransmissionOfElectricityForOthersAbstract" ns2:to="ferc_TransmissionOfElectricityForOthersLineItems" ns2:type="arc" />
        <ns0:loc ns2:href="../../ferc-core_2021-01-01.xsd#ferc_TransmissionOfElectricityForOthersTable" ns2:label="ferc_TransmissionOfElectricityForOthersTable" ns2:type="locator" />
        <ns0:definitionArc order="1" ns2:arcrole="http://xbrl.org/int/dim/arcrole/all" ns2:from="ferc_TransmissionOfElectricityForOthersLineItems" ns2:to="ferc_TransmissionOfElectricityForOthersTable" ns2:type="arc" ns3:closed="true" ns3:contextElement="segment" />
        <ns0:loc ns2:href="../../ferc-core_2021-01-01.xsd#ferc_TransmissionOfElectricityForOthersAxis" ns2:label="ferc_TransmissionOfElectricityForOthersAxis" ns2:type="locator" />
        <ns0:definitionArc order="1" ns2:arcrole="http://xbrl.org/int/dim/arcrole/hypercube-dimension" ns2:from="ferc_TransmissionOfElectricityForOthersTable" ns2:to="ferc_TransmissionOfElectricityForOthersAxis" ns2:type="arc" />
        <ns0:loc ns2:href="../../ferc-core_2021-01-01.xsd#ferc_OrderNumber" ns2:label="ferc_OrderNumber" ns2:type="locator" />
        <ns0:definitionArc order="2" ns2:arcrole="http://xbrl.org/int/dim/arcrole/domain-member" ns2:from="ferc_TransmissionOfElectricityForOthersLineItems" ns2:to="ferc_OrderNumber" ns2:type="arc" />
        <ns0:loc ns2:href="../../ferc-core_2021-01-01.xsd#ferc_PaymentByCompanyOrPublicAuthority" ns2:label="ferc_PaymentByCompanyOrPublicAuthority" ns2:type="locator" />
        <ns0:definitionArc order="3" ns2:arcrole="http://xbrl.org/int/dim/arcrole/domain-member" ns2:from="ferc_TransmissionOfElectricityForOthersLineItems" ns2:to="ferc_PaymentByCompanyOrPublicAuthority" ns2:type="arc" />
        <ns0:loc ns2:href="../../ferc-core_2021-01-01.xsd#ferc_TransmissionEnergyReceivedFromCompanyOrPublicAuthorityName" ns2:label="ferc_TransmissionEnergyReceivedFromCompanyOrPublicAuthorityName" ns2:type="locator" />
        <ns0:definitionArc order="4" ns2:arcrole="http://xbrl.org/int/dim/arcrole/domain-member" ns2:from="ferc_TransmissionOfElectricityForOthersLineItems" ns2:to="ferc_TransmissionEnergyReceivedFromCompanyOrPublicAuthorityName" ns2:type="arc" />
        <ns0:loc ns2:href="../../ferc-core_2021-01-01.xsd#ferc_TransmissionEnergyDeliveredToCompanyOrPublicAuthorityName" ns2:label="ferc_TransmissionEnergyDeliveredToCompanyOrPublicAuthorityName" ns2:type="locator" />
        <ns0:definitionArc order="5" ns2:arcrole="http://xbrl.org/int/dim/arcrole/domain-member" ns2:from="ferc_TransmissionOfElectricityForOthersLineItems" ns2:to="ferc_TransmissionEnergyDeliveredToCompanyOrPublicAuthorityName" ns2:type="arc" />
        <ns0:loc ns2:href="../../ferc-core_2021-01-01.xsd#ferc_StatisticalClassificationCode" ns2:label="ferc_StatisticalClassificationCode" ns2:type="locator" />
        <ns0:definitionArc order="6" ns2:arcrole="http://xbrl.org/int/dim/arcrole/domain-member" ns2:from="ferc_TransmissionOfElectricityForOthersLineItems" ns2:to="ferc_StatisticalClassificationCode" ns2:type="arc" />
        <ns0:loc ns2:href="../../ferc-core_2021-01-01.xsd#ferc_RateScheduleTariffNumber" ns2:label="ferc_RateScheduleTariffNumber" ns2:type="locator" />
        <ns0:definitionArc order="7" ns2:arcrole="http://xbrl.org/int/dim/arcrole/domain-member" ns2:from="ferc_TransmissionOfElectricityForOthersLineItems" ns2:to="ferc_RateScheduleTariffNumber" ns2:type="arc" />
        <ns0:loc ns2:href="../../ferc-core_2021-01-01.xsd#ferc_TransmissionPointOfReceipt" ns2:label="ferc_TransmissionPointOfReceipt" ns2:type="locator" />
        <ns0:definitionArc order="8" ns2:arcrole="http://xbrl.org/int/dim/arcrole/domain-member" ns2:from="ferc_TransmissionOfElectricityForOthersLineItems" ns2:to="ferc_TransmissionPointOfReceipt" ns2:type="arc" />
        <ns0:loc ns2:href="../../ferc-core_2021-01-01.xsd#ferc_TransmissionPointOfDelivery" ns2:label="ferc_TransmissionPointOfDelivery" ns2:type="locator" />
        <ns0:definitionArc order="9" ns2:arcrole="http://xbrl.org/int/dim/arcrole/domain-member" ns2:from="ferc_TransmissionOfElectricityForOthersLineItems" ns2:to="ferc_TransmissionPointOfDelivery" ns2:type="arc" />
        <ns0:loc ns2:href="../../ferc-core_2021-01-01.xsd#ferc_BillingDemand" ns2:label="ferc_BillingDemand" ns2:type="locator" />
        <ns0:definitionArc order="10" ns2:arcrole="http://xbrl.org/int/dim/arcrole/domain-member" ns2:from="ferc_TransmissionOfElectricityForOthersLineItems" ns2:to="ferc_BillingDemand" ns2:type="arc" />
        <ns0:loc ns2:href="../../ferc-core_2021-01-01.xsd#ferc_TransmissionOfElectricityForOthersEnergyReceived" ns2:label="ferc_TransmissionOfElectricityForOthersEnergyReceived" ns2:type="locator" />
        <ns0:definitionArc order="11" ns2:arcrole="http://xbrl.org/int/dim/arcrole/domain-member" ns2:from="ferc_TransmissionOfElectricityForOthersLineItems" ns2:to="ferc_TransmissionOfElectricityForOthersEnergyReceived" ns2:type="arc" />
        <ns0:loc ns2:href="../../ferc-core_2021-01-01.xsd#ferc_TransmissionOfElectricityForOthersEnergyDelivered" ns2:label="ferc_TransmissionOfElectricityForOthersEnergyDelivered" ns2:type="locator" />
        <ns0:definitionArc order="12" ns2:arcrole="http://xbrl.org/int/dim/arcrole/domain-member" ns2:from="ferc_TransmissionOfElectricityForOthersLineItems" ns2:to="ferc_TransmissionOfElectricityForOthersEnergyDelivered" ns2:type="arc" />
        <ns0:loc ns2:href="../../ferc-core_2021-01-01.xsd#ferc_DemandChargesRevenueTransmissionOfElectricityForOthers" ns2:label="ferc_DemandChargesRevenueTransmissionOfElectricityForOthers" ns2:type="locator" />
        <ns0:definitionArc order="13" ns2:arcrole="http://xbrl.org/int/dim/arcrole/domain-member" ns2:from="ferc_TransmissionOfElectricityForOthersLineItems" ns2:to="ferc_DemandChargesRevenueTransmissionOfElectricityForOthers" ns2:type="arc" />
        <ns0:loc ns2:href="../../ferc-core_2021-01-01.xsd#ferc_EnergyChargesRevenueTransmissionOfElectricityForOthers" ns2:label="ferc_EnergyChargesRevenueTransmissionOfElectricityForOthers" ns2:type="locator" />
        <ns0:definitionArc order="14" ns2:arcrole="http://xbrl.org/int/dim/arcrole/domain-member" ns2:from="ferc_TransmissionOfElectricityForOthersLineItems" ns2:to="ferc_EnergyChargesRevenueTransmissionOfElectricityForOthers" ns2:type="arc" />
        <ns0:loc ns2:href="../../ferc-core_2021-01-01.xsd#ferc_OtherChargesRevenueTransmissionOfElectricityForOthers" ns2:label="ferc_OtherChargesRevenueTransmissionOfElectricityForOthers" ns2:type="locator" />
        <ns0:definitionArc order="15" ns2:arcrole="http://xbrl.org/int/dim/arcrole/domain-member" ns2:from="ferc_TransmissionOfElectricityForOthersLineItems" ns2:to="ferc_OtherChargesRevenueTransmissionOfElectricityForOthers" ns2:type="arc" />
        <ns0:loc ns2:href="../../ferc-core_2021-01-01.xsd#ferc_RevenuesFromTransmissionOfElectricityForOthers" ns2:label="ferc_RevenuesFromTransmissionOfElectricityForOthers" ns2:type="locator" />
        <ns0:definitionArc order="16" ns2:arcrole="http://xbrl.org/int/dim/arcrole/domain-member" ns2:from="ferc_TransmissionOfElectricityForOthersLineItems" ns2:to="ferc_RevenuesFromTransmissionOfElectricityForOthers" ns2:type="arc" />
    </ns0:definitionLink>
    <ns0:definitionLink ns2:role="http://ferc.gov/form/2020-01-01/roles/Schedule/F1/TransmissioOfElectricityForOthersTotals" ns2:type="extended">
        <ns0:loc ns2:href="../../ferc-core_2021-01-01.xsd#ferc_ScheduleTransmissionOfElectricityForOthersAbstract" ns2:label="ferc_ScheduleTransmissionOfElectricityForOthersAbstract" ns2:type="locator" />
        <ns0:loc ns2:href="../../ferc-core_2021-01-01.xsd#ferc_TransmissionOfElectricityForOthersLineItems" ns2:label="ferc_TransmissionOfElectricityForOthersLineItems" ns2:type="locator" />
        <ns0:definitionArc order="1" ns2:arcrole="http://xbrl.org/int/dim/arcrole/domain-member" ns2:from="ferc_ScheduleTransmissionOfElectricityForOthersAbstract" ns2:to="ferc_TransmissionOfElectricityForOthersLineItems" ns2:type="arc" />
        <ns0:loc ns2:href="../../ferc-core_2021-01-01.xsd#ferc_TransmissionOfElectricityForOthersTable" ns2:label="ferc_TransmissionOfElectricityForOthersTable" ns2:type="locator" />
        <ns0:definitionArc order="1" ns2:arcrole="http://xbrl.org/int/dim/arcrole/all" ns2:from="ferc_TransmissionOfElectricityForOthersLineItems" ns2:to="ferc_TransmissionOfElectricityForOthersTable" ns2:type="arc" ns3:closed="true" ns3:contextElement="segment" />
        <ns0:loc ns2:href="../../ferc-core_2021-01-01.xsd#ferc_BillingDemand" ns2:label="ferc_BillingDemand" ns2:type="locator" />
        <ns0:definitionArc order="2" ns2:arcrole="http://xbrl.org/int/dim/arcrole/domain-member" ns2:from="ferc_TransmissionOfElectricityForOthersLineItems" ns2:to="ferc_BillingDemand" ns2:type="arc" />
        <ns0:loc ns2:href="../../ferc-core_2021-01-01.xsd#ferc_TransmissionOfElectricityForOthersEnergyReceived" ns2:label="ferc_TransmissionOfElectricityForOthersEnergyReceived" ns2:type="locator" />
        <ns0:definitionArc order="3" ns2:arcrole="http://xbrl.org/int/dim/arcrole/domain-member" ns2:from="ferc_TransmissionOfElectricityForOthersLineItems" ns2:to="ferc_TransmissionOfElectricityForOthersEnergyReceived" ns2:type="arc" />
        <ns0:loc ns2:href="../../ferc-core_2021-01-01.xsd#ferc_TransmissionOfElectricityForOthersEnergyDelivered" ns2:label="ferc_TransmissionOfElectricityForOthersEnergyDelivered" ns2:type="locator" />
        <ns0:definitionArc order="4" ns2:arcrole="http://xbrl.org/int/dim/arcrole/domain-member" ns2:from="ferc_TransmissionOfElectricityForOthersLineItems" ns2:to="ferc_TransmissionOfElectricityForOthersEnergyDelivered" ns2:type="arc" />
        <ns0:loc ns2:href="../../ferc-core_2021-01-01.xsd#ferc_DemandChargesRevenueTransmissionOfElectricityForOthers" ns2:label="ferc_DemandChargesRevenueTransmissionOfElectricityForOthers" ns2:type="locator" />
        <ns0:definitionArc order="5" ns2:arcrole="http://xbrl.org/int/dim/arcrole/domain-member" ns2:from="ferc_TransmissionOfElectricityForOthersLineItems" ns2:to="ferc_DemandChargesRevenueTransmissionOfElectricityForOthers" ns2:type="arc" />
        <ns0:loc ns2:href="../../ferc-core_2021-01-01.xsd#ferc_EnergyChargesRevenueTransmissionOfElectricityForOthers" ns2:label="ferc_EnergyChargesRevenueTransmissionOfElectricityForOthers" ns2:type="locator" />
        <ns0:definitionArc order="6" ns2:arcrole="http://xbrl.org/int/dim/arcrole/domain-member" ns2:from="ferc_TransmissionOfElectricityForOthersLineItems" ns2:to="ferc_EnergyChargesRevenueTransmissionOfElectricityForOthers" ns2:type="arc" />
        <ns0:loc ns2:href="../../ferc-core_2021-01-01.xsd#ferc_OtherChargesRevenueTransmissionOfElectricityForOthers" ns2:label="ferc_OtherChargesRevenueTransmissionOfElectricityForOthers" ns2:type="locator" />
        <ns0:definitionArc order="7" ns2:arcrole="http://xbrl.org/int/dim/arcrole/domain-member" ns2:from="ferc_TransmissionOfElectricityForOthersLineItems" ns2:to="ferc_OtherChargesRevenueTransmissionOfElectricityForOthers" ns2:type="arc" />
        <ns0:loc ns2:href="../../ferc-core_2021-01-01.xsd#ferc_RevenuesFromTransmissionOfElectricityForOthers" ns2:label="ferc_RevenuesFromTransmissionOfElectricityForOthers" ns2:type="locator" />
        <ns0:definitionArc order="8" ns2:arcrole="http://xbrl.org/int/dim/arcrole/domain-member" ns2:from="ferc_TransmissionOfElectricityForOthersLineItems" ns2:to="ferc_RevenuesFromTransmissionOfElectricityForOthers" ns2:type="arc" />
    </ns0:definitionLink>
    <ns0:definitionLink ns2:role="http://ferc.gov/form/2020-01-01/roles/Schedule/F1/TransmissioOfElectricityForOthers" ns2:type="extended" />
    <ns0:definitionLink ns2:role="http://ferc.gov/form/2020-01-01/roles/Schedule/F1/TransmissioOfElectricityForOthersTotals" ns2:type="extended" />
</ns0:linkbase>