<ns0:linkbase xmlns:ns0="http://www.xbrl.org/2003/linkbase" xmlns:ns2="http://www.w3.org/1999/xlink" xmlns:xsi="http://www.w3.org/2001/XMLSchema-instance" xsi:schemaLocation="http://www.xbrl.org/2003/linkbase http://www.xbrl.org/2003/xbrl-linkbase-2003-12-31.xsd">
    <ns0:roleRef roleURI="http://ferc.gov/form/2020-01-01/roles/Schedule/F1/FactorsUsedInEstimatingDepreciationChargesSectionC" ns2:href="form-1-sched-SummaryOfDepreciationAndAmortization_2021-01-01.xsd#roleType_FactorsUsedInEstimatingDepreciationChargesSectionC" ns2:type="simple" />
    <ns0:roleRef roleURI="http://ferc.gov/form/2020-01-01/roles/Schedule/F1/BasisForAmortizationChangesSectionB" ns2:href="form-1-sched-SummaryOfDepreciationAndAmortization_2021-01-01.xsd#roleType_BasisForAmortizationChangesSectionB" ns2:type="simple" />
    <ns0:roleRef roleURI="http://ferc.gov/form/2020-01-01/roles/Schedule/F1/SummaryOfDepreciationAndAmortizationChargesSectionA" ns2:href="form-1-sched-SummaryOfDepreciationAndAmortization_2021-01-01.xsd#roleType_SummaryOfDepreciationAndAmortizationChargesSectionA" ns2:type="simple" />
    <ns0:roleRef roleURI="http://ferc.gov/form/2020-01-01/roles/label/F1Total" ns2:href="../../ferc-core-lab-roles_2021-01-01.xsd#F1Total" ns2:type="simple" />
    <ns0:roleRef roleURI="http://ferc.gov/form/2020-01-01/roles/label/F1DepreciationAndAmortizationOfElectricPlant" ns2:href="../../ferc-core-lab-roles_2021-01-01.xsd#F1DepreciationAndAmortizationOfElectricPlant" ns2:type="simple" />
    <ns0:presentationLink ns2:role="http://ferc.gov/form/2020-01-01/roles/Schedule/F1/SummaryOfDepreciationAndAmortizationChargesSectionA" ns2:type="extended">
        <ns0:loc ns2:href="../../ferc-core_2021-01-01.xsd#ferc_ScheduleDepreciationDepletionAndAmortizationAbstract" ns2:label="ferc_ScheduleDepreciationDepletionAndAmortizationAbstract" ns2:type="locator" />
        <ns0:loc ns2:href="../../ferc-core_2021-01-01.xsd#ferc_DepreciationDepletionAndAmortizationChargesTable" ns2:label="ferc_DepreciationDepletionAndAmortizationChargesTable" ns2:type="locator" />
        <ns0:presentationArc order="1" ns2:arcrole="http://www.xbrl.org/2003/arcrole/parent-child" ns2:from="ferc_ScheduleDepreciationDepletionAndAmortizationAbstract" ns2:to="ferc_DepreciationDepletionAndAmortizationChargesTable" ns2:type="arc" />
        <ns0:loc ns2:href="../../ferc-core_2021-01-01.xsd#ferc_UtilityTypeAxis" ns2:label="ferc_UtilityTypeAxis" ns2:type="locator" />
        <ns0:presentationArc order="1" ns2:arcrole="http://www.xbrl.org/2003/arcrole/parent-child" ns2:from="ferc_DepreciationDepletionAndAmortizationChargesTable" ns2:to="ferc_UtilityTypeAxis" ns2:type="arc" />
        <ns0:loc ns2:href="../../ferc-core_2021-01-01.xsd#ferc_UtilityTypeDomain" ns2:label="ferc_UtilityTypeDomain" ns2:type="locator" />
        <ns0:presentationArc order="1" ns2:arcrole="http://www.xbrl.org/2003/arcrole/parent-child" ns2:from="ferc_UtilityTypeAxis" ns2:to="ferc_UtilityTypeDomain" ns2:type="arc" />
        <ns0:loc ns2:href="../../ferc-core_2021-01-01.xsd#ferc_ElectricUtilityMember" ns2:label="ferc_ElectricUtilityMember" ns2:type="locator" />
        <ns0:presentationArc order="1" ns2:arcrole="http://www.xbrl.org/2003/arcrole/parent-child" ns2:from="ferc_UtilityTypeDomain" ns2:to="ferc_ElectricUtilityMember" ns2:type="arc" />
        <ns0:loc ns2:href="../../ferc-core_2021-01-01.xsd#ferc_FunctionalClassificationAxis" ns2:label="ferc_FunctionalClassificationAxis" ns2:type="locator" />
        <ns0:presentationArc order="2" ns2:arcrole="http://www.xbrl.org/2003/arcrole/parent-child" ns2:from="ferc_DepreciationDepletionAndAmortizationChargesTable" ns2:to="ferc_FunctionalClassificationAxis" ns2:type="arc" />
        <ns0:loc ns2:href="../../ferc-core_2021-01-01.xsd#ferc_FunctionalClassificationDomain" ns2:label="ferc_FunctionalClassificationDomain" ns2:type="locator" />
        <ns0:presentationArc order="1" preferredLabel="http://ferc.gov/form/2020-01-01/roles/label/F1DepreciationAndAmortizationOfElectricPlant" ns2:arcrole="http://www.xbrl.org/2003/arcrole/parent-child" ns2:from="ferc_FunctionalClassificationAxis" ns2:to="ferc_FunctionalClassificationDomain" ns2:type="arc" />
        <ns0:loc ns2:href="../../ferc-core_2021-01-01.xsd#ferc_IntangiblePlantMember" ns2:label="ferc_IntangiblePlantMember" ns2:type="locator" />
        <ns0:presentationArc order="1" preferredLabel="http://ferc.gov/form/2020-01-01/roles/label/F1DepreciationAndAmortizationOfElectricPlant" ns2:arcrole="http://www.xbrl.org/2003/arcrole/parent-child" ns2:from="ferc_FunctionalClassificationDomain" ns2:to="ferc_IntangiblePlantMember" ns2:type="arc" />
        <ns0:loc ns2:href="../../ferc-core_2021-01-01.xsd#ferc_SteamProductionPlantMember" ns2:label="ferc_SteamProductionPlantMember" ns2:type="locator" />
        <ns0:presentationArc order="2" preferredLabel="http://ferc.gov/form/2020-01-01/roles/label/F1DepreciationAndAmortizationOfElectricPlant" ns2:arcrole="http://www.xbrl.org/2003/arcrole/parent-child" ns2:from="ferc_FunctionalClassificationDomain" ns2:to="ferc_SteamProductionPlantMember" ns2:type="arc" />
        <ns0:loc ns2:href="../../ferc-core_2021-01-01.xsd#ferc_NuclearProductionPlantMember" ns2:label="ferc_NuclearProductionPlantMember" ns2:type="locator" />
        <ns0:presentationArc order="3" preferredLabel="http://ferc.gov/form/2020-01-01/roles/label/F1DepreciationAndAmortizationOfElectricPlant" ns2:arcrole="http://www.xbrl.org/2003/arcrole/parent-child" ns2:from="ferc_FunctionalClassificationDomain" ns2:to="ferc_NuclearProductionPlantMember" ns2:type="arc" />
        <ns0:loc ns2:href="../../ferc-core_2021-01-01.xsd#ferc_HydraulicProductionPlantConventionalMember" ns2:label="ferc_HydraulicProductionPlantConventionalMember" ns2:type="locator" />
        <ns0:presentationArc order="4" preferredLabel="http://ferc.gov/form/2020-01-01/roles/label/F1DepreciationAndAmortizationOfElectricPlant" ns2:arcrole="http://www.xbrl.org/2003/arcrole/parent-child" ns2:from="ferc_FunctionalClassificationDomain" ns2:to="ferc_HydraulicProductionPlantConventionalMember" ns2:type="arc" />
        <ns0:loc ns2:href="../../ferc-core_2021-01-01.xsd#ferc_HydraulicProductionPlantPumpedStorageMember" ns2:label="ferc_HydraulicProductionPlantPumpedStorageMember" ns2:type="locator" />
        <ns0:presentationArc order="5" preferredLabel="http://ferc.gov/form/2020-01-01/roles/label/F1DepreciationAndAmortizationOfElectricPlant" ns2:arcrole="http://www.xbrl.org/2003/arcrole/parent-child" ns2:from="ferc_FunctionalClassificationDomain" ns2:to="ferc_HydraulicProductionPlantPumpedStorageMember" ns2:type="arc" />
        <ns0:loc ns2:href="../../ferc-core_2021-01-01.xsd#ferc_OtherProductionPlantMember" ns2:label="ferc_OtherProductionPlantMember" ns2:type="locator" />
        <ns0:presentationArc order="6" preferredLabel="http://ferc.gov/form/2020-01-01/roles/label/F1DepreciationAndAmortizationOfElectricPlant" ns2:arcrole="http://www.xbrl.org/2003/arcrole/parent-child" ns2:from="ferc_FunctionalClassificationDomain" ns2:to="ferc_OtherProductionPlantMember" ns2:type="arc" />
        <ns0:loc ns2:href="../../ferc-core_2021-01-01.xsd#ferc_TransmissionPlantMember" ns2:label="ferc_TransmissionPlantMember" ns2:type="locator" />
        <ns0:presentationArc order="7" preferredLabel="http://ferc.gov/form/2020-01-01/roles/label/F1DepreciationAndAmortizationOfElectricPlant" ns2:arcrole="http://www.xbrl.org/2003/arcrole/parent-child" ns2:from="ferc_FunctionalClassificationDomain" ns2:to="ferc_TransmissionPlantMember" ns2:type="arc" />
        <ns0:loc ns2:href="../../ferc-core_2021-01-01.xsd#ferc_DistributionPlantMember" ns2:label="ferc_DistributionPlantMember" ns2:type="locator" />
        <ns0:presentationArc order="8" preferredLabel="http://ferc.gov/form/2020-01-01/roles/label/F1DepreciationAndAmortizationOfElectricPlant" ns2:arcrole="http://www.xbrl.org/2003/arcrole/parent-child" ns2:from="ferc_FunctionalClassificationDomain" ns2:to="ferc_DistributionPlantMember" ns2:type="arc" />
        <ns0:loc ns2:href="../../ferc-core_2021-01-01.xsd#ferc_RegionalTransmissionAndMarketOperationMember" ns2:label="ferc_RegionalTransmissionAndMarketOperationMember" ns2:type="locator" />
        <ns0:presentationArc order="9" preferredLabel="http://ferc.gov/form/2020-01-01/roles/label/F1DepreciationAndAmortizationOfElectricPlant" ns2:arcrole="http://www.xbrl.org/2003/arcrole/parent-child" ns2:from="ferc_FunctionalClassificationDomain" ns2:to="ferc_RegionalTransmissionAndMarketOperationMember" ns2:type="arc" />
        <ns0:loc ns2:href="../../ferc-core_2021-01-01.xsd#ferc_GeneralPlantMember" ns2:label="ferc_GeneralPlantMember" ns2:type="locator" />
        <ns0:presentationArc order="10" preferredLabel="http://ferc.gov/form/2020-01-01/roles/label/F1DepreciationAndAmortizationOfElectricPlant" ns2:arcrole="http://www.xbrl.org/2003/arcrole/parent-child" ns2:from="ferc_FunctionalClassificationDomain" ns2:to="ferc_GeneralPlantMember" ns2:type="arc" />
        <ns0:loc ns2:href="../../ferc-core_2021-01-01.xsd#ferc_CommonPlantElectricMember" ns2:label="ferc_CommonPlantElectricMember" ns2:type="locator" />
        <ns0:presentationArc order="11" preferredLabel="http://ferc.gov/form/2020-01-01/roles/label/F1DepreciationAndAmortizationOfElectricPlant" ns2:arcrole="http://www.xbrl.org/2003/arcrole/parent-child" ns2:from="ferc_FunctionalClassificationDomain" ns2:to="ferc_CommonPlantElectricMember" ns2:type="arc" />
        <ns0:loc ns2:href="../../ferc-core_2021-01-01.xsd#ferc_DepreciationDepletionAndAmortizationChargesLineItems" ns2:label="ferc_DepreciationDepletionAndAmortizationChargesLineItems" ns2:type="locator" />
        <ns0:presentationArc order="3" ns2:arcrole="http://www.xbrl.org/2003/arcrole/parent-child" ns2:from="ferc_DepreciationDepletionAndAmortizationChargesTable" ns2:to="ferc_DepreciationDepletionAndAmortizationChargesLineItems" ns2:type="arc" />
        <ns0:loc ns2:href="../../ferc-core_2021-01-01.xsd#ferc_DepreciationExpenseExcludingAmortizationOfAcquisitionAdjustments" ns2:label="ferc_DepreciationExpenseExcludingAmortizationOfAcquisitionAdjustments" ns2:type="locator" />
        <ns0:presentationArc order="1" preferredLabel="http://ferc.gov/form/2020-01-01/roles/label/F1DepreciationAndAmortizationOfElectricPlant" ns2:arcrole="http://www.xbrl.org/2003/arcrole/parent-child" ns2:from="ferc_DepreciationDepletionAndAmortizationChargesLineItems" ns2:to="ferc_DepreciationExpenseExcludingAmortizationOfAcquisitionAdjustments" ns2:type="arc" />
        <ns0:loc ns2:href="../../ferc-core_2021-01-01.xsd#ferc_DepreciationExpenseForAssetRetirementCostsExcludingAmortizationgOfAcquisitionAdjustments" ns2:label="ferc_DepreciationExpenseForAssetRetirementCostsExcludingAmortizationgOfAcquisitionAdjustments" ns2:type="locator" />
        <ns0:presentationArc order="2" preferredLabel="http://ferc.gov/form/2020-01-01/roles/label/F1DepreciationAndAmortizationOfElectricPlant" ns2:arcrole="http://www.xbrl.org/2003/arcrole/parent-child" ns2:from="ferc_DepreciationDepletionAndAmortizationChargesLineItems" ns2:to="ferc_DepreciationExpenseForAssetRetirementCostsExcludingAmortizationgOfAcquisitionAdjustments" ns2:type="arc" />
        <ns0:loc ns2:href="../../ferc-core_2021-01-01.xsd#ferc_AmortizationOfLimitedTermPlantOrProperty" ns2:label="ferc_AmortizationOfLimitedTermPlantOrProperty" ns2:type="locator" />
        <ns0:presentationArc order="3" preferredLabel="http://ferc.gov/form/2020-01-01/roles/label/F1DepreciationAndAmortizationOfElectricPlant" ns2:arcrole="http://www.xbrl.org/2003/arcrole/parent-child" ns2:from="ferc_DepreciationDepletionAndAmortizationChargesLineItems" ns2:to="ferc_AmortizationOfLimitedTermPlantOrProperty" ns2:type="arc" />
        <ns0:loc ns2:href="../../ferc-core_2021-01-01.xsd#ferc_AmortizationOfOtherElectricPlant" ns2:label="ferc_AmortizationOfOtherElectricPlant" ns2:type="locator" />
        <ns0:presentationArc order="4" preferredLabel="http://ferc.gov/form/2020-01-01/roles/label/F1DepreciationAndAmortizationOfElectricPlant" ns2:arcrole="http://www.xbrl.org/2003/arcrole/parent-child" ns2:from="ferc_DepreciationDepletionAndAmortizationChargesLineItems" ns2:to="ferc_AmortizationOfOtherElectricPlant" ns2:type="arc" />
        <ns0:loc ns2:href="../../ferc-core_2021-01-01.xsd#ferc_DepreciationAndAmortization" ns2:label="ferc_DepreciationAndAmortization" ns2:type="locator" />
        <ns0:presentationArc order="5" preferredLabel="http://ferc.gov/form/2020-01-01/roles/label/F1Total" ns2:arcrole="http://www.xbrl.org/2003/arcrole/parent-child" ns2:from="ferc_DepreciationDepletionAndAmortizationChargesLineItems" ns2:to="ferc_DepreciationAndAmortization" ns2:type="arc" />
    </ns0:presentationLink>
    <ns0:presentationLink ns2:role="http://ferc.gov/form/2020-01-01/roles/Schedule/F1/BasisForAmortizationChangesSectionB" ns2:type="extended">
        <ns0:loc ns2:href="../../ferc-core_2021-01-01.xsd#ferc_ScheduleBasisForAmortizationChangesAbstract" ns2:label="ferc_ScheduleBasisForAmortizationChangesAbstract" ns2:type="locator" />
        <ns0:loc ns2:href="../../ferc-core_2021-01-01.xsd#ferc_BasisAmortizationCharges" ns2:label="ferc_BasisAmortizationCharges" ns2:type="locator" />
        <ns0:presentationArc order="1" preferredLabel="http://ferc.gov/form/2020-01-01/roles/label/F1DepreciationAndAmortizationOfElectricPlant" ns2:arcrole="http://www.xbrl.org/2003/arcrole/parent-child" ns2:from="ferc_ScheduleBasisForAmortizationChangesAbstract" ns2:to="ferc_BasisAmortizationCharges" ns2:type="arc" />
    </ns0:presentationLink>
    <ns0:presentationLink ns2:role="http://ferc.gov/form/2020-01-01/roles/Schedule/F1/FactorsUsedInEstimatingDepreciationChargesSectionC" ns2:type="extended">
        <ns0:loc ns2:href="../../ferc-core_2021-01-01.xsd#ferc_ScheduleFactorsUsedInEstimatingDepreciationChargesAbstract" ns2:label="ferc_ScheduleFactorsUsedInEstimatingDepreciationChargesAbstract" ns2:type="locator" />
        <ns0:loc ns2:href="../../ferc-core_2021-01-01.xsd#ferc_DepreciationDepletionAndAmortizationChargesTable" ns2:label="ferc_DepreciationDepletionAndAmortizationChargesTable" ns2:type="locator" />
        <ns0:presentationArc order="1" ns2:arcrole="http://www.xbrl.org/2003/arcrole/parent-child" ns2:from="ferc_ScheduleFactorsUsedInEstimatingDepreciationChargesAbstract" ns2:to="ferc_DepreciationDepletionAndAmortizationChargesTable" ns2:type="arc" />
        <ns0:loc ns2:href="../../ferc-core_2021-01-01.xsd#ferc_EstimatedDepreciationChargesFactorsAxis" ns2:label="ferc_EstimatedDepreciationChargesFactorsAxis" ns2:type="locator" />
        <ns0:presentationArc order="1" ns2:arcrole="http://www.xbrl.org/2003/arcrole/parent-child" ns2:from="ferc_DepreciationDepletionAndAmortizationChargesTable" ns2:to="ferc_EstimatedDepreciationChargesFactorsAxis" ns2:type="arc" />
        <ns0:loc ns2:href="../../ferc-core_2021-01-01.xsd#ferc_DepreciationDepletionAndAmortizationChargesLineItems" ns2:label="ferc_DepreciationDepletionAndAmortizationChargesLineItems" ns2:type="locator" />
        <ns0:presentationArc order="2" ns2:arcrole="http://www.xbrl.org/2003/arcrole/parent-child" ns2:from="ferc_DepreciationDepletionAndAmortizationChargesTable" ns2:to="ferc_DepreciationDepletionAndAmortizationChargesLineItems" ns2:type="arc" />
        <ns0:loc ns2:href="../../ferc-core_2021-01-01.xsd#ferc_OrderNumber" ns2:label="ferc_OrderNumber" ns2:type="locator" />
        <ns0:presentationArc order="1" ns2:arcrole="http://www.xbrl.org/2003/arcrole/parent-child" ns2:from="ferc_DepreciationDepletionAndAmortizationChargesLineItems" ns2:to="ferc_OrderNumber" ns2:type="arc" />
        <ns0:loc ns2:href="../../ferc-core_2021-01-01.xsd#ferc_AccountNumberFactorsUsedInEstimatingDepreciationCharges" ns2:label="ferc_AccountNumberFactorsUsedInEstimatingDepreciationCharges" ns2:type="locator" />
        <ns0:presentationArc order="2" preferredLabel="http://ferc.gov/form/2020-01-01/roles/label/F1DepreciationAndAmortizationOfElectricPlant" ns2:arcrole="http://www.xbrl.org/2003/arcrole/parent-child" ns2:from="ferc_DepreciationDepletionAndAmortizationChargesLineItems" ns2:to="ferc_AccountNumberFactorsUsedInEstimatingDepreciationCharges" ns2:type="arc" />
        <ns0:loc ns2:href="../../ferc-core_2021-01-01.xsd#ferc_DepreciablePlantBase" ns2:label="ferc_DepreciablePlantBase" ns2:type="locator" />
        <ns0:presentationArc order="3" preferredLabel="http://ferc.gov/form/2020-01-01/roles/label/F1DepreciationAndAmortizationOfElectricPlant" ns2:arcrole="http://www.xbrl.org/2003/arcrole/parent-child" ns2:from="ferc_DepreciationDepletionAndAmortizationChargesLineItems" ns2:to="ferc_DepreciablePlantBase" ns2:type="arc" />
        <ns0:loc ns2:href="../../ferc-core_2021-01-01.xsd#ferc_UtilityPlantEstimatedAverageServiceLife" ns2:label="ferc_UtilityPlantEstimatedAverageServiceLife" ns2:type="locator" />
        <ns0:presentationArc order="4" preferredLabel="http://ferc.gov/form/2020-01-01/roles/label/F1DepreciationAndAmortizationOfElectricPlant" ns2:arcrole="http://www.xbrl.org/2003/arcrole/parent-child" ns2:from="ferc_DepreciationDepletionAndAmortizationChargesLineItems" ns2:to="ferc_UtilityPlantEstimatedAverageServiceLife" ns2:type="arc" />
        <ns0:loc ns2:href="../../ferc-core_2021-01-01.xsd#ferc_UtilityPlantNetSalvageValuePercentage" ns2:label="ferc_UtilityPlantNetSalvageValuePercentage" ns2:type="locator" />
        <ns0:presentationArc order="5" preferredLabel="http://ferc.gov/form/2020-01-01/roles/label/F1DepreciationAndAmortizationOfElectricPlant" ns2:arcrole="http://www.xbrl.org/2003/arcrole/parent-child" ns2:from="ferc_DepreciationDepletionAndAmortizationChargesLineItems" ns2:to="ferc_UtilityPlantNetSalvageValuePercentage" ns2:type="arc" />
        <ns0:loc ns2:href="../../ferc-core_2021-01-01.xsd#ferc_UtilityPlantAppliedDepreciationRate" ns2:label="ferc_UtilityPlantAppliedDepreciationRate" ns2:type="locator" />
        <ns0:presentationArc order="6" preferredLabel="http://ferc.gov/form/2020-01-01/roles/label/F1DepreciationAndAmortizationOfElectricPlant" ns2:arcrole="http://www.xbrl.org/2003/arcrole/parent-child" ns2:from="ferc_DepreciationDepletionAndAmortizationChargesLineItems" ns2:to="ferc_UtilityPlantAppliedDepreciationRate" ns2:type="arc" />
        <ns0:loc ns2:href="../../ferc-core_2021-01-01.xsd#ferc_MortalityCurveType" ns2:label="ferc_MortalityCurveType" ns2:type="locator" />
        <ns0:presentationArc order="7" preferredLabel="http://ferc.gov/form/2020-01-01/roles/label/F1DepreciationAndAmortizationOfElectricPlant" ns2:arcrole="http://www.xbrl.org/2003/arcrole/parent-child" ns2:from="ferc_DepreciationDepletionAndAmortizationChargesLineItems" ns2:to="ferc_MortalityCurveType" ns2:type="arc" />
        <ns0:loc ns2:href="../../ferc-core_2021-01-01.xsd#ferc_UtilityPlantWeightedAverageRemainingLife" ns2:label="ferc_UtilityPlantWeightedAverageRemainingLife" ns2:type="locator" />
        <ns0:presentationArc order="8" preferredLabel="http://ferc.gov/form/2020-01-01/roles/label/F1DepreciationAndAmortizationOfElectricPlant" ns2:arcrole="http://www.xbrl.org/2003/arcrole/parent-child" ns2:from="ferc_DepreciationDepletionAndAmortizationChargesLineItems" ns2:to="ferc_UtilityPlantWeightedAverageRemainingLife" ns2:type="arc" />
    </ns0:presentationLink>
</ns0:linkbase>