<ns0:linkbase xmlns:ns0="http://www.xbrl.org/2003/linkbase" xmlns:ns2="http://www.w3.org/1999/xlink" xmlns:xsi="http://www.w3.org/2001/XMLSchema-instance" xsi:schemaLocation="http://www.xbrl.org/2003/linkbase http://www.xbrl.org/2003/xbrl-linkbase-2003-12-31.xsd">
    <ns0:roleRef roleURI="http://ferc.gov/form/2020-01-01/roles/Schedule/F1/OtherPaidInCapitalDonations" ns2:href="form-1-sched-OtherPaidInCapital_2021-01-01.xsd#roleType_OtherPaidInCapitalDonations" ns2:type="simple" />
    <ns0:roleRef roleURI="http://ferc.gov/form/2020-01-01/roles/label/F1OtherPaidInCapital" ns2:href="../../ferc-core-lab-roles_2021-01-01.xsd#F1OtherPaidInCapital" ns2:type="simple" />
    <ns0:roleRef roleURI="http://ferc.gov/form/2020-01-01/roles/Schedule/F1/OtherPaidInCapitalReduction" ns2:href="form-1-sched-OtherPaidInCapital_2021-01-01.xsd#roleType_OtherPaidInCapitalReduction" ns2:type="simple" />
    <ns0:roleRef roleURI="http://ferc.gov/form/2020-01-01/roles/label/F1EndingBalance" ns2:href="../../ferc-core-lab-roles_2021-01-01.xsd#F1EndingBalance" ns2:type="simple" />
    <ns0:roleRef roleURI="http://ferc.gov/form/2020-01-01/roles/Schedule/F1/OtherPaidInCapitalMiscellaneous" ns2:href="form-1-sched-OtherPaidInCapital_2021-01-01.xsd#roleType_OtherPaidInCapitalMiscellaneous" ns2:type="simple" />
    <ns0:roleRef roleURI="http://ferc.gov/form/2020-01-01/roles/label/F1BeginningBalance" ns2:href="../../ferc-core-lab-roles_2021-01-01.xsd#F1BeginningBalance" ns2:type="simple" />
    <ns0:roleRef roleURI="http://ferc.gov/form/2020-01-01/roles/Schedule/F1/OtherPaidInCapitalRequiredCapitalStock" ns2:href="form-1-sched-OtherPaidInCapital_2021-01-01.xsd#roleType_OtherPaidInCapitalRequiredCapitalStock" ns2:type="simple" />
    <ns0:roleRef roleURI="http://ferc.gov/form/2020-01-01/roles/Schedule/F1/OtherPaidInCapitalTotal" ns2:href="form-1-sched-OtherPaidInCapital_2021-01-01.xsd#roleType_OtherPaidInCapitalTotal" ns2:type="simple" />
    <ns0:roleRef roleURI="http://ferc.gov/form/2020-01-01/roles/Schedule/F1/OtherPaidInCapital" ns2:href="form-1-sched-OtherPaidInCapital_2021-01-01.xsd#roleType_OtherPaidInCapital" ns2:type="simple" />
    <ns0:roleRef roleURI="http://ferc.gov/form/2020-01-01/roles/label/F1Total" ns2:href="../../ferc-core-lab-roles_2021-01-01.xsd#F1Total" ns2:type="simple" />
    <ns0:presentationLink ns2:role="http://ferc.gov/form/2020-01-01/roles/Schedule/F1/OtherPaidInCapitalTotal" ns2:type="extended">
        <ns0:loc ns2:href="../../ferc-core_2021-01-01.xsd#ferc_ScheduleOtherPaidInCapitalAbstract" ns2:label="ferc_ScheduleOtherPaidInCapitalAbstract" ns2:type="locator" />
        <ns0:loc ns2:href="../../ferc-core_2021-01-01.xsd#ferc_OtherPaidInCapitalTable" ns2:label="ferc_OtherPaidInCapitalTable" ns2:type="locator" />
        <ns0:presentationArc order="1" ns2:arcrole="http://www.xbrl.org/2003/arcrole/parent-child" ns2:from="ferc_ScheduleOtherPaidInCapitalAbstract" ns2:to="ferc_OtherPaidInCapitalTable" ns2:type="arc" />
        <ns0:loc ns2:href="../../ferc-core_2021-01-01.xsd#ferc_OtherPaidInCapitalLineItems" ns2:label="ferc_OtherPaidInCapitalLineItems" ns2:type="locator" />
        <ns0:presentationArc order="1" ns2:arcrole="http://www.xbrl.org/2003/arcrole/parent-child" ns2:from="ferc_OtherPaidInCapitalTable" ns2:to="ferc_OtherPaidInCapitalLineItems" ns2:type="arc" />
        <ns0:loc ns2:href="../../ferc-core_2021-01-01.xsd#ferc_DonationsReceivedFromStockholdersAbstract" ns2:label="ferc_DonationsReceivedFromStockholdersAbstract" ns2:type="locator" />
        <ns0:presentationArc order="1" preferredLabel="http://ferc.gov/form/2020-01-01/roles/label/F1OtherPaidInCapital" ns2:arcrole="http://www.xbrl.org/2003/arcrole/parent-child" ns2:from="ferc_OtherPaidInCapitalLineItems" ns2:to="ferc_DonationsReceivedFromStockholdersAbstract" ns2:type="arc" />
        <ns0:loc ns2:href="../../ferc-core_2021-01-01.xsd#ferc_DonationsReceivedFromStockholders" ns2:label="ferc_DonationsReceivedFromStockholders" ns2:type="locator" />
        <ns0:presentationArc order="1" preferredLabel="http://ferc.gov/form/2020-01-01/roles/label/F1BeginningBalance" ns2:arcrole="http://www.xbrl.org/2003/arcrole/parent-child" ns2:from="ferc_DonationsReceivedFromStockholdersAbstract" ns2:to="ferc_DonationsReceivedFromStockholders" ns2:type="arc" />
        <ns0:loc ns2:href="../../ferc-core_2021-01-01.xsd#ferc_IncreasesDecreasesFromSalesOfDonationsReceivedFromStockholders" ns2:label="ferc_IncreasesDecreasesFromSalesOfDonationsReceivedFromStockholders" ns2:type="locator" />
        <ns0:presentationArc order="2" ns2:arcrole="http://www.xbrl.org/2003/arcrole/parent-child" ns2:from="ferc_DonationsReceivedFromStockholdersAbstract" ns2:to="ferc_IncreasesDecreasesFromSalesOfDonationsReceivedFromStockholders" ns2:type="arc" />
        <ns0:loc ns2:href="../../ferc-core_2021-01-01.xsd#ferc_DonationsReceivedFromStockholders" ns2:label="ferc_DonationsReceivedFromStockholders_1" ns2:type="locator" />
        <ns0:presentationArc order="3" preferredLabel="http://ferc.gov/form/2020-01-01/roles/label/F1EndingBalance" ns2:arcrole="http://www.xbrl.org/2003/arcrole/parent-child" ns2:from="ferc_DonationsReceivedFromStockholdersAbstract" ns2:to="ferc_DonationsReceivedFromStockholders_1" ns2:type="arc" />
        <ns0:loc ns2:href="../../ferc-core_2021-01-01.xsd#ferc_ReductionInParOrStatedValueOfCapitalStockAbstract" ns2:label="ferc_ReductionInParOrStatedValueOfCapitalStockAbstract" ns2:type="locator" />
        <ns0:presentationArc order="2" preferredLabel="http://ferc.gov/form/2020-01-01/roles/label/F1OtherPaidInCapital" ns2:arcrole="http://www.xbrl.org/2003/arcrole/parent-child" ns2:from="ferc_OtherPaidInCapitalLineItems" ns2:to="ferc_ReductionInParOrStatedValueOfCapitalStockAbstract" ns2:type="arc" />
        <ns0:loc ns2:href="../../ferc-core_2021-01-01.xsd#ferc_ReductionInParOrStatedValueOfCapitalStock" ns2:label="ferc_ReductionInParOrStatedValueOfCapitalStock" ns2:type="locator" />
        <ns0:presentationArc order="1" preferredLabel="http://ferc.gov/form/2020-01-01/roles/label/F1BeginningBalance" ns2:arcrole="http://www.xbrl.org/2003/arcrole/parent-child" ns2:from="ferc_ReductionInParOrStatedValueOfCapitalStockAbstract" ns2:to="ferc_ReductionInParOrStatedValueOfCapitalStock" ns2:type="arc" />
        <ns0:loc ns2:href="../../ferc-core_2021-01-01.xsd#ferc_IncreasesDecreasesDueToReductionsInParOrStatedValueOfCapitalStock" ns2:label="ferc_IncreasesDecreasesDueToReductionsInParOrStatedValueOfCapitalStock" ns2:type="locator" />
        <ns0:presentationArc order="2" ns2:arcrole="http://www.xbrl.org/2003/arcrole/parent-child" ns2:from="ferc_ReductionInParOrStatedValueOfCapitalStockAbstract" ns2:to="ferc_IncreasesDecreasesDueToReductionsInParOrStatedValueOfCapitalStock" ns2:type="arc" />
        <ns0:loc ns2:href="../../ferc-core_2021-01-01.xsd#ferc_ReductionInParOrStatedValueOfCapitalStock" ns2:label="ferc_ReductionInParOrStatedValueOfCapitalStock_1" ns2:type="locator" />
        <ns0:presentationArc order="3" preferredLabel="http://ferc.gov/form/2020-01-01/roles/label/F1EndingBalance" ns2:arcrole="http://www.xbrl.org/2003/arcrole/parent-child" ns2:from="ferc_ReductionInParOrStatedValueOfCapitalStockAbstract" ns2:to="ferc_ReductionInParOrStatedValueOfCapitalStock_1" ns2:type="arc" />
        <ns0:loc ns2:href="../../ferc-core_2021-01-01.xsd#ferc_GainOrResaleOrCancellationOfReacquiredCapitalStockAbstract" ns2:label="ferc_GainOrResaleOrCancellationOfReacquiredCapitalStockAbstract" ns2:type="locator" />
        <ns0:presentationArc order="3" preferredLabel="http://ferc.gov/form/2020-01-01/roles/label/F1OtherPaidInCapital" ns2:arcrole="http://www.xbrl.org/2003/arcrole/parent-child" ns2:from="ferc_OtherPaidInCapitalLineItems" ns2:to="ferc_GainOrResaleOrCancellationOfReacquiredCapitalStockAbstract" ns2:type="arc" />
        <ns0:loc ns2:href="../../ferc-core_2021-01-01.xsd#ferc_GainOnResaleOrCancellationOfReacquiredCapitalStock" ns2:label="ferc_GainOnResaleOrCancellationOfReacquiredCapitalStock" ns2:type="locator" />
        <ns0:presentationArc order="1" preferredLabel="http://ferc.gov/form/2020-01-01/roles/label/F1BeginningBalance" ns2:arcrole="http://www.xbrl.org/2003/arcrole/parent-child" ns2:from="ferc_GainOrResaleOrCancellationOfReacquiredCapitalStockAbstract" ns2:to="ferc_GainOnResaleOrCancellationOfReacquiredCapitalStock" ns2:type="arc" />
        <ns0:loc ns2:href="../../ferc-core_2021-01-01.xsd#ferc_IncreasesDecreasesFromGainOrResaleOrCancellationOfReacquiredCapitalStock" ns2:label="ferc_IncreasesDecreasesFromGainOrResaleOrCancellationOfReacquiredCapitalStock" ns2:type="locator" />
        <ns0:presentationArc order="2" ns2:arcrole="http://www.xbrl.org/2003/arcrole/parent-child" ns2:from="ferc_GainOrResaleOrCancellationOfReacquiredCapitalStockAbstract" ns2:to="ferc_IncreasesDecreasesFromGainOrResaleOrCancellationOfReacquiredCapitalStock" ns2:type="arc" />
        <ns0:loc ns2:href="../../ferc-core_2021-01-01.xsd#ferc_GainOnResaleOrCancellationOfReacquiredCapitalStock" ns2:label="ferc_GainOnResaleOrCancellationOfReacquiredCapitalStock_1" ns2:type="locator" />
        <ns0:presentationArc order="3" preferredLabel="http://ferc.gov/form/2020-01-01/roles/label/F1EndingBalance" ns2:arcrole="http://www.xbrl.org/2003/arcrole/parent-child" ns2:from="ferc_GainOrResaleOrCancellationOfReacquiredCapitalStockAbstract" ns2:to="ferc_GainOnResaleOrCancellationOfReacquiredCapitalStock_1" ns2:type="arc" />
        <ns0:loc ns2:href="../../ferc-core_2021-01-01.xsd#ferc_MiscellaneousPaidInCapitalAbstract" ns2:label="ferc_MiscellaneousPaidInCapitalAbstract" ns2:type="locator" />
        <ns0:presentationArc order="4" preferredLabel="http://ferc.gov/form/2020-01-01/roles/label/F1OtherPaidInCapital" ns2:arcrole="http://www.xbrl.org/2003/arcrole/parent-child" ns2:from="ferc_OtherPaidInCapitalLineItems" ns2:to="ferc_MiscellaneousPaidInCapitalAbstract" ns2:type="arc" />
        <ns0:loc ns2:href="../../ferc-core_2021-01-01.xsd#ferc_MiscellaneousPaidInCapital" ns2:label="ferc_MiscellaneousPaidInCapital" ns2:type="locator" />
        <ns0:presentationArc order="1" preferredLabel="http://ferc.gov/form/2020-01-01/roles/label/F1BeginningBalance" ns2:arcrole="http://www.xbrl.org/2003/arcrole/parent-child" ns2:from="ferc_MiscellaneousPaidInCapitalAbstract" ns2:to="ferc_MiscellaneousPaidInCapital" ns2:type="arc" />
        <ns0:loc ns2:href="../../ferc-core_2021-01-01.xsd#ferc_IncreasesDecreasesDueToMiscellaneousPaidInCapital" ns2:label="ferc_IncreasesDecreasesDueToMiscellaneousPaidInCapital" ns2:type="locator" />
        <ns0:presentationArc order="2" ns2:arcrole="http://www.xbrl.org/2003/arcrole/parent-child" ns2:from="ferc_MiscellaneousPaidInCapitalAbstract" ns2:to="ferc_IncreasesDecreasesDueToMiscellaneousPaidInCapital" ns2:type="arc" />
        <ns0:loc ns2:href="../../ferc-core_2021-01-01.xsd#ferc_MiscellaneousPaidInCapital" ns2:label="ferc_MiscellaneousPaidInCapital_1" ns2:type="locator" />
        <ns0:presentationArc order="3" preferredLabel="http://ferc.gov/form/2020-01-01/roles/label/F1EndingBalance" ns2:arcrole="http://www.xbrl.org/2003/arcrole/parent-child" ns2:from="ferc_MiscellaneousPaidInCapitalAbstract" ns2:to="ferc_MiscellaneousPaidInCapital_1" ns2:type="arc" />
        <ns0:loc ns2:href="../../ferc-core_2021-01-01.xsd#ferc_OtherPaidInCapitalAbstract" ns2:label="ferc_OtherPaidInCapitalAbstract" ns2:type="locator" />
        <ns0:presentationArc order="5" preferredLabel="http://ferc.gov/form/2020-01-01/roles/label/F1OtherPaidInCapital" ns2:arcrole="http://www.xbrl.org/2003/arcrole/parent-child" ns2:from="ferc_OtherPaidInCapitalLineItems" ns2:to="ferc_OtherPaidInCapitalAbstract" ns2:type="arc" />
        <ns0:loc ns2:href="../../ferc-core_2021-01-01.xsd#ferc_OtherPaidInCapitalDetail" ns2:label="ferc_OtherPaidInCapitalDetail" ns2:type="locator" />
        <ns0:presentationArc order="1" preferredLabel="http://ferc.gov/form/2020-01-01/roles/label/F1BeginningBalance" ns2:arcrole="http://www.xbrl.org/2003/arcrole/parent-child" ns2:from="ferc_OtherPaidInCapitalAbstract" ns2:to="ferc_OtherPaidInCapitalDetail" ns2:type="arc" />
        <ns0:loc ns2:href="../../ferc-core_2021-01-01.xsd#ferc_IncreasesDecreasesInOtherPaidInCapital" ns2:label="ferc_IncreasesDecreasesInOtherPaidInCapital" ns2:type="locator" />
        <ns0:presentationArc order="2" ns2:arcrole="http://www.xbrl.org/2003/arcrole/parent-child" ns2:from="ferc_OtherPaidInCapitalAbstract" ns2:to="ferc_IncreasesDecreasesInOtherPaidInCapital" ns2:type="arc" />
        <ns0:loc ns2:href="../../ferc-core_2021-01-01.xsd#ferc_OtherPaidInCapitalDetail" ns2:label="ferc_OtherPaidInCapitalDetail_1" ns2:type="locator" />
        <ns0:presentationArc order="3" preferredLabel="http://ferc.gov/form/2020-01-01/roles/label/F1EndingBalance" ns2:arcrole="http://www.xbrl.org/2003/arcrole/parent-child" ns2:from="ferc_OtherPaidInCapitalAbstract" ns2:to="ferc_OtherPaidInCapitalDetail_1" ns2:type="arc" />
        <ns0:loc ns2:href="../../ferc-core_2021-01-01.xsd#ferc_OtherPaidInCapital" ns2:label="ferc_OtherPaidInCapital" ns2:type="locator" />
        <ns0:presentationArc order="6" preferredLabel="http://ferc.gov/form/2020-01-01/roles/label/F1Total" ns2:arcrole="http://www.xbrl.org/2003/arcrole/parent-child" ns2:from="ferc_OtherPaidInCapitalLineItems" ns2:to="ferc_OtherPaidInCapital" ns2:type="arc" />
    </ns0:presentationLink>
    <ns0:presentationLink ns2:role="http://ferc.gov/form/2020-01-01/roles/Schedule/F1/OtherPaidInCapitalDonations" ns2:type="extended">
        <ns0:loc ns2:href="../../ferc-core_2021-01-01.xsd#ferc_ScheduleOtherPaidInCapitalAbstract" ns2:label="ferc_ScheduleOtherPaidInCapitalAbstract" ns2:type="locator" />
        <ns0:loc ns2:href="../../ferc-core_2021-01-01.xsd#ferc_OtherPaidInCapitalTable" ns2:label="ferc_OtherPaidInCapitalTable" ns2:type="locator" />
        <ns0:presentationArc order="1" ns2:arcrole="http://www.xbrl.org/2003/arcrole/parent-child" ns2:from="ferc_ScheduleOtherPaidInCapitalAbstract" ns2:to="ferc_OtherPaidInCapitalTable" ns2:type="arc" />
        <ns0:loc ns2:href="../../ferc-core_2021-01-01.xsd#ferc_DonationsReceivedFromStockholdersAxis" ns2:label="ferc_DonationsReceivedFromStockholdersAxis" ns2:type="locator" />
        <ns0:presentationArc order="1" ns2:arcrole="http://www.xbrl.org/2003/arcrole/parent-child" ns2:from="ferc_OtherPaidInCapitalTable" ns2:to="ferc_DonationsReceivedFromStockholdersAxis" ns2:type="arc" />
        <ns0:loc ns2:href="../../ferc-core_2021-01-01.xsd#ferc_OtherPaidInCapitalLineItems" ns2:label="ferc_OtherPaidInCapitalLineItems" ns2:type="locator" />
        <ns0:presentationArc order="2" ns2:arcrole="http://www.xbrl.org/2003/arcrole/parent-child" ns2:from="ferc_OtherPaidInCapitalTable" ns2:to="ferc_OtherPaidInCapitalLineItems" ns2:type="arc" />
        <ns0:loc ns2:href="../../ferc-core_2021-01-01.xsd#ferc_OrderNumber" ns2:label="ferc_OrderNumber" ns2:type="locator" />
        <ns0:presentationArc order="1" ns2:arcrole="http://www.xbrl.org/2003/arcrole/parent-child" ns2:from="ferc_OtherPaidInCapitalLineItems" ns2:to="ferc_OrderNumber" ns2:type="arc" />
        <ns0:loc ns2:href="../../ferc-core_2021-01-01.xsd#ferc_OtherPaidInCapitalDescription" ns2:label="ferc_OtherPaidInCapitalDescription" ns2:type="locator" />
        <ns0:presentationArc order="2" preferredLabel="http://ferc.gov/form/2020-01-01/roles/label/F1OtherPaidInCapital" ns2:arcrole="http://www.xbrl.org/2003/arcrole/parent-child" ns2:from="ferc_OtherPaidInCapitalLineItems" ns2:to="ferc_OtherPaidInCapitalDescription" ns2:type="arc" />
        <ns0:loc ns2:href="../../ferc-core_2021-01-01.xsd#ferc_DonationsReceivedFromStockholdersAbstract" ns2:label="ferc_DonationsReceivedFromStockholdersAbstract" ns2:type="locator" />
        <ns0:presentationArc order="3" preferredLabel="http://ferc.gov/form/2020-01-01/roles/label/F1OtherPaidInCapital" ns2:arcrole="http://www.xbrl.org/2003/arcrole/parent-child" ns2:from="ferc_OtherPaidInCapitalLineItems" ns2:to="ferc_DonationsReceivedFromStockholdersAbstract" ns2:type="arc" />
        <ns0:loc ns2:href="../../ferc-core_2021-01-01.xsd#ferc_IncreasesDecreasesFromSalesOfDonationsReceivedFromStockholders" ns2:label="ferc_IncreasesDecreasesFromSalesOfDonationsReceivedFromStockholders" ns2:type="locator" />
        <ns0:presentationArc order="1" preferredLabel="http://ferc.gov/form/2020-01-01/roles/label/F1OtherPaidInCapital" ns2:arcrole="http://www.xbrl.org/2003/arcrole/parent-child" ns2:from="ferc_DonationsReceivedFromStockholdersAbstract" ns2:to="ferc_IncreasesDecreasesFromSalesOfDonationsReceivedFromStockholders" ns2:type="arc" />
    </ns0:presentationLink>
    <ns0:presentationLink ns2:role="http://ferc.gov/form/2020-01-01/roles/Schedule/F1/OtherPaidInCapitalReduction" ns2:type="extended">
        <ns0:loc ns2:href="../../ferc-core_2021-01-01.xsd#ferc_ScheduleOtherPaidInCapitalAbstract" ns2:label="ferc_ScheduleOtherPaidInCapitalAbstract" ns2:type="locator" />
        <ns0:loc ns2:href="../../ferc-core_2021-01-01.xsd#ferc_OtherPaidInCapitalTable" ns2:label="ferc_OtherPaidInCapitalTable" ns2:type="locator" />
        <ns0:presentationArc order="1" ns2:arcrole="http://www.xbrl.org/2003/arcrole/parent-child" ns2:from="ferc_ScheduleOtherPaidInCapitalAbstract" ns2:to="ferc_OtherPaidInCapitalTable" ns2:type="arc" />
        <ns0:loc ns2:href="../../ferc-core_2021-01-01.xsd#ferc_ReductionInParOrStatedValueOfCapitalStockAxis" ns2:label="ferc_ReductionInParOrStatedValueOfCapitalStockAxis" ns2:type="locator" />
        <ns0:presentationArc order="1" ns2:arcrole="http://www.xbrl.org/2003/arcrole/parent-child" ns2:from="ferc_OtherPaidInCapitalTable" ns2:to="ferc_ReductionInParOrStatedValueOfCapitalStockAxis" ns2:type="arc" />
        <ns0:loc ns2:href="../../ferc-core_2021-01-01.xsd#ferc_OtherPaidInCapitalLineItems" ns2:label="ferc_OtherPaidInCapitalLineItems" ns2:type="locator" />
        <ns0:presentationArc order="2" ns2:arcrole="http://www.xbrl.org/2003/arcrole/parent-child" ns2:from="ferc_OtherPaidInCapitalTable" ns2:to="ferc_OtherPaidInCapitalLineItems" ns2:type="arc" />
        <ns0:loc ns2:href="../../ferc-core_2021-01-01.xsd#ferc_OrderNumber" ns2:label="ferc_OrderNumber" ns2:type="locator" />
        <ns0:presentationArc order="1" ns2:arcrole="http://www.xbrl.org/2003/arcrole/parent-child" ns2:from="ferc_OtherPaidInCapitalLineItems" ns2:to="ferc_OrderNumber" ns2:type="arc" />
        <ns0:loc ns2:href="../../ferc-core_2021-01-01.xsd#ferc_OtherPaidInCapitalDescription" ns2:label="ferc_OtherPaidInCapitalDescription" ns2:type="locator" />
        <ns0:presentationArc order="2" preferredLabel="http://ferc.gov/form/2020-01-01/roles/label/F1OtherPaidInCapital" ns2:arcrole="http://www.xbrl.org/2003/arcrole/parent-child" ns2:from="ferc_OtherPaidInCapitalLineItems" ns2:to="ferc_OtherPaidInCapitalDescription" ns2:type="arc" />
        <ns0:loc ns2:href="../../ferc-core_2021-01-01.xsd#ferc_ReductionInParOrStatedValueOfCapitalStockAbstract" ns2:label="ferc_ReductionInParOrStatedValueOfCapitalStockAbstract" ns2:type="locator" />
        <ns0:presentationArc order="3" preferredLabel="http://ferc.gov/form/2020-01-01/roles/label/F1OtherPaidInCapital" ns2:arcrole="http://www.xbrl.org/2003/arcrole/parent-child" ns2:from="ferc_OtherPaidInCapitalLineItems" ns2:to="ferc_ReductionInParOrStatedValueOfCapitalStockAbstract" ns2:type="arc" />
        <ns0:loc ns2:href="../../ferc-core_2021-01-01.xsd#ferc_IncreasesDecreasesDueToReductionsInParOrStatedValueOfCapitalStock" ns2:label="ferc_IncreasesDecreasesDueToReductionsInParOrStatedValueOfCapitalStock" ns2:type="locator" />
        <ns0:presentationArc order="1" preferredLabel="http://ferc.gov/form/2020-01-01/roles/label/F1OtherPaidInCapital" ns2:arcrole="http://www.xbrl.org/2003/arcrole/parent-child" ns2:from="ferc_ReductionInParOrStatedValueOfCapitalStockAbstract" ns2:to="ferc_IncreasesDecreasesDueToReductionsInParOrStatedValueOfCapitalStock" ns2:type="arc" />
    </ns0:presentationLink>
    <ns0:presentationLink ns2:role="http://ferc.gov/form/2020-01-01/roles/Schedule/F1/OtherPaidInCapitalRequiredCapitalStock" ns2:type="extended">
        <ns0:loc ns2:href="../../ferc-core_2021-01-01.xsd#ferc_ScheduleOtherPaidInCapitalAbstract" ns2:label="ferc_ScheduleOtherPaidInCapitalAbstract" ns2:type="locator" />
        <ns0:loc ns2:href="../../ferc-core_2021-01-01.xsd#ferc_OtherPaidInCapitalTable" ns2:label="ferc_OtherPaidInCapitalTable" ns2:type="locator" />
        <ns0:presentationArc order="1" ns2:arcrole="http://www.xbrl.org/2003/arcrole/parent-child" ns2:from="ferc_ScheduleOtherPaidInCapitalAbstract" ns2:to="ferc_OtherPaidInCapitalTable" ns2:type="arc" />
        <ns0:loc ns2:href="../../ferc-core_2021-01-01.xsd#ferc_GainOnResaleOrCancellationOfReacquiredCapitalStockAxis" ns2:label="ferc_GainOnResaleOrCancellationOfReacquiredCapitalStockAxis" ns2:type="locator" />
        <ns0:presentationArc order="1" ns2:arcrole="http://www.xbrl.org/2003/arcrole/parent-child" ns2:from="ferc_OtherPaidInCapitalTable" ns2:to="ferc_GainOnResaleOrCancellationOfReacquiredCapitalStockAxis" ns2:type="arc" />
        <ns0:loc ns2:href="../../ferc-core_2021-01-01.xsd#ferc_OtherPaidInCapitalLineItems" ns2:label="ferc_OtherPaidInCapitalLineItems" ns2:type="locator" />
        <ns0:presentationArc order="2" ns2:arcrole="http://www.xbrl.org/2003/arcrole/parent-child" ns2:from="ferc_OtherPaidInCapitalTable" ns2:to="ferc_OtherPaidInCapitalLineItems" ns2:type="arc" />
        <ns0:loc ns2:href="../../ferc-core_2021-01-01.xsd#ferc_OrderNumber" ns2:label="ferc_OrderNumber" ns2:type="locator" />
        <ns0:presentationArc order="1" ns2:arcrole="http://www.xbrl.org/2003/arcrole/parent-child" ns2:from="ferc_OtherPaidInCapitalLineItems" ns2:to="ferc_OrderNumber" ns2:type="arc" />
        <ns0:loc ns2:href="../../ferc-core_2021-01-01.xsd#ferc_OtherPaidInCapitalDescription" ns2:label="ferc_OtherPaidInCapitalDescription" ns2:type="locator" />
        <ns0:presentationArc order="2" preferredLabel="http://ferc.gov/form/2020-01-01/roles/label/F1OtherPaidInCapital" ns2:arcrole="http://www.xbrl.org/2003/arcrole/parent-child" ns2:from="ferc_OtherPaidInCapitalLineItems" ns2:to="ferc_OtherPaidInCapitalDescription" ns2:type="arc" />
        <ns0:loc ns2:href="../../ferc-core_2021-01-01.xsd#ferc_GainOrResaleOrCancellationOfReacquiredCapitalStockAbstract" ns2:label="ferc_GainOrResaleOrCancellationOfReacquiredCapitalStockAbstract" ns2:type="locator" />
        <ns0:presentationArc order="3" preferredLabel="http://ferc.gov/form/2020-01-01/roles/label/F1OtherPaidInCapital" ns2:arcrole="http://www.xbrl.org/2003/arcrole/parent-child" ns2:from="ferc_OtherPaidInCapitalLineItems" ns2:to="ferc_GainOrResaleOrCancellationOfReacquiredCapitalStockAbstract" ns2:type="arc" />
        <ns0:loc ns2:href="../../ferc-core_2021-01-01.xsd#ferc_IncreasesDecreasesFromGainOrResaleOrCancellationOfReacquiredCapitalStock" ns2:label="ferc_IncreasesDecreasesFromGainOrResaleOrCancellationOfReacquiredCapitalStock" ns2:type="locator" />
        <ns0:presentationArc order="1" preferredLabel="http://ferc.gov/form/2020-01-01/roles/label/F1OtherPaidInCapital" ns2:arcrole="http://www.xbrl.org/2003/arcrole/parent-child" ns2:from="ferc_GainOrResaleOrCancellationOfReacquiredCapitalStockAbstract" ns2:to="ferc_IncreasesDecreasesFromGainOrResaleOrCancellationOfReacquiredCapitalStock" ns2:type="arc" />
    </ns0:presentationLink>
    <ns0:presentationLink ns2:role="http://ferc.gov/form/2020-01-01/roles/Schedule/F1/OtherPaidInCapitalMiscellaneous" ns2:type="extended">
        <ns0:loc ns2:href="../../ferc-core_2021-01-01.xsd#ferc_ScheduleOtherPaidInCapitalAbstract" ns2:label="ferc_ScheduleOtherPaidInCapitalAbstract" ns2:type="locator" />
        <ns0:loc ns2:href="../../ferc-core_2021-01-01.xsd#ferc_OtherPaidInCapitalTable" ns2:label="ferc_OtherPaidInCapitalTable" ns2:type="locator" />
        <ns0:presentationArc order="1" ns2:arcrole="http://www.xbrl.org/2003/arcrole/parent-child" ns2:from="ferc_ScheduleOtherPaidInCapitalAbstract" ns2:to="ferc_OtherPaidInCapitalTable" ns2:type="arc" />
        <ns0:loc ns2:href="../../ferc-core_2021-01-01.xsd#ferc_MiscellaneousPaidInCapitalAxis" ns2:label="ferc_MiscellaneousPaidInCapitalAxis" ns2:type="locator" />
        <ns0:presentationArc order="1" ns2:arcrole="http://www.xbrl.org/2003/arcrole/parent-child" ns2:from="ferc_OtherPaidInCapitalTable" ns2:to="ferc_MiscellaneousPaidInCapitalAxis" ns2:type="arc" />
        <ns0:loc ns2:href="../../ferc-core_2021-01-01.xsd#ferc_OtherPaidInCapitalLineItems" ns2:label="ferc_OtherPaidInCapitalLineItems" ns2:type="locator" />
        <ns0:presentationArc order="2" ns2:arcrole="http://www.xbrl.org/2003/arcrole/parent-child" ns2:from="ferc_OtherPaidInCapitalTable" ns2:to="ferc_OtherPaidInCapitalLineItems" ns2:type="arc" />
        <ns0:loc ns2:href="../../ferc-core_2021-01-01.xsd#ferc_OrderNumber" ns2:label="ferc_OrderNumber" ns2:type="locator" />
        <ns0:presentationArc order="1" ns2:arcrole="http://www.xbrl.org/2003/arcrole/parent-child" ns2:from="ferc_OtherPaidInCapitalLineItems" ns2:to="ferc_OrderNumber" ns2:type="arc" />
        <ns0:loc ns2:href="../../ferc-core_2021-01-01.xsd#ferc_OtherPaidInCapitalDescription" ns2:label="ferc_OtherPaidInCapitalDescription" ns2:type="locator" />
        <ns0:presentationArc order="2" preferredLabel="http://ferc.gov/form/2020-01-01/roles/label/F1OtherPaidInCapital" ns2:arcrole="http://www.xbrl.org/2003/arcrole/parent-child" ns2:from="ferc_OtherPaidInCapitalLineItems" ns2:to="ferc_OtherPaidInCapitalDescription" ns2:type="arc" />
        <ns0:loc ns2:href="../../ferc-core_2021-01-01.xsd#ferc_MiscellaneousPaidInCapitalAbstract" ns2:label="ferc_MiscellaneousPaidInCapitalAbstract" ns2:type="locator" />
        <ns0:presentationArc order="3" preferredLabel="http://ferc.gov/form/2020-01-01/roles/label/F1OtherPaidInCapital" ns2:arcrole="http://www.xbrl.org/2003/arcrole/parent-child" ns2:from="ferc_OtherPaidInCapitalLineItems" ns2:to="ferc_MiscellaneousPaidInCapitalAbstract" ns2:type="arc" />
        <ns0:loc ns2:href="../../ferc-core_2021-01-01.xsd#ferc_IncreasesDecreasesDueToMiscellaneousPaidInCapital" ns2:label="ferc_IncreasesDecreasesDueToMiscellaneousPaidInCapital" ns2:type="locator" />
        <ns0:presentationArc order="1" preferredLabel="http://ferc.gov/form/2020-01-01/roles/label/F1OtherPaidInCapital" ns2:arcrole="http://www.xbrl.org/2003/arcrole/parent-child" ns2:from="ferc_MiscellaneousPaidInCapitalAbstract" ns2:to="ferc_IncreasesDecreasesDueToMiscellaneousPaidInCapital" ns2:type="arc" />
    </ns0:presentationLink>
    <ns0:presentationLink ns2:role="http://ferc.gov/form/2020-01-01/roles/Schedule/F1/OtherPaidInCapital" ns2:type="extended">
        <ns0:loc ns2:href="../../ferc-core_2021-01-01.xsd#ferc_ScheduleOtherPaidInCapitalAbstract" ns2:label="ferc_ScheduleOtherPaidInCapitalAbstract" ns2:type="locator" />
        <ns0:loc ns2:href="../../ferc-core_2021-01-01.xsd#ferc_OtherPaidInCapitalTable" ns2:label="ferc_OtherPaidInCapitalTable" ns2:type="locator" />
        <ns0:presentationArc order="1" ns2:arcrole="http://www.xbrl.org/2003/arcrole/parent-child" ns2:from="ferc_ScheduleOtherPaidInCapitalAbstract" ns2:to="ferc_OtherPaidInCapitalTable" ns2:type="arc" />
        <ns0:loc ns2:href="../../ferc-core_2021-01-01.xsd#ferc_OtherPaidInCapitalAxis" ns2:label="ferc_OtherPaidInCapitalAxis" ns2:type="locator" />
        <ns0:presentationArc order="1" ns2:arcrole="http://www.xbrl.org/2003/arcrole/parent-child" ns2:from="ferc_OtherPaidInCapitalTable" ns2:to="ferc_OtherPaidInCapitalAxis" ns2:type="arc" />
        <ns0:loc ns2:href="../../ferc-core_2021-01-01.xsd#ferc_OtherPaidInCapitalLineItems" ns2:label="ferc_OtherPaidInCapitalLineItems" ns2:type="locator" />
        <ns0:presentationArc order="2" ns2:arcrole="http://www.xbrl.org/2003/arcrole/parent-child" ns2:from="ferc_OtherPaidInCapitalTable" ns2:to="ferc_OtherPaidInCapitalLineItems" ns2:type="arc" />
        <ns0:loc ns2:href="../../ferc-core_2021-01-01.xsd#ferc_OrderNumber" ns2:label="ferc_OrderNumber" ns2:type="locator" />
        <ns0:presentationArc order="1" ns2:arcrole="http://www.xbrl.org/2003/arcrole/parent-child" ns2:from="ferc_OtherPaidInCapitalLineItems" ns2:to="ferc_OrderNumber" ns2:type="arc" />
        <ns0:loc ns2:href="../../ferc-core_2021-01-01.xsd#ferc_OtherPaidInCapitalDescription" ns2:label="ferc_OtherPaidInCapitalDescription" ns2:type="locator" />
        <ns0:presentationArc order="2" preferredLabel="http://ferc.gov/form/2020-01-01/roles/label/F1OtherPaidInCapital" ns2:arcrole="http://www.xbrl.org/2003/arcrole/parent-child" ns2:from="ferc_OtherPaidInCapitalLineItems" ns2:to="ferc_OtherPaidInCapitalDescription" ns2:type="arc" />
        <ns0:loc ns2:href="../../ferc-core_2021-01-01.xsd#ferc_OtherPaidInCapitalAbstract" ns2:label="ferc_OtherPaidInCapitalAbstract" ns2:type="locator" />
        <ns0:presentationArc order="3" preferredLabel="http://ferc.gov/form/2020-01-01/roles/label/F1OtherPaidInCapital" ns2:arcrole="http://www.xbrl.org/2003/arcrole/parent-child" ns2:from="ferc_OtherPaidInCapitalLineItems" ns2:to="ferc_OtherPaidInCapitalAbstract" ns2:type="arc" />
        <ns0:loc ns2:href="../../ferc-core_2021-01-01.xsd#ferc_IncreasesDecreasesInOtherPaidInCapital" ns2:label="ferc_IncreasesDecreasesInOtherPaidInCapital" ns2:type="locator" />
        <ns0:presentationArc order="1" preferredLabel="http://ferc.gov/form/2020-01-01/roles/label/F1OtherPaidInCapital" ns2:arcrole="http://www.xbrl.org/2003/arcrole/parent-child" ns2:from="ferc_OtherPaidInCapitalAbstract" ns2:to="ferc_IncreasesDecreasesInOtherPaidInCapital" ns2:type="arc" />
    </ns0:presentationLink>
</ns0:linkbase>