<ns0:linkbase xmlns:ns0="http://www.xbrl.org/2003/linkbase" xmlns:ns2="http://www.w3.org/1999/xlink" xmlns:ns3="http://xbrl.org/2005/xbrldt" xmlns:xsi="http://www.w3.org/2001/XMLSchema-instance" xsi:schemaLocation="http://www.xbrl.org/2003/linkbase http://www.xbrl.org/2003/xbrl-linkbase-2003-12-31.xsd">
    <ns0:roleRef roleURI="http://ferc.gov/form/2020-01-01/roles/Schedule/F1/ScheduleAllowances" ns2:href="form-1-sched-Allowances_2021-01-01.xsd#roleType_ScheduleAllowances" ns2:type="simple" />
    <ns0:arcroleRef arcroleURI="http://xbrl.org/int/dim/arcrole/dimension-domain" ns2:href="http://www.xbrl.org/2005/xbrldt-2005.xsd#dimension-domain" ns2:type="simple" />
    <ns0:roleRef roleURI="http://ferc.gov/form/2020-01-01/roles/Schedule/F1/ScheduleAllowancesOtherRelinquished" ns2:href="form-1-sched-Allowances_2021-01-01.xsd#roleType_ScheduleAllowancesOtherRelinquished" ns2:type="simple" />
    <ns0:roleRef roleURI="http://ferc.gov/form/2020-01-01/roles/Schedule/F1/ScheduleAllowancesPurchasesandTransfers" ns2:href="form-1-sched-Allowances_2021-01-01.xsd#roleType_ScheduleAllowancesPurchasesandTransfers" ns2:type="simple" />
    <ns0:arcroleRef arcroleURI="http://xbrl.org/int/dim/arcrole/dimension-default" ns2:href="http://www.xbrl.org/2005/xbrldt-2005.xsd#dimension-default" ns2:type="simple" />
    <ns0:arcroleRef arcroleURI="http://xbrl.org/int/dim/arcrole/hypercube-dimension" ns2:href="http://www.xbrl.org/2005/xbrldt-2005.xsd#hypercube-dimension" ns2:type="simple" />
    <ns0:roleRef roleURI="http://ferc.gov/form/2020-01-01/roles/Schedule/F1/ScheduleAllowancesCostofSalesandTransfers" ns2:href="form-1-sched-Allowances_2021-01-01.xsd#roleType_ScheduleAllowancesCostofSalesandTransfers" ns2:type="simple" />
    <ns0:arcroleRef arcroleURI="http://xbrl.org/int/dim/arcrole/all" ns2:href="http://www.xbrl.org/2005/xbrldt-2005.xsd#all" ns2:type="simple" />
    <ns0:arcroleRef arcroleURI="http://xbrl.org/int/dim/arcrole/domain-member" ns2:href="http://www.xbrl.org/2005/xbrldt-2005.xsd#domain-member" ns2:type="simple" />
    <ns0:definitionLink ns2:role="http://ferc.gov/form/2020-01-01/roles/Schedule/F1/ScheduleAllowances" ns2:type="extended">
        <ns0:loc ns2:href="../../ferc-core_2021-01-01.xsd#ferc_ScheduleAllowanceInventoryAbstract" ns2:label="ferc_ScheduleAllowanceInventoryAbstract" ns2:type="locator" />
        <ns0:loc ns2:href="../../ferc-core_2021-01-01.xsd#ferc_AllowancesInventoryLineItems" ns2:label="ferc_AllowancesInventoryLineItems" ns2:type="locator" />
        <ns0:definitionArc order="1" ns2:arcrole="http://xbrl.org/int/dim/arcrole/domain-member" ns2:from="ferc_ScheduleAllowanceInventoryAbstract" ns2:to="ferc_AllowancesInventoryLineItems" ns2:type="arc" />
        <ns0:loc ns2:href="../../ferc-core_2021-01-01.xsd#ferc_AllowancesInventoryTable" ns2:label="ferc_AllowancesInventoryTable" ns2:type="locator" />
        <ns0:definitionArc order="1" ns2:arcrole="http://xbrl.org/int/dim/arcrole/all" ns2:from="ferc_AllowancesInventoryLineItems" ns2:to="ferc_AllowancesInventoryTable" ns2:type="arc" ns3:closed="true" ns3:contextElement="segment" />
        <ns0:loc ns2:href="../../ferc-core_2021-01-01.xsd#ferc_EmissionTypeAxis" ns2:label="ferc_EmissionTypeAxis" ns2:type="locator" />
        <ns0:definitionArc order="1" ns2:arcrole="http://xbrl.org/int/dim/arcrole/hypercube-dimension" ns2:from="ferc_AllowancesInventoryTable" ns2:to="ferc_EmissionTypeAxis" ns2:type="arc" />
        <ns0:loc ns2:href="../../ferc-core_2021-01-01.xsd#ferc_EmissionTypeDomain" ns2:label="ferc_EmissionTypeDomain" ns2:type="locator" />
        <ns0:definitionArc order="1" ns2:arcrole="http://xbrl.org/int/dim/arcrole/dimension-domain" ns2:from="ferc_EmissionTypeAxis" ns2:to="ferc_EmissionTypeDomain" ns2:type="arc" />
        <ns0:loc ns2:href="../../ferc-core_2021-01-01.xsd#ferc_SulfurDioxideMember" ns2:label="ferc_SulfurDioxideMember" ns2:type="locator" />
        <ns0:definitionArc order="1" ns2:arcrole="http://xbrl.org/int/dim/arcrole/domain-member" ns2:from="ferc_EmissionTypeDomain" ns2:to="ferc_SulfurDioxideMember" ns2:type="arc" />
        <ns0:loc ns2:href="../../ferc-core_2021-01-01.xsd#ferc_AllowanceInventoryTimePeriodAxis" ns2:label="ferc_AllowanceInventoryTimePeriodAxis" ns2:type="locator" />
        <ns0:definitionArc order="2" ns2:arcrole="http://xbrl.org/int/dim/arcrole/hypercube-dimension" ns2:from="ferc_AllowancesInventoryTable" ns2:to="ferc_AllowanceInventoryTimePeriodAxis" ns2:type="arc" />
        <ns0:loc ns2:href="../../ferc-core_2021-01-01.xsd#ferc_AllowanceInventoryTimePeriodDomain" ns2:label="ferc_AllowanceInventoryTimePeriodDomain" ns2:type="locator" />
        <ns0:definitionArc order="1" ns2:arcrole="http://xbrl.org/int/dim/arcrole/dimension-domain" ns2:from="ferc_AllowanceInventoryTimePeriodAxis" ns2:to="ferc_AllowanceInventoryTimePeriodDomain" ns2:type="arc" />
        <ns0:loc ns2:href="../../ferc-core_2021-01-01.xsd#ferc_CurrentYearMember" ns2:label="ferc_CurrentYearMember" ns2:type="locator" />
        <ns0:definitionArc order="1" ns2:arcrole="http://xbrl.org/int/dim/arcrole/domain-member" ns2:from="ferc_AllowanceInventoryTimePeriodDomain" ns2:to="ferc_CurrentYearMember" ns2:type="arc" />
        <ns0:loc ns2:href="../../ferc-core_2021-01-01.xsd#ferc_NextTwelveMonthsMember" ns2:label="ferc_NextTwelveMonthsMember" ns2:type="locator" />
        <ns0:definitionArc order="2" ns2:arcrole="http://xbrl.org/int/dim/arcrole/domain-member" ns2:from="ferc_AllowanceInventoryTimePeriodDomain" ns2:to="ferc_NextTwelveMonthsMember" ns2:type="arc" />
        <ns0:loc ns2:href="../../ferc-core_2021-01-01.xsd#ferc_TwoYearsMember" ns2:label="ferc_TwoYearsMember" ns2:type="locator" />
        <ns0:definitionArc order="3" ns2:arcrole="http://xbrl.org/int/dim/arcrole/domain-member" ns2:from="ferc_AllowanceInventoryTimePeriodDomain" ns2:to="ferc_TwoYearsMember" ns2:type="arc" />
        <ns0:loc ns2:href="../../ferc-core_2021-01-01.xsd#ferc_ThreeYearsMember" ns2:label="ferc_ThreeYearsMember" ns2:type="locator" />
        <ns0:definitionArc order="4" ns2:arcrole="http://xbrl.org/int/dim/arcrole/domain-member" ns2:from="ferc_AllowanceInventoryTimePeriodDomain" ns2:to="ferc_ThreeYearsMember" ns2:type="arc" />
        <ns0:loc ns2:href="../../ferc-core_2021-01-01.xsd#ferc_AfterThreeYearsMember" ns2:label="ferc_AfterThreeYearsMember" ns2:type="locator" />
        <ns0:definitionArc order="5" ns2:arcrole="http://xbrl.org/int/dim/arcrole/domain-member" ns2:from="ferc_AllowanceInventoryTimePeriodDomain" ns2:to="ferc_AfterThreeYearsMember" ns2:type="arc" />
        <ns0:loc ns2:href="../../ferc-core_2021-01-01.xsd#ferc_AllowanceInventoryOverallAbstract" ns2:label="ferc_AllowanceInventoryOverallAbstract" ns2:type="locator" />
        <ns0:definitionArc order="2" ns2:arcrole="http://xbrl.org/int/dim/arcrole/domain-member" ns2:from="ferc_AllowancesInventoryLineItems" ns2:to="ferc_AllowanceInventoryOverallAbstract" ns2:type="arc" />
        <ns0:loc ns2:href="../../ferc-core_2021-01-01.xsd#ferc_AllowanceiInventoryStartAbstract" ns2:label="ferc_AllowanceiInventoryStartAbstract" ns2:type="locator" />
        <ns0:definitionArc order="1" ns2:arcrole="http://xbrl.org/int/dim/arcrole/domain-member" ns2:from="ferc_AllowanceInventoryOverallAbstract" ns2:to="ferc_AllowanceiInventoryStartAbstract" ns2:type="arc" />
        <ns0:loc ns2:href="../../ferc-core_2021-01-01.xsd#ferc_AllowanceInventoryNumber" ns2:label="ferc_AllowanceInventoryNumber" ns2:type="locator" />
        <ns0:definitionArc order="1" ns2:arcrole="http://xbrl.org/int/dim/arcrole/domain-member" ns2:from="ferc_AllowanceiInventoryStartAbstract" ns2:to="ferc_AllowanceInventoryNumber" ns2:type="arc" />
        <ns0:loc ns2:href="../../ferc-core_2021-01-01.xsd#ferc_AllowanceInventory" ns2:label="ferc_AllowanceInventory" ns2:type="locator" />
        <ns0:definitionArc order="2" ns2:arcrole="http://xbrl.org/int/dim/arcrole/domain-member" ns2:from="ferc_AllowanceiInventoryStartAbstract" ns2:to="ferc_AllowanceInventory" ns2:type="arc" />
        <ns0:loc ns2:href="../../ferc-core_2021-01-01.xsd#ferc_AllowancesAcquiredAbstract" ns2:label="ferc_AllowancesAcquiredAbstract" ns2:type="locator" />
        <ns0:definitionArc order="2" ns2:arcrole="http://xbrl.org/int/dim/arcrole/domain-member" ns2:from="ferc_AllowanceInventoryOverallAbstract" ns2:to="ferc_AllowancesAcquiredAbstract" ns2:type="arc" />
        <ns0:loc ns2:href="../../ferc-core_2021-01-01.xsd#ferc_AllowancesIssuedLessWithheldAllowancesAbstract" ns2:label="ferc_AllowancesIssuedLessWithheldAllowancesAbstract" ns2:type="locator" />
        <ns0:definitionArc order="1" ns2:arcrole="http://xbrl.org/int/dim/arcrole/domain-member" ns2:from="ferc_AllowancesAcquiredAbstract" ns2:to="ferc_AllowancesIssuedLessWithheldAllowancesAbstract" ns2:type="arc" />
        <ns0:loc ns2:href="../../ferc-core_2021-01-01.xsd#ferc_AllowancesIssuedLessWithheldAllowancesNumber" ns2:label="ferc_AllowancesIssuedLessWithheldAllowancesNumber" ns2:type="locator" />
        <ns0:definitionArc order="1" ns2:arcrole="http://xbrl.org/int/dim/arcrole/domain-member" ns2:from="ferc_AllowancesIssuedLessWithheldAllowancesAbstract" ns2:to="ferc_AllowancesIssuedLessWithheldAllowancesNumber" ns2:type="arc" />
        <ns0:loc ns2:href="../../ferc-core_2021-01-01.xsd#ferc_AllowancesIssuedLessWithheldAllowances" ns2:label="ferc_AllowancesIssuedLessWithheldAllowances" ns2:type="locator" />
        <ns0:definitionArc order="2" ns2:arcrole="http://xbrl.org/int/dim/arcrole/domain-member" ns2:from="ferc_AllowancesIssuedLessWithheldAllowancesAbstract" ns2:to="ferc_AllowancesIssuedLessWithheldAllowances" ns2:type="arc" />
        <ns0:loc ns2:href="../../ferc-core_2021-01-01.xsd#ferc_AllowancesReturnedByEnvironmentalProtectionAgencyAbstract" ns2:label="ferc_AllowancesReturnedByEnvironmentalProtectionAgencyAbstract" ns2:type="locator" />
        <ns0:definitionArc order="2" ns2:arcrole="http://xbrl.org/int/dim/arcrole/domain-member" ns2:from="ferc_AllowancesAcquiredAbstract" ns2:to="ferc_AllowancesReturnedByEnvironmentalProtectionAgencyAbstract" ns2:type="arc" />
        <ns0:loc ns2:href="../../ferc-core_2021-01-01.xsd#ferc_AllowancesReturnedByEnvironmentalProtectionAgencyNumber" ns2:label="ferc_AllowancesReturnedByEnvironmentalProtectionAgencyNumber" ns2:type="locator" />
        <ns0:definitionArc order="1" ns2:arcrole="http://xbrl.org/int/dim/arcrole/domain-member" ns2:from="ferc_AllowancesReturnedByEnvironmentalProtectionAgencyAbstract" ns2:to="ferc_AllowancesReturnedByEnvironmentalProtectionAgencyNumber" ns2:type="arc" />
        <ns0:loc ns2:href="../../ferc-core_2021-01-01.xsd#ferc_AllowancesReturnedByEnvironmentalProtectionAgency" ns2:label="ferc_AllowancesReturnedByEnvironmentalProtectionAgency" ns2:type="locator" />
        <ns0:definitionArc order="2" ns2:arcrole="http://xbrl.org/int/dim/arcrole/domain-member" ns2:from="ferc_AllowancesReturnedByEnvironmentalProtectionAgencyAbstract" ns2:to="ferc_AllowancesReturnedByEnvironmentalProtectionAgency" ns2:type="arc" />
        <ns0:loc ns2:href="../../ferc-core_2021-01-01.xsd#ferc_AllowancesInventoryPurchasesTransfersAbstract" ns2:label="ferc_AllowancesInventoryPurchasesTransfersAbstract" ns2:type="locator" />
        <ns0:definitionArc order="3" ns2:arcrole="http://xbrl.org/int/dim/arcrole/domain-member" ns2:from="ferc_AllowancesAcquiredAbstract" ns2:to="ferc_AllowancesInventoryPurchasesTransfersAbstract" ns2:type="arc" />
        <ns0:loc ns2:href="../../ferc-core_2021-01-01.xsd#ferc_AllowancesInventoryPurchasesTransfersNumber" ns2:label="ferc_AllowancesInventoryPurchasesTransfersNumber" ns2:type="locator" />
        <ns0:definitionArc order="1" ns2:arcrole="http://xbrl.org/int/dim/arcrole/domain-member" ns2:from="ferc_AllowancesInventoryPurchasesTransfersAbstract" ns2:to="ferc_AllowancesInventoryPurchasesTransfersNumber" ns2:type="arc" />
        <ns0:loc ns2:href="../../ferc-core_2021-01-01.xsd#ferc_AllowancesInventoryPurchasesTransfers" ns2:label="ferc_AllowancesInventoryPurchasesTransfers" ns2:type="locator" />
        <ns0:definitionArc order="2" ns2:arcrole="http://xbrl.org/int/dim/arcrole/domain-member" ns2:from="ferc_AllowancesInventoryPurchasesTransfersAbstract" ns2:to="ferc_AllowancesInventoryPurchasesTransfers" ns2:type="arc" />
        <ns0:loc ns2:href="../../ferc-core_2021-01-01.xsd#ferc_AllowancesRelinquishedDuringYearAbstract" ns2:label="ferc_AllowancesRelinquishedDuringYearAbstract" ns2:type="locator" />
        <ns0:definitionArc order="3" ns2:arcrole="http://xbrl.org/int/dim/arcrole/domain-member" ns2:from="ferc_AllowanceInventoryOverallAbstract" ns2:to="ferc_AllowancesRelinquishedDuringYearAbstract" ns2:type="arc" />
        <ns0:loc ns2:href="../../ferc-core_2021-01-01.xsd#ferc_ChargesToAllowancesInventoryAbstract" ns2:label="ferc_ChargesToAllowancesInventoryAbstract" ns2:type="locator" />
        <ns0:definitionArc order="1" ns2:arcrole="http://xbrl.org/int/dim/arcrole/domain-member" ns2:from="ferc_AllowancesRelinquishedDuringYearAbstract" ns2:to="ferc_ChargesToAllowancesInventoryAbstract" ns2:type="arc" />
        <ns0:loc ns2:href="../../ferc-core_2021-01-01.xsd#ferc_ChargesToAllowancesInventoryNumber" ns2:label="ferc_ChargesToAllowancesInventoryNumber" ns2:type="locator" />
        <ns0:definitionArc order="1" ns2:arcrole="http://xbrl.org/int/dim/arcrole/domain-member" ns2:from="ferc_ChargesToAllowancesInventoryAbstract" ns2:to="ferc_ChargesToAllowancesInventoryNumber" ns2:type="arc" />
        <ns0:loc ns2:href="../../ferc-core_2021-01-01.xsd#ferc_ChargesToAllowancesInventory" ns2:label="ferc_ChargesToAllowancesInventory" ns2:type="locator" />
        <ns0:definitionArc order="2" ns2:arcrole="http://xbrl.org/int/dim/arcrole/domain-member" ns2:from="ferc_ChargesToAllowancesInventoryAbstract" ns2:to="ferc_ChargesToAllowancesInventory" ns2:type="arc" />
        <ns0:loc ns2:href="../../ferc-core_2021-01-01.xsd#ferc_OtherChargesToAllowancesNumberAbstract" ns2:label="ferc_OtherChargesToAllowancesNumberAbstract" ns2:type="locator" />
        <ns0:definitionArc order="4" ns2:arcrole="http://xbrl.org/int/dim/arcrole/domain-member" ns2:from="ferc_AllowanceInventoryOverallAbstract" ns2:to="ferc_OtherChargesToAllowancesNumberAbstract" ns2:type="arc" />
        <ns0:loc ns2:href="../../ferc-core_2021-01-01.xsd#ferc_AllowancesRelinquishedOtherDescription" ns2:label="ferc_AllowancesRelinquishedOtherDescription" ns2:type="locator" />
        <ns0:definitionArc order="1" ns2:arcrole="http://xbrl.org/int/dim/arcrole/domain-member" ns2:from="ferc_OtherChargesToAllowancesNumberAbstract" ns2:to="ferc_AllowancesRelinquishedOtherDescription" ns2:type="arc" />
        <ns0:loc ns2:href="../../ferc-core_2021-01-01.xsd#ferc_AllowancesRelinquishedOtherNumber" ns2:label="ferc_AllowancesRelinquishedOtherNumber" ns2:type="locator" />
        <ns0:definitionArc order="2" ns2:arcrole="http://xbrl.org/int/dim/arcrole/domain-member" ns2:from="ferc_OtherChargesToAllowancesNumberAbstract" ns2:to="ferc_AllowancesRelinquishedOtherNumber" ns2:type="arc" />
        <ns0:loc ns2:href="../../ferc-core_2021-01-01.xsd#ferc_AllowancesRelinquishedOther" ns2:label="ferc_AllowancesRelinquishedOther" ns2:type="locator" />
        <ns0:definitionArc order="3" ns2:arcrole="http://xbrl.org/int/dim/arcrole/domain-member" ns2:from="ferc_OtherChargesToAllowancesNumberAbstract" ns2:to="ferc_AllowancesRelinquishedOther" ns2:type="arc" />
        <ns0:loc ns2:href="../../ferc-core_2021-01-01.xsd#ferc_CostOfSalesTransfersOfAllowancesAbstract" ns2:label="ferc_CostOfSalesTransfersOfAllowancesAbstract" ns2:type="locator" />
        <ns0:definitionArc order="5" ns2:arcrole="http://xbrl.org/int/dim/arcrole/domain-member" ns2:from="ferc_AllowanceInventoryOverallAbstract" ns2:to="ferc_CostOfSalesTransfersOfAllowancesAbstract" ns2:type="arc" />
        <ns0:loc ns2:href="../../ferc-core_2021-01-01.xsd#ferc_AllowancesInventorySalesTransfersAbstract" ns2:label="ferc_AllowancesInventorySalesTransfersAbstract" ns2:type="locator" />
        <ns0:definitionArc order="1" ns2:arcrole="http://xbrl.org/int/dim/arcrole/domain-member" ns2:from="ferc_CostOfSalesTransfersOfAllowancesAbstract" ns2:to="ferc_AllowancesInventorySalesTransfersAbstract" ns2:type="arc" />
        <ns0:loc ns2:href="../../ferc-core_2021-01-01.xsd#ferc_AllowancesInventorySalesTransfersNumber" ns2:label="ferc_AllowancesInventorySalesTransfersNumber" ns2:type="locator" />
        <ns0:definitionArc order="1" ns2:arcrole="http://xbrl.org/int/dim/arcrole/domain-member" ns2:from="ferc_AllowancesInventorySalesTransfersAbstract" ns2:to="ferc_AllowancesInventorySalesTransfersNumber" ns2:type="arc" />
        <ns0:loc ns2:href="../../ferc-core_2021-01-01.xsd#ferc_AllowancesInventorySalesTransfers" ns2:label="ferc_AllowancesInventorySalesTransfers" ns2:type="locator" />
        <ns0:definitionArc order="2" ns2:arcrole="http://xbrl.org/int/dim/arcrole/domain-member" ns2:from="ferc_AllowancesInventorySalesTransfersAbstract" ns2:to="ferc_AllowancesInventorySalesTransfers" ns2:type="arc" />
        <ns0:loc ns2:href="../../ferc-core_2021-01-01.xsd#ferc_AllowanceInventoryEndAbstract" ns2:label="ferc_AllowanceInventoryEndAbstract" ns2:type="locator" />
        <ns0:definitionArc order="6" ns2:arcrole="http://xbrl.org/int/dim/arcrole/domain-member" ns2:from="ferc_AllowanceInventoryOverallAbstract" ns2:to="ferc_AllowanceInventoryEndAbstract" ns2:type="arc" />
        <ns0:definitionArc order="1" ns2:arcrole="http://xbrl.org/int/dim/arcrole/domain-member" ns2:from="ferc_AllowanceInventoryEndAbstract" ns2:to="ferc_AllowanceInventoryNumber" ns2:type="arc" />
        <ns0:definitionArc order="2" ns2:arcrole="http://xbrl.org/int/dim/arcrole/domain-member" ns2:from="ferc_AllowanceInventoryEndAbstract" ns2:to="ferc_AllowanceInventory" ns2:type="arc" />
        <ns0:loc ns2:href="../../ferc-core_2021-01-01.xsd#ferc_AllowancesSalesAbstract" ns2:label="ferc_AllowancesSalesAbstract" ns2:type="locator" />
        <ns0:definitionArc order="7" ns2:arcrole="http://xbrl.org/int/dim/arcrole/domain-member" ns2:from="ferc_AllowanceInventoryOverallAbstract" ns2:to="ferc_AllowancesSalesAbstract" ns2:type="arc" />
        <ns0:loc ns2:href="../../ferc-core_2021-01-01.xsd#ferc_NetSalesProceedsFromAllowanceInventorySalesAssociatedCompanyAbstract" ns2:label="ferc_NetSalesProceedsFromAllowanceInventorySalesAssociatedCompanyAbstract" ns2:type="locator" />
        <ns0:definitionArc order="1" ns2:arcrole="http://xbrl.org/int/dim/arcrole/domain-member" ns2:from="ferc_AllowancesSalesAbstract" ns2:to="ferc_NetSalesProceedsFromAllowanceInventorySalesAssociatedCompanyAbstract" ns2:type="arc" />
        <ns0:loc ns2:href="../../ferc-core_2021-01-01.xsd#ferc_NetSalesProceedsFromAllowanceInventorySalesAssociatedCompanyNumber" ns2:label="ferc_NetSalesProceedsFromAllowanceInventorySalesAssociatedCompanyNumber" ns2:type="locator" />
        <ns0:definitionArc order="1" ns2:arcrole="http://xbrl.org/int/dim/arcrole/domain-member" ns2:from="ferc_NetSalesProceedsFromAllowanceInventorySalesAssociatedCompanyAbstract" ns2:to="ferc_NetSalesProceedsFromAllowanceInventorySalesAssociatedCompanyNumber" ns2:type="arc" />
        <ns0:loc ns2:href="../../ferc-core_2021-01-01.xsd#ferc_NetSalesProceedsFromAllowanceInventorySalesAssociatedCompany" ns2:label="ferc_NetSalesProceedsFromAllowanceInventorySalesAssociatedCompany" ns2:type="locator" />
        <ns0:definitionArc order="2" ns2:arcrole="http://xbrl.org/int/dim/arcrole/domain-member" ns2:from="ferc_NetSalesProceedsFromAllowanceInventorySalesAssociatedCompanyAbstract" ns2:to="ferc_NetSalesProceedsFromAllowanceInventorySalesAssociatedCompany" ns2:type="arc" />
        <ns0:loc ns2:href="../../ferc-core_2021-01-01.xsd#ferc_NetSalesProceedsFromAllowanceInventorySalesOtherAbstract" ns2:label="ferc_NetSalesProceedsFromAllowanceInventorySalesOtherAbstract" ns2:type="locator" />
        <ns0:definitionArc order="2" ns2:arcrole="http://xbrl.org/int/dim/arcrole/domain-member" ns2:from="ferc_AllowancesSalesAbstract" ns2:to="ferc_NetSalesProceedsFromAllowanceInventorySalesOtherAbstract" ns2:type="arc" />
        <ns0:loc ns2:href="../../ferc-core_2021-01-01.xsd#ferc_NetSalesProceedsFromAllowanceInventorySalesOtherNumber" ns2:label="ferc_NetSalesProceedsFromAllowanceInventorySalesOtherNumber" ns2:type="locator" />
        <ns0:definitionArc order="1" ns2:arcrole="http://xbrl.org/int/dim/arcrole/domain-member" ns2:from="ferc_NetSalesProceedsFromAllowanceInventorySalesOtherAbstract" ns2:to="ferc_NetSalesProceedsFromAllowanceInventorySalesOtherNumber" ns2:type="arc" />
        <ns0:loc ns2:href="../../ferc-core_2021-01-01.xsd#ferc_NetSalesProceedsFromAllowanceInventorySalesOther" ns2:label="ferc_NetSalesProceedsFromAllowanceInventorySalesOther" ns2:type="locator" />
        <ns0:definitionArc order="2" ns2:arcrole="http://xbrl.org/int/dim/arcrole/domain-member" ns2:from="ferc_NetSalesProceedsFromAllowanceInventorySalesOtherAbstract" ns2:to="ferc_NetSalesProceedsFromAllowanceInventorySalesOther" ns2:type="arc" />
        <ns0:loc ns2:href="../../ferc-core_2021-01-01.xsd#ferc_GainsFromAllowanceInventorySalesAbstract" ns2:label="ferc_GainsFromAllowanceInventorySalesAbstract" ns2:type="locator" />
        <ns0:definitionArc order="3" ns2:arcrole="http://xbrl.org/int/dim/arcrole/domain-member" ns2:from="ferc_AllowancesSalesAbstract" ns2:to="ferc_GainsFromAllowanceInventorySalesAbstract" ns2:type="arc" />
        <ns0:loc ns2:href="../../ferc-core_2021-01-01.xsd#ferc_GainsFromAllowanceInventorySalesNumber" ns2:label="ferc_GainsFromAllowanceInventorySalesNumber" ns2:type="locator" />
        <ns0:definitionArc order="1" ns2:arcrole="http://xbrl.org/int/dim/arcrole/domain-member" ns2:from="ferc_GainsFromAllowanceInventorySalesAbstract" ns2:to="ferc_GainsFromAllowanceInventorySalesNumber" ns2:type="arc" />
        <ns0:loc ns2:href="../../ferc-core_2021-01-01.xsd#ferc_GainsFromAllowanceInventorySales" ns2:label="ferc_GainsFromAllowanceInventorySales" ns2:type="locator" />
        <ns0:definitionArc order="2" ns2:arcrole="http://xbrl.org/int/dim/arcrole/domain-member" ns2:from="ferc_GainsFromAllowanceInventorySalesAbstract" ns2:to="ferc_GainsFromAllowanceInventorySales" ns2:type="arc" />
        <ns0:loc ns2:href="../../ferc-core_2021-01-01.xsd#ferc_LossesFromAllowanceInventorySalesAbstract" ns2:label="ferc_LossesFromAllowanceInventorySalesAbstract" ns2:type="locator" />
        <ns0:definitionArc order="4" ns2:arcrole="http://xbrl.org/int/dim/arcrole/domain-member" ns2:from="ferc_AllowancesSalesAbstract" ns2:to="ferc_LossesFromAllowanceInventorySalesAbstract" ns2:type="arc" />
        <ns0:loc ns2:href="../../ferc-core_2021-01-01.xsd#ferc_LossesFromAllowanceInventorySalesNumber" ns2:label="ferc_LossesFromAllowanceInventorySalesNumber" ns2:type="locator" />
        <ns0:definitionArc order="1" ns2:arcrole="http://xbrl.org/int/dim/arcrole/domain-member" ns2:from="ferc_LossesFromAllowanceInventorySalesAbstract" ns2:to="ferc_LossesFromAllowanceInventorySalesNumber" ns2:type="arc" />
        <ns0:loc ns2:href="../../ferc-core_2021-01-01.xsd#ferc_LossesFromAllowanceInventorySales" ns2:label="ferc_LossesFromAllowanceInventorySales" ns2:type="locator" />
        <ns0:definitionArc order="2" ns2:arcrole="http://xbrl.org/int/dim/arcrole/domain-member" ns2:from="ferc_LossesFromAllowanceInventorySalesAbstract" ns2:to="ferc_LossesFromAllowanceInventorySales" ns2:type="arc" />
        <ns0:loc ns2:href="../../ferc-core_2021-01-01.xsd#ferc_AllowanceWithheldOverallAbstract" ns2:label="ferc_AllowanceWithheldOverallAbstract" ns2:type="locator" />
        <ns0:definitionArc order="3" ns2:arcrole="http://xbrl.org/int/dim/arcrole/domain-member" ns2:from="ferc_AllowancesInventoryLineItems" ns2:to="ferc_AllowanceWithheldOverallAbstract" ns2:type="arc" />
        <ns0:loc ns2:href="../../ferc-core_2021-01-01.xsd#ferc_AllowanceWithheldStartAbstract" ns2:label="ferc_AllowanceWithheldStartAbstract" ns2:type="locator" />
        <ns0:definitionArc order="1" ns2:arcrole="http://xbrl.org/int/dim/arcrole/domain-member" ns2:from="ferc_AllowanceWithheldOverallAbstract" ns2:to="ferc_AllowanceWithheldStartAbstract" ns2:type="arc" />
        <ns0:loc ns2:href="../../ferc-core_2021-01-01.xsd#ferc_AllowancesWithheldNumber" ns2:label="ferc_AllowancesWithheldNumber" ns2:type="locator" />
        <ns0:definitionArc order="1" ns2:arcrole="http://xbrl.org/int/dim/arcrole/domain-member" ns2:from="ferc_AllowanceWithheldStartAbstract" ns2:to="ferc_AllowancesWithheldNumber" ns2:type="arc" />
        <ns0:loc ns2:href="../../ferc-core_2021-01-01.xsd#ferc_AllowancesWithheld" ns2:label="ferc_AllowancesWithheld" ns2:type="locator" />
        <ns0:definitionArc order="2" ns2:arcrole="http://xbrl.org/int/dim/arcrole/domain-member" ns2:from="ferc_AllowanceWithheldStartAbstract" ns2:to="ferc_AllowancesWithheld" ns2:type="arc" />
        <ns0:loc ns2:href="../../ferc-core_2021-01-01.xsd#ferc_AllowancesWithheldByEnvironmentalProtectionAgencyAbstract" ns2:label="ferc_AllowancesWithheldByEnvironmentalProtectionAgencyAbstract" ns2:type="locator" />
        <ns0:definitionArc order="3" ns2:arcrole="http://xbrl.org/int/dim/arcrole/domain-member" ns2:from="ferc_AllowanceWithheldStartAbstract" ns2:to="ferc_AllowancesWithheldByEnvironmentalProtectionAgencyAbstract" ns2:type="arc" />
        <ns0:loc ns2:href="../../ferc-core_2021-01-01.xsd#ferc_AllowancesWithheldByEnvironmentalProtectionAgencyNumber" ns2:label="ferc_AllowancesWithheldByEnvironmentalProtectionAgencyNumber" ns2:type="locator" />
        <ns0:definitionArc order="1" ns2:arcrole="http://xbrl.org/int/dim/arcrole/domain-member" ns2:from="ferc_AllowancesWithheldByEnvironmentalProtectionAgencyAbstract" ns2:to="ferc_AllowancesWithheldByEnvironmentalProtectionAgencyNumber" ns2:type="arc" />
        <ns0:loc ns2:href="../../ferc-core_2021-01-01.xsd#ferc_AllowancesWithheldByEnvironmentalProtectionAgency" ns2:label="ferc_AllowancesWithheldByEnvironmentalProtectionAgency" ns2:type="locator" />
        <ns0:definitionArc order="2" ns2:arcrole="http://xbrl.org/int/dim/arcrole/domain-member" ns2:from="ferc_AllowancesWithheldByEnvironmentalProtectionAgencyAbstract" ns2:to="ferc_AllowancesWithheldByEnvironmentalProtectionAgency" ns2:type="arc" />
        <ns0:loc ns2:href="../../ferc-core_2021-01-01.xsd#ferc_AllowancesWithheldReturnedByEnvironmentalProtectionAgencyAbstract" ns2:label="ferc_AllowancesWithheldReturnedByEnvironmentalProtectionAgencyAbstract" ns2:type="locator" />
        <ns0:definitionArc order="4" ns2:arcrole="http://xbrl.org/int/dim/arcrole/domain-member" ns2:from="ferc_AllowanceWithheldStartAbstract" ns2:to="ferc_AllowancesWithheldReturnedByEnvironmentalProtectionAgencyAbstract" ns2:type="arc" />
        <ns0:loc ns2:href="../../ferc-core_2021-01-01.xsd#ferc_AllowancesWithheldReturnedByEnvironmentalProtectionAgencyNumber" ns2:label="ferc_AllowancesWithheldReturnedByEnvironmentalProtectionAgencyNumber" ns2:type="locator" />
        <ns0:definitionArc order="1" ns2:arcrole="http://xbrl.org/int/dim/arcrole/domain-member" ns2:from="ferc_AllowancesWithheldReturnedByEnvironmentalProtectionAgencyAbstract" ns2:to="ferc_AllowancesWithheldReturnedByEnvironmentalProtectionAgencyNumber" ns2:type="arc" />
        <ns0:loc ns2:href="../../ferc-core_2021-01-01.xsd#ferc_AllowancesWithheldReturnedByEnvironmentalProtectionAgency" ns2:label="ferc_AllowancesWithheldReturnedByEnvironmentalProtectionAgency" ns2:type="locator" />
        <ns0:definitionArc order="2" ns2:arcrole="http://xbrl.org/int/dim/arcrole/domain-member" ns2:from="ferc_AllowancesWithheldReturnedByEnvironmentalProtectionAgencyAbstract" ns2:to="ferc_AllowancesWithheldReturnedByEnvironmentalProtectionAgency" ns2:type="arc" />
        <ns0:loc ns2:href="../../ferc-core_2021-01-01.xsd#ferc_AllowancesWithheldCostOfSalesAbstract" ns2:label="ferc_AllowancesWithheldCostOfSalesAbstract" ns2:type="locator" />
        <ns0:definitionArc order="5" ns2:arcrole="http://xbrl.org/int/dim/arcrole/domain-member" ns2:from="ferc_AllowanceWithheldStartAbstract" ns2:to="ferc_AllowancesWithheldCostOfSalesAbstract" ns2:type="arc" />
        <ns0:loc ns2:href="../../ferc-core_2021-01-01.xsd#ferc_AllowancesWithheldCostOfSalesNumber" ns2:label="ferc_AllowancesWithheldCostOfSalesNumber" ns2:type="locator" />
        <ns0:definitionArc order="1" ns2:arcrole="http://xbrl.org/int/dim/arcrole/domain-member" ns2:from="ferc_AllowancesWithheldCostOfSalesAbstract" ns2:to="ferc_AllowancesWithheldCostOfSalesNumber" ns2:type="arc" />
        <ns0:loc ns2:href="../../ferc-core_2021-01-01.xsd#ferc_AllowancesWithheldCostOfSales" ns2:label="ferc_AllowancesWithheldCostOfSales" ns2:type="locator" />
        <ns0:definitionArc order="2" ns2:arcrole="http://xbrl.org/int/dim/arcrole/domain-member" ns2:from="ferc_AllowancesWithheldCostOfSalesAbstract" ns2:to="ferc_AllowancesWithheldCostOfSales" ns2:type="arc" />
        <ns0:loc ns2:href="../../ferc-core_2021-01-01.xsd#ferc_AllowanceWithheldEndAbstract" ns2:label="ferc_AllowanceWithheldEndAbstract" ns2:type="locator" />
        <ns0:definitionArc order="2" ns2:arcrole="http://xbrl.org/int/dim/arcrole/domain-member" ns2:from="ferc_AllowanceWithheldOverallAbstract" ns2:to="ferc_AllowanceWithheldEndAbstract" ns2:type="arc" />
        <ns0:definitionArc order="1" ns2:arcrole="http://xbrl.org/int/dim/arcrole/domain-member" ns2:from="ferc_AllowanceWithheldEndAbstract" ns2:to="ferc_AllowancesWithheldNumber" ns2:type="arc" />
        <ns0:definitionArc order="2" ns2:arcrole="http://xbrl.org/int/dim/arcrole/domain-member" ns2:from="ferc_AllowanceWithheldEndAbstract" ns2:to="ferc_AllowancesWithheld" ns2:type="arc" />
        <ns0:loc ns2:href="../../ferc-core_2021-01-01.xsd#ferc_AllowancesSalesNetAbstract" ns2:label="ferc_AllowancesSalesNetAbstract" ns2:type="locator" />
        <ns0:definitionArc order="3" ns2:arcrole="http://xbrl.org/int/dim/arcrole/domain-member" ns2:from="ferc_AllowanceWithheldOverallAbstract" ns2:to="ferc_AllowancesSalesNetAbstract" ns2:type="arc" />
        <ns0:loc ns2:href="../../ferc-core_2021-01-01.xsd#ferc_AllowancesWithheldNetSalesProceedsFromAllowanceSalesAssociatedCompanyAbstract" ns2:label="ferc_AllowancesWithheldNetSalesProceedsFromAllowanceSalesAssociatedCompanyAbstract" ns2:type="locator" />
        <ns0:definitionArc order="1" ns2:arcrole="http://xbrl.org/int/dim/arcrole/domain-member" ns2:from="ferc_AllowancesSalesNetAbstract" ns2:to="ferc_AllowancesWithheldNetSalesProceedsFromAllowanceSalesAssociatedCompanyAbstract" ns2:type="arc" />
        <ns0:loc ns2:href="../../ferc-core_2021-01-01.xsd#ferc_AllowancesWithheldNetSalesProceedsFromAllowanceSalesAssociatedCompanyNumber" ns2:label="ferc_AllowancesWithheldNetSalesProceedsFromAllowanceSalesAssociatedCompanyNumber" ns2:type="locator" />
        <ns0:definitionArc order="1" ns2:arcrole="http://xbrl.org/int/dim/arcrole/domain-member" ns2:from="ferc_AllowancesWithheldNetSalesProceedsFromAllowanceSalesAssociatedCompanyAbstract" ns2:to="ferc_AllowancesWithheldNetSalesProceedsFromAllowanceSalesAssociatedCompanyNumber" ns2:type="arc" />
        <ns0:loc ns2:href="../../ferc-core_2021-01-01.xsd#ferc_AllowancesWithheldNetSalesProceedsFromAllowanceSalesAssociatedCompany" ns2:label="ferc_AllowancesWithheldNetSalesProceedsFromAllowanceSalesAssociatedCompany" ns2:type="locator" />
        <ns0:definitionArc order="2" ns2:arcrole="http://xbrl.org/int/dim/arcrole/domain-member" ns2:from="ferc_AllowancesWithheldNetSalesProceedsFromAllowanceSalesAssociatedCompanyAbstract" ns2:to="ferc_AllowancesWithheldNetSalesProceedsFromAllowanceSalesAssociatedCompany" ns2:type="arc" />
        <ns0:loc ns2:href="../../ferc-core_2021-01-01.xsd#ferc_AllowancesWithheldNetSalesProceedsFromAllowanceSalesOtherAbstract" ns2:label="ferc_AllowancesWithheldNetSalesProceedsFromAllowanceSalesOtherAbstract" ns2:type="locator" />
        <ns0:definitionArc order="2" ns2:arcrole="http://xbrl.org/int/dim/arcrole/domain-member" ns2:from="ferc_AllowancesSalesNetAbstract" ns2:to="ferc_AllowancesWithheldNetSalesProceedsFromAllowanceSalesOtherAbstract" ns2:type="arc" />
        <ns0:loc ns2:href="../../ferc-core_2021-01-01.xsd#ferc_AllowancesWithheldNetSalesProceedsFromAllowanceSalesOtherNumber" ns2:label="ferc_AllowancesWithheldNetSalesProceedsFromAllowanceSalesOtherNumber" ns2:type="locator" />
        <ns0:definitionArc order="1" ns2:arcrole="http://xbrl.org/int/dim/arcrole/domain-member" ns2:from="ferc_AllowancesWithheldNetSalesProceedsFromAllowanceSalesOtherAbstract" ns2:to="ferc_AllowancesWithheldNetSalesProceedsFromAllowanceSalesOtherNumber" ns2:type="arc" />
        <ns0:loc ns2:href="../../ferc-core_2021-01-01.xsd#ferc_AllowancesWithheldNetSalesProceedsFromAllowanceSalesOther" ns2:label="ferc_AllowancesWithheldNetSalesProceedsFromAllowanceSalesOther" ns2:type="locator" />
        <ns0:definitionArc order="2" ns2:arcrole="http://xbrl.org/int/dim/arcrole/domain-member" ns2:from="ferc_AllowancesWithheldNetSalesProceedsFromAllowanceSalesOtherAbstract" ns2:to="ferc_AllowancesWithheldNetSalesProceedsFromAllowanceSalesOther" ns2:type="arc" />
        <ns0:loc ns2:href="../../ferc-core_2021-01-01.xsd#ferc_AllowancesWithheldGainsFromAllowanceSalesAbstract" ns2:label="ferc_AllowancesWithheldGainsFromAllowanceSalesAbstract" ns2:type="locator" />
        <ns0:definitionArc order="3" ns2:arcrole="http://xbrl.org/int/dim/arcrole/domain-member" ns2:from="ferc_AllowancesSalesNetAbstract" ns2:to="ferc_AllowancesWithheldGainsFromAllowanceSalesAbstract" ns2:type="arc" />
        <ns0:loc ns2:href="../../ferc-core_2021-01-01.xsd#ferc_AllowancesWithheldGainsFromAllowanceSalesNumber" ns2:label="ferc_AllowancesWithheldGainsFromAllowanceSalesNumber" ns2:type="locator" />
        <ns0:definitionArc order="1" ns2:arcrole="http://xbrl.org/int/dim/arcrole/domain-member" ns2:from="ferc_AllowancesWithheldGainsFromAllowanceSalesAbstract" ns2:to="ferc_AllowancesWithheldGainsFromAllowanceSalesNumber" ns2:type="arc" />
        <ns0:loc ns2:href="../../ferc-core_2021-01-01.xsd#ferc_AllowancesWithheldGainsFromAllowanceSales" ns2:label="ferc_AllowancesWithheldGainsFromAllowanceSales" ns2:type="locator" />
        <ns0:definitionArc order="2" ns2:arcrole="http://xbrl.org/int/dim/arcrole/domain-member" ns2:from="ferc_AllowancesWithheldGainsFromAllowanceSalesAbstract" ns2:to="ferc_AllowancesWithheldGainsFromAllowanceSales" ns2:type="arc" />
        <ns0:loc ns2:href="../../ferc-core_2021-01-01.xsd#ferc_AllowancesWithheldLossesFromAllowanceSalesAbstract" ns2:label="ferc_AllowancesWithheldLossesFromAllowanceSalesAbstract" ns2:type="locator" />
        <ns0:definitionArc order="4" ns2:arcrole="http://xbrl.org/int/dim/arcrole/domain-member" ns2:from="ferc_AllowancesSalesNetAbstract" ns2:to="ferc_AllowancesWithheldLossesFromAllowanceSalesAbstract" ns2:type="arc" />
        <ns0:loc ns2:href="../../ferc-core_2021-01-01.xsd#ferc_AllowancesWithheldLossesFromAllowanceSalesNumber" ns2:label="ferc_AllowancesWithheldLossesFromAllowanceSalesNumber" ns2:type="locator" />
        <ns0:definitionArc order="1" ns2:arcrole="http://xbrl.org/int/dim/arcrole/domain-member" ns2:from="ferc_AllowancesWithheldLossesFromAllowanceSalesAbstract" ns2:to="ferc_AllowancesWithheldLossesFromAllowanceSalesNumber" ns2:type="arc" />
        <ns0:loc ns2:href="../../ferc-core_2021-01-01.xsd#ferc_AllowancesWithheldLossesFromAllowanceSales" ns2:label="ferc_AllowancesWithheldLossesFromAllowanceSales" ns2:type="locator" />
        <ns0:definitionArc order="2" ns2:arcrole="http://xbrl.org/int/dim/arcrole/domain-member" ns2:from="ferc_AllowancesWithheldLossesFromAllowanceSalesAbstract" ns2:to="ferc_AllowancesWithheldLossesFromAllowanceSales" ns2:type="arc" />
    </ns0:definitionLink>
    <ns0:definitionLink ns2:role="http://ferc.gov/form/2020-01-01/roles/Schedule/F1/ScheduleAllowancesPurchasesandTransfers" ns2:type="extended">
        <ns0:loc ns2:href="../../ferc-core_2021-01-01.xsd#ferc_ScheduleAllowanceInventoryAbstract" ns2:label="ferc_ScheduleAllowanceInventoryAbstract" ns2:type="locator" />
        <ns0:loc ns2:href="../../ferc-core_2021-01-01.xsd#ferc_AllowancesInventoryLineItems" ns2:label="ferc_AllowancesInventoryLineItems" ns2:type="locator" />
        <ns0:definitionArc order="1" ns2:arcrole="http://xbrl.org/int/dim/arcrole/domain-member" ns2:from="ferc_ScheduleAllowanceInventoryAbstract" ns2:to="ferc_AllowancesInventoryLineItems" ns2:type="arc" />
        <ns0:loc ns2:href="../../ferc-core_2021-01-01.xsd#ferc_AllowancesInventoryTable" ns2:label="ferc_AllowancesInventoryTable" ns2:type="locator" />
        <ns0:definitionArc order="1" ns2:arcrole="http://xbrl.org/int/dim/arcrole/all" ns2:from="ferc_AllowancesInventoryLineItems" ns2:to="ferc_AllowancesInventoryTable" ns2:type="arc" ns3:closed="true" ns3:contextElement="segment" />
        <ns0:loc ns2:href="../../ferc-core_2021-01-01.xsd#ferc_EmissionTypeAxis" ns2:label="ferc_EmissionTypeAxis" ns2:type="locator" />
        <ns0:definitionArc order="1" ns2:arcrole="http://xbrl.org/int/dim/arcrole/hypercube-dimension" ns2:from="ferc_AllowancesInventoryTable" ns2:to="ferc_EmissionTypeAxis" ns2:type="arc" />
        <ns0:loc ns2:href="../../ferc-core_2021-01-01.xsd#ferc_EmissionTypeDomain" ns2:label="ferc_EmissionTypeDomain" ns2:type="locator" />
        <ns0:definitionArc order="1" ns2:arcrole="http://xbrl.org/int/dim/arcrole/dimension-domain" ns2:from="ferc_EmissionTypeAxis" ns2:to="ferc_EmissionTypeDomain" ns2:type="arc" />
        <ns0:loc ns2:href="../../ferc-core_2021-01-01.xsd#ferc_SulfurDioxideMember" ns2:label="ferc_SulfurDioxideMember" ns2:type="locator" />
        <ns0:definitionArc order="1" ns2:arcrole="http://xbrl.org/int/dim/arcrole/domain-member" ns2:from="ferc_EmissionTypeDomain" ns2:to="ferc_SulfurDioxideMember" ns2:type="arc" />
        <ns0:loc ns2:href="../../ferc-core_2021-01-01.xsd#ferc_AllowanceInventoryTimePeriodAxis" ns2:label="ferc_AllowanceInventoryTimePeriodAxis" ns2:type="locator" />
        <ns0:definitionArc order="2" ns2:arcrole="http://xbrl.org/int/dim/arcrole/hypercube-dimension" ns2:from="ferc_AllowancesInventoryTable" ns2:to="ferc_AllowanceInventoryTimePeriodAxis" ns2:type="arc" />
        <ns0:loc ns2:href="../../ferc-core_2021-01-01.xsd#ferc_AllowanceInventoryTimePeriodDomain" ns2:label="ferc_AllowanceInventoryTimePeriodDomain" ns2:type="locator" />
        <ns0:definitionArc order="1" ns2:arcrole="http://xbrl.org/int/dim/arcrole/dimension-domain" ns2:from="ferc_AllowanceInventoryTimePeriodAxis" ns2:to="ferc_AllowanceInventoryTimePeriodDomain" ns2:type="arc" />
        <ns0:loc ns2:href="../../ferc-core_2021-01-01.xsd#ferc_CurrentYearMember" ns2:label="ferc_CurrentYearMember" ns2:type="locator" />
        <ns0:definitionArc order="1" ns2:arcrole="http://xbrl.org/int/dim/arcrole/domain-member" ns2:from="ferc_AllowanceInventoryTimePeriodDomain" ns2:to="ferc_CurrentYearMember" ns2:type="arc" />
        <ns0:loc ns2:href="../../ferc-core_2021-01-01.xsd#ferc_NextTwelveMonthsMember" ns2:label="ferc_NextTwelveMonthsMember" ns2:type="locator" />
        <ns0:definitionArc order="2" ns2:arcrole="http://xbrl.org/int/dim/arcrole/domain-member" ns2:from="ferc_AllowanceInventoryTimePeriodDomain" ns2:to="ferc_NextTwelveMonthsMember" ns2:type="arc" />
        <ns0:loc ns2:href="../../ferc-core_2021-01-01.xsd#ferc_TwoYearsMember" ns2:label="ferc_TwoYearsMember" ns2:type="locator" />
        <ns0:definitionArc order="3" ns2:arcrole="http://xbrl.org/int/dim/arcrole/domain-member" ns2:from="ferc_AllowanceInventoryTimePeriodDomain" ns2:to="ferc_TwoYearsMember" ns2:type="arc" />
        <ns0:loc ns2:href="../../ferc-core_2021-01-01.xsd#ferc_ThreeYearsMember" ns2:label="ferc_ThreeYearsMember" ns2:type="locator" />
        <ns0:definitionArc order="4" ns2:arcrole="http://xbrl.org/int/dim/arcrole/domain-member" ns2:from="ferc_AllowanceInventoryTimePeriodDomain" ns2:to="ferc_ThreeYearsMember" ns2:type="arc" />
        <ns0:loc ns2:href="../../ferc-core_2021-01-01.xsd#ferc_AfterThreeYearsMember" ns2:label="ferc_AfterThreeYearsMember" ns2:type="locator" />
        <ns0:definitionArc order="5" ns2:arcrole="http://xbrl.org/int/dim/arcrole/domain-member" ns2:from="ferc_AllowanceInventoryTimePeriodDomain" ns2:to="ferc_AfterThreeYearsMember" ns2:type="arc" />
        <ns0:loc ns2:href="../../ferc-core_2021-01-01.xsd#ferc_AllowancesInventoryAxis" ns2:label="ferc_AllowancesInventoryAxis" ns2:type="locator" />
        <ns0:definitionArc order="3" ns2:arcrole="http://xbrl.org/int/dim/arcrole/hypercube-dimension" ns2:from="ferc_AllowancesInventoryTable" ns2:to="ferc_AllowancesInventoryAxis" ns2:type="arc" />
        <ns0:loc ns2:href="../../ferc-core_2021-01-01.xsd#ferc_OrderNumber" ns2:label="ferc_OrderNumber" ns2:type="locator" />
        <ns0:definitionArc order="2" ns2:arcrole="http://xbrl.org/int/dim/arcrole/domain-member" ns2:from="ferc_AllowancesInventoryLineItems" ns2:to="ferc_OrderNumber" ns2:type="arc" />
        <ns0:loc ns2:href="../../ferc-core_2021-01-01.xsd#ferc_AllowancesInventoryPurchasesTransfersDescription" ns2:label="ferc_AllowancesInventoryPurchasesTransfersDescription" ns2:type="locator" />
        <ns0:definitionArc order="3" ns2:arcrole="http://xbrl.org/int/dim/arcrole/domain-member" ns2:from="ferc_AllowancesInventoryLineItems" ns2:to="ferc_AllowancesInventoryPurchasesTransfersDescription" ns2:type="arc" />
        <ns0:loc ns2:href="../../ferc-core_2021-01-01.xsd#ferc_AllowancesInventoryPurchasesTransfersNumber" ns2:label="ferc_AllowancesInventoryPurchasesTransfersNumber" ns2:type="locator" />
        <ns0:definitionArc order="4" ns2:arcrole="http://xbrl.org/int/dim/arcrole/domain-member" ns2:from="ferc_AllowancesInventoryLineItems" ns2:to="ferc_AllowancesInventoryPurchasesTransfersNumber" ns2:type="arc" />
        <ns0:loc ns2:href="../../ferc-core_2021-01-01.xsd#ferc_AllowancesInventoryPurchasesTransfers" ns2:label="ferc_AllowancesInventoryPurchasesTransfers" ns2:type="locator" />
        <ns0:definitionArc order="5" ns2:arcrole="http://xbrl.org/int/dim/arcrole/domain-member" ns2:from="ferc_AllowancesInventoryLineItems" ns2:to="ferc_AllowancesInventoryPurchasesTransfers" ns2:type="arc" />
    </ns0:definitionLink>
    <ns0:definitionLink ns2:role="http://ferc.gov/form/2020-01-01/roles/Schedule/F1/ScheduleAllowancesOtherRelinquished" ns2:type="extended">
        <ns0:loc ns2:href="../../ferc-core_2021-01-01.xsd#ferc_ScheduleAllowanceInventoryAbstract" ns2:label="ferc_ScheduleAllowanceInventoryAbstract" ns2:type="locator" />
        <ns0:loc ns2:href="../../ferc-core_2021-01-01.xsd#ferc_AllowancesInventoryLineItems" ns2:label="ferc_AllowancesInventoryLineItems" ns2:type="locator" />
        <ns0:definitionArc order="1" ns2:arcrole="http://xbrl.org/int/dim/arcrole/domain-member" ns2:from="ferc_ScheduleAllowanceInventoryAbstract" ns2:to="ferc_AllowancesInventoryLineItems" ns2:type="arc" />
        <ns0:loc ns2:href="../../ferc-core_2021-01-01.xsd#ferc_AllowancesInventoryTable" ns2:label="ferc_AllowancesInventoryTable" ns2:type="locator" />
        <ns0:definitionArc order="1" ns2:arcrole="http://xbrl.org/int/dim/arcrole/all" ns2:from="ferc_AllowancesInventoryLineItems" ns2:to="ferc_AllowancesInventoryTable" ns2:type="arc" ns3:closed="true" ns3:contextElement="segment" />
        <ns0:loc ns2:href="../../ferc-core_2021-01-01.xsd#ferc_EmissionTypeAxis" ns2:label="ferc_EmissionTypeAxis" ns2:type="locator" />
        <ns0:definitionArc order="1" ns2:arcrole="http://xbrl.org/int/dim/arcrole/hypercube-dimension" ns2:from="ferc_AllowancesInventoryTable" ns2:to="ferc_EmissionTypeAxis" ns2:type="arc" />
        <ns0:loc ns2:href="../../ferc-core_2021-01-01.xsd#ferc_EmissionTypeDomain" ns2:label="ferc_EmissionTypeDomain" ns2:type="locator" />
        <ns0:definitionArc order="1" ns2:arcrole="http://xbrl.org/int/dim/arcrole/dimension-domain" ns2:from="ferc_EmissionTypeAxis" ns2:to="ferc_EmissionTypeDomain" ns2:type="arc" />
        <ns0:loc ns2:href="../../ferc-core_2021-01-01.xsd#ferc_SulfurDioxideMember" ns2:label="ferc_SulfurDioxideMember" ns2:type="locator" />
        <ns0:definitionArc order="1" ns2:arcrole="http://xbrl.org/int/dim/arcrole/domain-member" ns2:from="ferc_EmissionTypeDomain" ns2:to="ferc_SulfurDioxideMember" ns2:type="arc" />
        <ns0:loc ns2:href="../../ferc-core_2021-01-01.xsd#ferc_AllowanceInventoryTimePeriodAxis" ns2:label="ferc_AllowanceInventoryTimePeriodAxis" ns2:type="locator" />
        <ns0:definitionArc order="2" ns2:arcrole="http://xbrl.org/int/dim/arcrole/hypercube-dimension" ns2:from="ferc_AllowancesInventoryTable" ns2:to="ferc_AllowanceInventoryTimePeriodAxis" ns2:type="arc" />
        <ns0:loc ns2:href="../../ferc-core_2021-01-01.xsd#ferc_AllowanceInventoryTimePeriodDomain" ns2:label="ferc_AllowanceInventoryTimePeriodDomain" ns2:type="locator" />
        <ns0:definitionArc order="1" ns2:arcrole="http://xbrl.org/int/dim/arcrole/dimension-domain" ns2:from="ferc_AllowanceInventoryTimePeriodAxis" ns2:to="ferc_AllowanceInventoryTimePeriodDomain" ns2:type="arc" />
        <ns0:loc ns2:href="../../ferc-core_2021-01-01.xsd#ferc_CurrentYearMember" ns2:label="ferc_CurrentYearMember" ns2:type="locator" />
        <ns0:definitionArc order="1" ns2:arcrole="http://xbrl.org/int/dim/arcrole/domain-member" ns2:from="ferc_AllowanceInventoryTimePeriodDomain" ns2:to="ferc_CurrentYearMember" ns2:type="arc" />
        <ns0:loc ns2:href="../../ferc-core_2021-01-01.xsd#ferc_NextTwelveMonthsMember" ns2:label="ferc_NextTwelveMonthsMember" ns2:type="locator" />
        <ns0:definitionArc order="2" ns2:arcrole="http://xbrl.org/int/dim/arcrole/domain-member" ns2:from="ferc_AllowanceInventoryTimePeriodDomain" ns2:to="ferc_NextTwelveMonthsMember" ns2:type="arc" />
        <ns0:loc ns2:href="../../ferc-core_2021-01-01.xsd#ferc_TwoYearsMember" ns2:label="ferc_TwoYearsMember" ns2:type="locator" />
        <ns0:definitionArc order="3" ns2:arcrole="http://xbrl.org/int/dim/arcrole/domain-member" ns2:from="ferc_AllowanceInventoryTimePeriodDomain" ns2:to="ferc_TwoYearsMember" ns2:type="arc" />
        <ns0:loc ns2:href="../../ferc-core_2021-01-01.xsd#ferc_ThreeYearsMember" ns2:label="ferc_ThreeYearsMember" ns2:type="locator" />
        <ns0:definitionArc order="4" ns2:arcrole="http://xbrl.org/int/dim/arcrole/domain-member" ns2:from="ferc_AllowanceInventoryTimePeriodDomain" ns2:to="ferc_ThreeYearsMember" ns2:type="arc" />
        <ns0:loc ns2:href="../../ferc-core_2021-01-01.xsd#ferc_AfterThreeYearsMember" ns2:label="ferc_AfterThreeYearsMember" ns2:type="locator" />
        <ns0:definitionArc order="5" ns2:arcrole="http://xbrl.org/int/dim/arcrole/domain-member" ns2:from="ferc_AllowanceInventoryTimePeriodDomain" ns2:to="ferc_AfterThreeYearsMember" ns2:type="arc" />
        <ns0:loc ns2:href="../../ferc-core_2021-01-01.xsd#ferc_AllowancesRelinquishedAxis" ns2:label="ferc_AllowancesRelinquishedAxis" ns2:type="locator" />
        <ns0:definitionArc order="3" ns2:arcrole="http://xbrl.org/int/dim/arcrole/hypercube-dimension" ns2:from="ferc_AllowancesInventoryTable" ns2:to="ferc_AllowancesRelinquishedAxis" ns2:type="arc" />
        <ns0:loc ns2:href="../../ferc-core_2021-01-01.xsd#ferc_OrderNumber" ns2:label="ferc_OrderNumber" ns2:type="locator" />
        <ns0:definitionArc order="2" ns2:arcrole="http://xbrl.org/int/dim/arcrole/domain-member" ns2:from="ferc_AllowancesInventoryLineItems" ns2:to="ferc_OrderNumber" ns2:type="arc" />
        <ns0:loc ns2:href="../../ferc-core_2021-01-01.xsd#ferc_AllowancesRelinquishedOtherDescription" ns2:label="ferc_AllowancesRelinquishedOtherDescription" ns2:type="locator" />
        <ns0:definitionArc order="3" ns2:arcrole="http://xbrl.org/int/dim/arcrole/domain-member" ns2:from="ferc_AllowancesInventoryLineItems" ns2:to="ferc_AllowancesRelinquishedOtherDescription" ns2:type="arc" />
        <ns0:loc ns2:href="../../ferc-core_2021-01-01.xsd#ferc_AllowancesRelinquishedOtherNumber" ns2:label="ferc_AllowancesRelinquishedOtherNumber" ns2:type="locator" />
        <ns0:definitionArc order="4" ns2:arcrole="http://xbrl.org/int/dim/arcrole/domain-member" ns2:from="ferc_AllowancesInventoryLineItems" ns2:to="ferc_AllowancesRelinquishedOtherNumber" ns2:type="arc" />
        <ns0:loc ns2:href="../../ferc-core_2021-01-01.xsd#ferc_AllowancesRelinquishedOther" ns2:label="ferc_AllowancesRelinquishedOther" ns2:type="locator" />
        <ns0:definitionArc order="5" ns2:arcrole="http://xbrl.org/int/dim/arcrole/domain-member" ns2:from="ferc_AllowancesInventoryLineItems" ns2:to="ferc_AllowancesRelinquishedOther" ns2:type="arc" />
    </ns0:definitionLink>
    <ns0:definitionLink ns2:role="http://ferc.gov/form/2020-01-01/roles/Schedule/F1/ScheduleAllowancesCostofSalesandTransfers" ns2:type="extended">
        <ns0:loc ns2:href="../../ferc-core_2021-01-01.xsd#ferc_ScheduleAllowanceInventoryAbstract" ns2:label="ferc_ScheduleAllowanceInventoryAbstract" ns2:type="locator" />
        <ns0:loc ns2:href="../../ferc-core_2021-01-01.xsd#ferc_AllowancesInventoryLineItems" ns2:label="ferc_AllowancesInventoryLineItems" ns2:type="locator" />
        <ns0:definitionArc order="1" ns2:arcrole="http://xbrl.org/int/dim/arcrole/domain-member" ns2:from="ferc_ScheduleAllowanceInventoryAbstract" ns2:to="ferc_AllowancesInventoryLineItems" ns2:type="arc" />
        <ns0:loc ns2:href="../../ferc-core_2021-01-01.xsd#ferc_AllowancesInventoryTable" ns2:label="ferc_AllowancesInventoryTable" ns2:type="locator" />
        <ns0:definitionArc order="1" ns2:arcrole="http://xbrl.org/int/dim/arcrole/all" ns2:from="ferc_AllowancesInventoryLineItems" ns2:to="ferc_AllowancesInventoryTable" ns2:type="arc" ns3:closed="true" ns3:contextElement="segment" />
        <ns0:loc ns2:href="../../ferc-core_2021-01-01.xsd#ferc_EmissionTypeAxis" ns2:label="ferc_EmissionTypeAxis" ns2:type="locator" />
        <ns0:definitionArc order="1" ns2:arcrole="http://xbrl.org/int/dim/arcrole/hypercube-dimension" ns2:from="ferc_AllowancesInventoryTable" ns2:to="ferc_EmissionTypeAxis" ns2:type="arc" />
        <ns0:loc ns2:href="../../ferc-core_2021-01-01.xsd#ferc_EmissionTypeDomain" ns2:label="ferc_EmissionTypeDomain" ns2:type="locator" />
        <ns0:definitionArc order="1" ns2:arcrole="http://xbrl.org/int/dim/arcrole/dimension-domain" ns2:from="ferc_EmissionTypeAxis" ns2:to="ferc_EmissionTypeDomain" ns2:type="arc" />
        <ns0:loc ns2:href="../../ferc-core_2021-01-01.xsd#ferc_SulfurDioxideMember" ns2:label="ferc_SulfurDioxideMember" ns2:type="locator" />
        <ns0:definitionArc order="1" ns2:arcrole="http://xbrl.org/int/dim/arcrole/domain-member" ns2:from="ferc_EmissionTypeDomain" ns2:to="ferc_SulfurDioxideMember" ns2:type="arc" />
        <ns0:loc ns2:href="../../ferc-core_2021-01-01.xsd#ferc_AllowanceInventoryTimePeriodAxis" ns2:label="ferc_AllowanceInventoryTimePeriodAxis" ns2:type="locator" />
        <ns0:definitionArc order="2" ns2:arcrole="http://xbrl.org/int/dim/arcrole/hypercube-dimension" ns2:from="ferc_AllowancesInventoryTable" ns2:to="ferc_AllowanceInventoryTimePeriodAxis" ns2:type="arc" />
        <ns0:loc ns2:href="../../ferc-core_2021-01-01.xsd#ferc_AllowanceInventoryTimePeriodDomain" ns2:label="ferc_AllowanceInventoryTimePeriodDomain" ns2:type="locator" />
        <ns0:definitionArc order="1" ns2:arcrole="http://xbrl.org/int/dim/arcrole/dimension-domain" ns2:from="ferc_AllowanceInventoryTimePeriodAxis" ns2:to="ferc_AllowanceInventoryTimePeriodDomain" ns2:type="arc" />
        <ns0:loc ns2:href="../../ferc-core_2021-01-01.xsd#ferc_CurrentYearMember" ns2:label="ferc_CurrentYearMember" ns2:type="locator" />
        <ns0:definitionArc order="1" ns2:arcrole="http://xbrl.org/int/dim/arcrole/domain-member" ns2:from="ferc_AllowanceInventoryTimePeriodDomain" ns2:to="ferc_CurrentYearMember" ns2:type="arc" />
        <ns0:loc ns2:href="../../ferc-core_2021-01-01.xsd#ferc_NextTwelveMonthsMember" ns2:label="ferc_NextTwelveMonthsMember" ns2:type="locator" />
        <ns0:definitionArc order="2" ns2:arcrole="http://xbrl.org/int/dim/arcrole/domain-member" ns2:from="ferc_AllowanceInventoryTimePeriodDomain" ns2:to="ferc_NextTwelveMonthsMember" ns2:type="arc" />
        <ns0:loc ns2:href="../../ferc-core_2021-01-01.xsd#ferc_TwoYearsMember" ns2:label="ferc_TwoYearsMember" ns2:type="locator" />
        <ns0:definitionArc order="3" ns2:arcrole="http://xbrl.org/int/dim/arcrole/domain-member" ns2:from="ferc_AllowanceInventoryTimePeriodDomain" ns2:to="ferc_TwoYearsMember" ns2:type="arc" />
        <ns0:loc ns2:href="../../ferc-core_2021-01-01.xsd#ferc_ThreeYearsMember" ns2:label="ferc_ThreeYearsMember" ns2:type="locator" />
        <ns0:definitionArc order="4" ns2:arcrole="http://xbrl.org/int/dim/arcrole/domain-member" ns2:from="ferc_AllowanceInventoryTimePeriodDomain" ns2:to="ferc_ThreeYearsMember" ns2:type="arc" />
        <ns0:loc ns2:href="../../ferc-core_2021-01-01.xsd#ferc_AfterThreeYearsMember" ns2:label="ferc_AfterThreeYearsMember" ns2:type="locator" />
        <ns0:definitionArc order="5" ns2:arcrole="http://xbrl.org/int/dim/arcrole/domain-member" ns2:from="ferc_AllowanceInventoryTimePeriodDomain" ns2:to="ferc_AfterThreeYearsMember" ns2:type="arc" />
        <ns0:loc ns2:href="../../ferc-core_2021-01-01.xsd#ferc_AllowancesCostOfSalesAxis" ns2:label="ferc_AllowancesCostOfSalesAxis" ns2:type="locator" />
        <ns0:definitionArc order="3" ns2:arcrole="http://xbrl.org/int/dim/arcrole/hypercube-dimension" ns2:from="ferc_AllowancesInventoryTable" ns2:to="ferc_AllowancesCostOfSalesAxis" ns2:type="arc" />
        <ns0:loc ns2:href="../../ferc-core_2021-01-01.xsd#ferc_OrderNumber" ns2:label="ferc_OrderNumber" ns2:type="locator" />
        <ns0:definitionArc order="2" ns2:arcrole="http://xbrl.org/int/dim/arcrole/domain-member" ns2:from="ferc_AllowancesInventoryLineItems" ns2:to="ferc_OrderNumber" ns2:type="arc" />
        <ns0:loc ns2:href="../../ferc-core_2021-01-01.xsd#ferc_AllowancesInventoryCostOfSalesTransfersDescription" ns2:label="ferc_AllowancesInventoryCostOfSalesTransfersDescription" ns2:type="locator" />
        <ns0:definitionArc order="3" ns2:arcrole="http://xbrl.org/int/dim/arcrole/domain-member" ns2:from="ferc_AllowancesInventoryLineItems" ns2:to="ferc_AllowancesInventoryCostOfSalesTransfersDescription" ns2:type="arc" />
        <ns0:loc ns2:href="../../ferc-core_2021-01-01.xsd#ferc_AllowancesInventorySalesTransfersNumber" ns2:label="ferc_AllowancesInventorySalesTransfersNumber" ns2:type="locator" />
        <ns0:definitionArc order="4" ns2:arcrole="http://xbrl.org/int/dim/arcrole/domain-member" ns2:from="ferc_AllowancesInventoryLineItems" ns2:to="ferc_AllowancesInventorySalesTransfersNumber" ns2:type="arc" />
        <ns0:loc ns2:href="../../ferc-core_2021-01-01.xsd#ferc_AllowancesInventorySalesTransfers" ns2:label="ferc_AllowancesInventorySalesTransfers" ns2:type="locator" />
        <ns0:definitionArc order="5" ns2:arcrole="http://xbrl.org/int/dim/arcrole/domain-member" ns2:from="ferc_AllowancesInventoryLineItems" ns2:to="ferc_AllowancesInventorySalesTransfers" ns2:type="arc" />
    </ns0:definitionLink>
    <ns0:definitionLink ns2:role="http://ferc.gov/form/2020-01-01/roles/Schedule/F1/ScheduleAllowances" ns2:type="extended">
        <ns0:loc ns2:href="../../ferc-core_2021-01-01.xsd#ferc_EmissionTypeAxis" ns2:label="ferc_EmissionTypeAxis" ns2:type="locator" />
        <ns0:loc ns2:href="../../ferc-core_2021-01-01.xsd#ferc_EmissionTypeDomain" ns2:label="ferc_EmissionTypeDomain" ns2:type="locator" />
        <ns0:definitionArc order="1" ns2:arcrole="http://xbrl.org/int/dim/arcrole/dimension-default" ns2:from="ferc_EmissionTypeAxis" ns2:to="ferc_EmissionTypeDomain" ns2:type="arc" />
        <ns0:loc ns2:href="../../ferc-core_2021-01-01.xsd#ferc_AllowanceInventoryTimePeriodAxis" ns2:label="ferc_AllowanceInventoryTimePeriodAxis" ns2:type="locator" />
        <ns0:loc ns2:href="../../ferc-core_2021-01-01.xsd#ferc_AllowanceInventoryTimePeriodDomain" ns2:label="ferc_AllowanceInventoryTimePeriodDomain" ns2:type="locator" />
        <ns0:definitionArc order="1" ns2:arcrole="http://xbrl.org/int/dim/arcrole/dimension-default" ns2:from="ferc_AllowanceInventoryTimePeriodAxis" ns2:to="ferc_AllowanceInventoryTimePeriodDomain" ns2:type="arc" />
    </ns0:definitionLink>
    <ns0:definitionLink ns2:role="http://ferc.gov/form/2020-01-01/roles/Schedule/F1/ScheduleAllowancesPurchasesandTransfers" ns2:type="extended" />
    <ns0:definitionLink ns2:role="http://ferc.gov/form/2020-01-01/roles/Schedule/F1/ScheduleAllowancesOtherRelinquished" ns2:type="extended" />
    <ns0:definitionLink ns2:role="http://ferc.gov/form/2020-01-01/roles/Schedule/F1/ScheduleAllowancesCostofSalesandTransfers" ns2:type="extended" />
</ns0:linkbase>