<ns0:linkbase xmlns:ns0="http://www.xbrl.org/2003/linkbase" xmlns:ns2="http://www.w3.org/1999/xlink" xmlns:xsi="http://www.w3.org/2001/XMLSchema-instance" xsi:schemaLocation="http://www.xbrl.org/2003/linkbase http://www.xbrl.org/2003/xbrl-linkbase-2003-12-31.xsd">
    <ns0:roleRef roleURI="http://ferc.gov/form/2020-01-01/roles/Schedule/F1/MiscellaneousGeneralExpenses" ns2:href="form-1-sched-MiscellaneousGeneralExpenses_2021-01-01.xsd#roleType_MiscellaneousGeneralExpenses" ns2:type="simple" />
    <ns0:roleRef roleURI="http://ferc.gov/form/2020-01-01/roles/label/F1Total" ns2:href="../../ferc-core-lab-roles_2021-01-01.xsd#F1Total" ns2:type="simple" />
    <ns0:roleRef roleURI="http://ferc.gov/form/2020-01-01/roles/label/F1MiscellanousGeneralExpenses" ns2:href="../../ferc-core-lab-roles_2021-01-01.xsd#F1MiscellanousGeneralExpenses" ns2:type="simple" />
    <ns0:presentationLink ns2:role="http://ferc.gov/form/2020-01-01/roles/Schedule/F1/MiscellaneousGeneralExpenses" ns2:type="extended">
        <ns0:loc ns2:href="../../ferc-core_2021-01-01.xsd#ferc_ScheduleMiscellaneousGeneralExpensesAbstract" ns2:label="ferc_ScheduleMiscellaneousGeneralExpensesAbstract" ns2:type="locator" />
        <ns0:loc ns2:href="../../ferc-core_2021-01-01.xsd#ferc_IndustryAssociationDues" ns2:label="ferc_IndustryAssociationDues" ns2:type="locator" />
        <ns0:presentationArc order="1" preferredLabel="http://ferc.gov/form/2020-01-01/roles/label/F1MiscellanousGeneralExpenses" ns2:arcrole="http://www.xbrl.org/2003/arcrole/parent-child" ns2:from="ferc_ScheduleMiscellaneousGeneralExpensesAbstract" ns2:to="ferc_IndustryAssociationDues" ns2:type="arc" />
        <ns0:loc ns2:href="../../ferc-core_2021-01-01.xsd#ferc_NuclearPowerResearchExpenses" ns2:label="ferc_NuclearPowerResearchExpenses" ns2:type="locator" />
        <ns0:presentationArc order="2" preferredLabel="http://ferc.gov/form/2020-01-01/roles/label/F1MiscellanousGeneralExpenses" ns2:arcrole="http://www.xbrl.org/2003/arcrole/parent-child" ns2:from="ferc_ScheduleMiscellaneousGeneralExpensesAbstract" ns2:to="ferc_NuclearPowerResearchExpenses" ns2:type="arc" />
        <ns0:loc ns2:href="../../ferc-core_2021-01-01.xsd#ferc_OtherExperimentalAndGeneralResearchExpenses" ns2:label="ferc_OtherExperimentalAndGeneralResearchExpenses" ns2:type="locator" />
        <ns0:presentationArc order="3" preferredLabel="http://ferc.gov/form/2020-01-01/roles/label/F1MiscellanousGeneralExpenses" ns2:arcrole="http://www.xbrl.org/2003/arcrole/parent-child" ns2:from="ferc_ScheduleMiscellaneousGeneralExpensesAbstract" ns2:to="ferc_OtherExperimentalAndGeneralResearchExpenses" ns2:type="arc" />
        <ns0:loc ns2:href="../../ferc-core_2021-01-01.xsd#ferc_PublicationAndDistributionExpensesForSecuritiesToStockholders" ns2:label="ferc_PublicationAndDistributionExpensesForSecuritiesToStockholders" ns2:type="locator" />
        <ns0:presentationArc order="4" preferredLabel="http://ferc.gov/form/2020-01-01/roles/label/F1MiscellanousGeneralExpenses" ns2:arcrole="http://www.xbrl.org/2003/arcrole/parent-child" ns2:from="ferc_ScheduleMiscellaneousGeneralExpensesAbstract" ns2:to="ferc_PublicationAndDistributionExpensesForSecuritiesToStockholders" ns2:type="arc" />
        <ns0:loc ns2:href="../../ferc-core_2021-01-01.xsd#ferc_OtherMiscellaneousGeneralExpenses" ns2:label="ferc_OtherMiscellaneousGeneralExpenses" ns2:type="locator" />
        <ns0:presentationArc order="5" preferredLabel="http://ferc.gov/form/2020-01-01/roles/label/F1MiscellanousGeneralExpenses" ns2:arcrole="http://www.xbrl.org/2003/arcrole/parent-child" ns2:from="ferc_ScheduleMiscellaneousGeneralExpensesAbstract" ns2:to="ferc_OtherMiscellaneousGeneralExpenses" ns2:type="arc" />
        <ns0:loc ns2:href="../../ferc-core_2021-01-01.xsd#ferc_MiscellaneousGeneralExpensesTable" ns2:label="ferc_MiscellaneousGeneralExpensesTable" ns2:type="locator" />
        <ns0:presentationArc order="6" ns2:arcrole="http://www.xbrl.org/2003/arcrole/parent-child" ns2:from="ferc_ScheduleMiscellaneousGeneralExpensesAbstract" ns2:to="ferc_MiscellaneousGeneralExpensesTable" ns2:type="arc" />
        <ns0:loc ns2:href="../../ferc-core_2021-01-01.xsd#ferc_MiscellaneousGeneralExpensesAxis" ns2:label="ferc_MiscellaneousGeneralExpensesAxis" ns2:type="locator" />
        <ns0:presentationArc order="1" ns2:arcrole="http://www.xbrl.org/2003/arcrole/parent-child" ns2:from="ferc_MiscellaneousGeneralExpensesTable" ns2:to="ferc_MiscellaneousGeneralExpensesAxis" ns2:type="arc" />
        <ns0:loc ns2:href="../../ferc-core_2021-01-01.xsd#ferc_MiscellaneousGeneralExpensesLineItems" ns2:label="ferc_MiscellaneousGeneralExpensesLineItems" ns2:type="locator" />
        <ns0:presentationArc order="2" ns2:arcrole="http://www.xbrl.org/2003/arcrole/parent-child" ns2:from="ferc_MiscellaneousGeneralExpensesTable" ns2:to="ferc_MiscellaneousGeneralExpensesLineItems" ns2:type="arc" />
        <ns0:loc ns2:href="../../ferc-core_2021-01-01.xsd#ferc_OrderNumber" ns2:label="ferc_OrderNumber" ns2:type="locator" />
        <ns0:presentationArc order="1" ns2:arcrole="http://www.xbrl.org/2003/arcrole/parent-child" ns2:from="ferc_MiscellaneousGeneralExpensesLineItems" ns2:to="ferc_OrderNumber" ns2:type="arc" />
        <ns0:loc ns2:href="../../ferc-core_2021-01-01.xsd#ferc_OtherMiscellaneousGeneralExpensesDescription" ns2:label="ferc_OtherMiscellaneousGeneralExpensesDescription" ns2:type="locator" />
        <ns0:presentationArc order="2" preferredLabel="http://ferc.gov/form/2020-01-01/roles/label/F1MiscellanousGeneralExpenses" ns2:arcrole="http://www.xbrl.org/2003/arcrole/parent-child" ns2:from="ferc_MiscellaneousGeneralExpensesLineItems" ns2:to="ferc_OtherMiscellaneousGeneralExpensesDescription" ns2:type="arc" />
        <ns0:presentationArc order="3" ns2:arcrole="http://www.xbrl.org/2003/arcrole/parent-child" ns2:from="ferc_MiscellaneousGeneralExpensesLineItems" ns2:to="ferc_OtherMiscellaneousGeneralExpenses" ns2:type="arc" />
        <ns0:loc ns2:href="../../ferc-core_2021-01-01.xsd#ferc_MiscellaneousGeneralExpenses" ns2:label="ferc_MiscellaneousGeneralExpenses" ns2:type="locator" />
        <ns0:presentationArc order="7" preferredLabel="http://ferc.gov/form/2020-01-01/roles/label/F1Total" ns2:arcrole="http://www.xbrl.org/2003/arcrole/parent-child" ns2:from="ferc_ScheduleMiscellaneousGeneralExpensesAbstract" ns2:to="ferc_MiscellaneousGeneralExpenses" ns2:type="arc" />
    </ns0:presentationLink>
</ns0:linkbase>