<ns0:linkbase xmlns:ns0="http://www.xbrl.org/2003/linkbase" xmlns:ns2="http://www.w3.org/1999/xlink" xmlns:xsi="http://www.w3.org/2001/XMLSchema-instance" xsi:schemaLocation="http://www.xbrl.org/2003/linkbase http://www.xbrl.org/2003/xbrl-linkbase-2003-12-31.xsd">
    <ns0:roleRef roleURI="http://ferc.gov/form/2020-01-01/roles/Schedule/F1/ScheduleSteamElectricGeneratingPlantStatisticsFuelStatistics" ns2:href="form-1-sched-ScheduleSteamElectricGeneratingPlantStatistics_2021-01-01.xsd#roleType_ScheduleSteamElectricGeneratingPlantStatisticsFuelStatistics" ns2:type="simple" />
    <ns0:roleRef roleURI="http://ferc.gov/form/2020-01-01/roles/Schedule/F1/ScheduleSteamElectricGeneratingPlantStatistics" ns2:href="form-1-sched-ScheduleSteamElectricGeneratingPlantStatistics_2021-01-01.xsd#roleType_ScheduleSteamElectricGeneratingPlantStatistics" ns2:type="simple" />
    <ns0:roleRef roleURI="http://ferc.gov/form/2020-01-01/roles/label/F1SteamElectricPlantStats" ns2:href="../../ferc-core-lab-roles_2021-01-01.xsd#F1SteamElectricPlantStats" ns2:type="simple" />
    <ns0:roleRef roleURI="http://ferc.gov/form/2020-01-01/roles/label/F1Total" ns2:href="../../ferc-core-lab-roles_2021-01-01.xsd#F1Total" ns2:type="simple" />
    <ns0:presentationLink ns2:role="http://ferc.gov/form/2020-01-01/roles/Schedule/F1/ScheduleSteamElectricGeneratingPlantStatistics" ns2:type="extended">
        <ns0:loc ns2:href="../../ferc-core_2021-01-01.xsd#ferc_ScheduleSteamElectricGeneratingPlantStatisticsAbstract" ns2:label="ferc_ScheduleSteamElectricGeneratingPlantStatisticsAbstract" ns2:type="locator" />
        <ns0:loc ns2:href="../../ferc-core_2021-01-01.xsd#ferc_SteamElectricGeneratingPlantStatisticsTable" ns2:label="ferc_SteamElectricGeneratingPlantStatisticsTable" ns2:type="locator" />
        <ns0:presentationArc order="1" ns2:arcrole="http://www.xbrl.org/2003/arcrole/parent-child" ns2:from="ferc_ScheduleSteamElectricGeneratingPlantStatisticsAbstract" ns2:to="ferc_SteamElectricGeneratingPlantStatisticsTable" ns2:type="arc" />
        <ns0:loc ns2:href="../../ferc-core_2021-01-01.xsd#ferc_PlantNameAxis" ns2:label="ferc_PlantNameAxis" ns2:type="locator" />
        <ns0:presentationArc order="1" ns2:arcrole="http://www.xbrl.org/2003/arcrole/parent-child" ns2:from="ferc_SteamElectricGeneratingPlantStatisticsTable" ns2:to="ferc_PlantNameAxis" ns2:type="arc" />
        <ns0:loc ns2:href="../../ferc-core_2021-01-01.xsd#ferc_SteamElectricGeneratingPlantStatisticsLineItems" ns2:label="ferc_SteamElectricGeneratingPlantStatisticsLineItems" ns2:type="locator" />
        <ns0:presentationArc order="2" ns2:arcrole="http://www.xbrl.org/2003/arcrole/parent-child" ns2:from="ferc_SteamElectricGeneratingPlantStatisticsTable" ns2:to="ferc_SteamElectricGeneratingPlantStatisticsLineItems" ns2:type="arc" />
        <ns0:loc ns2:href="../../ferc-core_2021-01-01.xsd#ferc_OrderNumber" ns2:label="ferc_OrderNumber" ns2:type="locator" />
        <ns0:presentationArc order="1" ns2:arcrole="http://www.xbrl.org/2003/arcrole/parent-child" ns2:from="ferc_SteamElectricGeneratingPlantStatisticsLineItems" ns2:to="ferc_OrderNumber" ns2:type="arc" />
        <ns0:loc ns2:href="../../ferc-core_2021-01-01.xsd#ferc_PlantName" ns2:label="ferc_PlantName" ns2:type="locator" />
        <ns0:presentationArc order="2" ns2:arcrole="http://www.xbrl.org/2003/arcrole/parent-child" ns2:from="ferc_SteamElectricGeneratingPlantStatisticsLineItems" ns2:to="ferc_PlantName" ns2:type="arc" />
        <ns0:loc ns2:href="../../ferc-core_2021-01-01.xsd#ferc_PlantKind" ns2:label="ferc_PlantKind" ns2:type="locator" />
        <ns0:presentationArc order="3" preferredLabel="http://ferc.gov/form/2020-01-01/roles/label/F1SteamElectricPlantStats" ns2:arcrole="http://www.xbrl.org/2003/arcrole/parent-child" ns2:from="ferc_SteamElectricGeneratingPlantStatisticsLineItems" ns2:to="ferc_PlantKind" ns2:type="arc" />
        <ns0:loc ns2:href="../../ferc-core_2021-01-01.xsd#ferc_PlantConstructionType" ns2:label="ferc_PlantConstructionType" ns2:type="locator" />
        <ns0:presentationArc order="4" preferredLabel="http://ferc.gov/form/2020-01-01/roles/label/F1SteamElectricPlantStats" ns2:arcrole="http://www.xbrl.org/2003/arcrole/parent-child" ns2:from="ferc_SteamElectricGeneratingPlantStatisticsLineItems" ns2:to="ferc_PlantConstructionType" ns2:type="arc" />
        <ns0:loc ns2:href="../../ferc-core_2021-01-01.xsd#ferc_YearPlantOriginallyConstructed" ns2:label="ferc_YearPlantOriginallyConstructed" ns2:type="locator" />
        <ns0:presentationArc order="5" preferredLabel="http://ferc.gov/form/2020-01-01/roles/label/F1SteamElectricPlantStats" ns2:arcrole="http://www.xbrl.org/2003/arcrole/parent-child" ns2:from="ferc_SteamElectricGeneratingPlantStatisticsLineItems" ns2:to="ferc_YearPlantOriginallyConstructed" ns2:type="arc" />
        <ns0:loc ns2:href="../../ferc-core_2021-01-01.xsd#ferc_YearLastUnitOfPlantInstalled" ns2:label="ferc_YearLastUnitOfPlantInstalled" ns2:type="locator" />
        <ns0:presentationArc order="6" preferredLabel="http://ferc.gov/form/2020-01-01/roles/label/F1SteamElectricPlantStats" ns2:arcrole="http://www.xbrl.org/2003/arcrole/parent-child" ns2:from="ferc_SteamElectricGeneratingPlantStatisticsLineItems" ns2:to="ferc_YearLastUnitOfPlantInstalled" ns2:type="arc" />
        <ns0:loc ns2:href="../../ferc-core_2021-01-01.xsd#ferc_InstalledCapacityOfPlant" ns2:label="ferc_InstalledCapacityOfPlant" ns2:type="locator" />
        <ns0:presentationArc order="7" preferredLabel="http://ferc.gov/form/2020-01-01/roles/label/F1SteamElectricPlantStats" ns2:arcrole="http://www.xbrl.org/2003/arcrole/parent-child" ns2:from="ferc_SteamElectricGeneratingPlantStatisticsLineItems" ns2:to="ferc_InstalledCapacityOfPlant" ns2:type="arc" />
        <ns0:loc ns2:href="../../ferc-core_2021-01-01.xsd#ferc_NetPeakDemandOnPlant" ns2:label="ferc_NetPeakDemandOnPlant" ns2:type="locator" />
        <ns0:presentationArc order="8" preferredLabel="http://ferc.gov/form/2020-01-01/roles/label/F1SteamElectricPlantStats" ns2:arcrole="http://www.xbrl.org/2003/arcrole/parent-child" ns2:from="ferc_SteamElectricGeneratingPlantStatisticsLineItems" ns2:to="ferc_NetPeakDemandOnPlant" ns2:type="arc" />
        <ns0:loc ns2:href="../../ferc-core_2021-01-01.xsd#ferc_PlantHoursConnectedToLoad" ns2:label="ferc_PlantHoursConnectedToLoad" ns2:type="locator" />
        <ns0:presentationArc order="9" preferredLabel="http://ferc.gov/form/2020-01-01/roles/label/F1SteamElectricPlantStats" ns2:arcrole="http://www.xbrl.org/2003/arcrole/parent-child" ns2:from="ferc_SteamElectricGeneratingPlantStatisticsLineItems" ns2:to="ferc_PlantHoursConnectedToLoad" ns2:type="arc" />
        <ns0:loc ns2:href="../../ferc-core_2021-01-01.xsd#ferc_NetContinuousPlantCapability" ns2:label="ferc_NetContinuousPlantCapability" ns2:type="locator" />
        <ns0:presentationArc order="10" preferredLabel="http://ferc.gov/form/2020-01-01/roles/label/F1SteamElectricPlantStats" ns2:arcrole="http://www.xbrl.org/2003/arcrole/parent-child" ns2:from="ferc_SteamElectricGeneratingPlantStatisticsLineItems" ns2:to="ferc_NetContinuousPlantCapability" ns2:type="arc" />
        <ns0:loc ns2:href="../../ferc-core_2021-01-01.xsd#ferc_NetContinuousPlantCapabilityNotLimitedByCondenserWater" ns2:label="ferc_NetContinuousPlantCapabilityNotLimitedByCondenserWater" ns2:type="locator" />
        <ns0:presentationArc order="11" preferredLabel="http://ferc.gov/form/2020-01-01/roles/label/F1SteamElectricPlantStats" ns2:arcrole="http://www.xbrl.org/2003/arcrole/parent-child" ns2:from="ferc_SteamElectricGeneratingPlantStatisticsLineItems" ns2:to="ferc_NetContinuousPlantCapabilityNotLimitedByCondenserWater" ns2:type="arc" />
        <ns0:loc ns2:href="../../ferc-core_2021-01-01.xsd#ferc_NetContinuousPlantCapabilityLimitedByCondenserWater" ns2:label="ferc_NetContinuousPlantCapabilityLimitedByCondenserWater" ns2:type="locator" />
        <ns0:presentationArc order="12" preferredLabel="http://ferc.gov/form/2020-01-01/roles/label/F1SteamElectricPlantStats" ns2:arcrole="http://www.xbrl.org/2003/arcrole/parent-child" ns2:from="ferc_SteamElectricGeneratingPlantStatisticsLineItems" ns2:to="ferc_NetContinuousPlantCapabilityLimitedByCondenserWater" ns2:type="arc" />
        <ns0:loc ns2:href="../../ferc-core_2021-01-01.xsd#ferc_PlantAverageNumberOfEmployees" ns2:label="ferc_PlantAverageNumberOfEmployees" ns2:type="locator" />
        <ns0:presentationArc order="13" preferredLabel="http://ferc.gov/form/2020-01-01/roles/label/F1SteamElectricPlantStats" ns2:arcrole="http://www.xbrl.org/2003/arcrole/parent-child" ns2:from="ferc_SteamElectricGeneratingPlantStatisticsLineItems" ns2:to="ferc_PlantAverageNumberOfEmployees" ns2:type="arc" />
        <ns0:loc ns2:href="../../ferc-core_2021-01-01.xsd#ferc_NetGenerationExcludingPlantUse" ns2:label="ferc_NetGenerationExcludingPlantUse" ns2:type="locator" />
        <ns0:presentationArc order="14" preferredLabel="http://ferc.gov/form/2020-01-01/roles/label/F1SteamElectricPlantStats" ns2:arcrole="http://www.xbrl.org/2003/arcrole/parent-child" ns2:from="ferc_SteamElectricGeneratingPlantStatisticsLineItems" ns2:to="ferc_NetGenerationExcludingPlantUse" ns2:type="arc" />
        <ns0:loc ns2:href="../../ferc-core_2021-01-01.xsd#ferc_CostOfLandAndLandRightsSteamProduction" ns2:label="ferc_CostOfLandAndLandRightsSteamProduction" ns2:type="locator" />
        <ns0:presentationArc order="15" preferredLabel="http://ferc.gov/form/2020-01-01/roles/label/F1SteamElectricPlantStats" ns2:arcrole="http://www.xbrl.org/2003/arcrole/parent-child" ns2:from="ferc_SteamElectricGeneratingPlantStatisticsLineItems" ns2:to="ferc_CostOfLandAndLandRightsSteamProduction" ns2:type="arc" />
        <ns0:loc ns2:href="../../ferc-core_2021-01-01.xsd#ferc_CostOfStructuresAndImprovementsSteamProduction" ns2:label="ferc_CostOfStructuresAndImprovementsSteamProduction" ns2:type="locator" />
        <ns0:presentationArc order="16" preferredLabel="http://ferc.gov/form/2020-01-01/roles/label/F1SteamElectricPlantStats" ns2:arcrole="http://www.xbrl.org/2003/arcrole/parent-child" ns2:from="ferc_SteamElectricGeneratingPlantStatisticsLineItems" ns2:to="ferc_CostOfStructuresAndImprovementsSteamProduction" ns2:type="arc" />
        <ns0:loc ns2:href="../../ferc-core_2021-01-01.xsd#ferc_CostOfEquipmentSteamProduction" ns2:label="ferc_CostOfEquipmentSteamProduction" ns2:type="locator" />
        <ns0:presentationArc order="17" preferredLabel="http://ferc.gov/form/2020-01-01/roles/label/F1SteamElectricPlantStats" ns2:arcrole="http://www.xbrl.org/2003/arcrole/parent-child" ns2:from="ferc_SteamElectricGeneratingPlantStatisticsLineItems" ns2:to="ferc_CostOfEquipmentSteamProduction" ns2:type="arc" />
        <ns0:loc ns2:href="../../ferc-core_2021-01-01.xsd#ferc_AssetRetirementCostsSteamProduction" ns2:label="ferc_AssetRetirementCostsSteamProduction" ns2:type="locator" />
        <ns0:presentationArc order="18" preferredLabel="http://ferc.gov/form/2020-01-01/roles/label/F1SteamElectricPlantStats" ns2:arcrole="http://www.xbrl.org/2003/arcrole/parent-child" ns2:from="ferc_SteamElectricGeneratingPlantStatisticsLineItems" ns2:to="ferc_AssetRetirementCostsSteamProduction" ns2:type="arc" />
        <ns0:loc ns2:href="../../ferc-core_2021-01-01.xsd#ferc_CostOfPlant" ns2:label="ferc_CostOfPlant" ns2:type="locator" />
        <ns0:presentationArc order="19" preferredLabel="http://ferc.gov/form/2020-01-01/roles/label/F1Total" ns2:arcrole="http://www.xbrl.org/2003/arcrole/parent-child" ns2:from="ferc_SteamElectricGeneratingPlantStatisticsLineItems" ns2:to="ferc_CostOfPlant" ns2:type="arc" />
        <ns0:loc ns2:href="../../ferc-core_2021-01-01.xsd#ferc_CostPerKilowattOfInstalledCapacity" ns2:label="ferc_CostPerKilowattOfInstalledCapacity" ns2:type="locator" />
        <ns0:presentationArc order="20" preferredLabel="http://ferc.gov/form/2020-01-01/roles/label/F1SteamElectricPlantStats" ns2:arcrole="http://www.xbrl.org/2003/arcrole/parent-child" ns2:from="ferc_SteamElectricGeneratingPlantStatisticsLineItems" ns2:to="ferc_CostPerKilowattOfInstalledCapacity" ns2:type="arc" />
        <ns0:loc ns2:href="../../ferc-core_2021-01-01.xsd#ferc_OperationSupervisionAndEngineeringExpense" ns2:label="ferc_OperationSupervisionAndEngineeringExpense" ns2:type="locator" />
        <ns0:presentationArc order="21" preferredLabel="http://ferc.gov/form/2020-01-01/roles/label/F1SteamElectricPlantStats" ns2:arcrole="http://www.xbrl.org/2003/arcrole/parent-child" ns2:from="ferc_SteamElectricGeneratingPlantStatisticsLineItems" ns2:to="ferc_OperationSupervisionAndEngineeringExpense" ns2:type="arc" />
        <ns0:loc ns2:href="../../ferc-core_2021-01-01.xsd#ferc_FuelSteamPowerGeneration" ns2:label="ferc_FuelSteamPowerGeneration" ns2:type="locator" />
        <ns0:presentationArc order="22" preferredLabel="http://ferc.gov/form/2020-01-01/roles/label/F1SteamElectricPlantStats" ns2:arcrole="http://www.xbrl.org/2003/arcrole/parent-child" ns2:from="ferc_SteamElectricGeneratingPlantStatisticsLineItems" ns2:to="ferc_FuelSteamPowerGeneration" ns2:type="arc" />
        <ns0:loc ns2:href="../../ferc-core_2021-01-01.xsd#ferc_CoolantsAndWater" ns2:label="ferc_CoolantsAndWater" ns2:type="locator" />
        <ns0:presentationArc order="23" preferredLabel="http://ferc.gov/form/2020-01-01/roles/label/F1SteamElectricPlantStats" ns2:arcrole="http://www.xbrl.org/2003/arcrole/parent-child" ns2:from="ferc_SteamElectricGeneratingPlantStatisticsLineItems" ns2:to="ferc_CoolantsAndWater" ns2:type="arc" />
        <ns0:loc ns2:href="../../ferc-core_2021-01-01.xsd#ferc_SteamExpensesSteamPowerGeneration" ns2:label="ferc_SteamExpensesSteamPowerGeneration" ns2:type="locator" />
        <ns0:presentationArc order="24" preferredLabel="http://ferc.gov/form/2020-01-01/roles/label/F1SteamElectricPlantStats" ns2:arcrole="http://www.xbrl.org/2003/arcrole/parent-child" ns2:from="ferc_SteamElectricGeneratingPlantStatisticsLineItems" ns2:to="ferc_SteamExpensesSteamPowerGeneration" ns2:type="arc" />
        <ns0:loc ns2:href="../../ferc-core_2021-01-01.xsd#ferc_SteamFromOtherSources" ns2:label="ferc_SteamFromOtherSources" ns2:type="locator" />
        <ns0:presentationArc order="25" preferredLabel="http://ferc.gov/form/2020-01-01/roles/label/F1SteamElectricPlantStats" ns2:arcrole="http://www.xbrl.org/2003/arcrole/parent-child" ns2:from="ferc_SteamElectricGeneratingPlantStatisticsLineItems" ns2:to="ferc_SteamFromOtherSources" ns2:type="arc" />
        <ns0:loc ns2:href="../../ferc-core_2021-01-01.xsd#ferc_SteamTransferredCredit" ns2:label="ferc_SteamTransferredCredit" ns2:type="locator" />
        <ns0:presentationArc order="26" preferredLabel="http://ferc.gov/form/2020-01-01/roles/label/F1SteamElectricPlantStats" ns2:arcrole="http://www.xbrl.org/2003/arcrole/parent-child" ns2:from="ferc_SteamElectricGeneratingPlantStatisticsLineItems" ns2:to="ferc_SteamTransferredCredit" ns2:type="arc" />
        <ns0:loc ns2:href="../../ferc-core_2021-01-01.xsd#ferc_ElectricExpensesSteamPowerGeneration" ns2:label="ferc_ElectricExpensesSteamPowerGeneration" ns2:type="locator" />
        <ns0:presentationArc order="27" preferredLabel="http://ferc.gov/form/2020-01-01/roles/label/F1SteamElectricPlantStats" ns2:arcrole="http://www.xbrl.org/2003/arcrole/parent-child" ns2:from="ferc_SteamElectricGeneratingPlantStatisticsLineItems" ns2:to="ferc_ElectricExpensesSteamPowerGeneration" ns2:type="arc" />
        <ns0:loc ns2:href="../../ferc-core_2021-01-01.xsd#ferc_MiscellaneousSteamPowerExpenses" ns2:label="ferc_MiscellaneousSteamPowerExpenses" ns2:type="locator" />
        <ns0:presentationArc order="28" preferredLabel="http://ferc.gov/form/2020-01-01/roles/label/F1SteamElectricPlantStats" ns2:arcrole="http://www.xbrl.org/2003/arcrole/parent-child" ns2:from="ferc_SteamElectricGeneratingPlantStatisticsLineItems" ns2:to="ferc_MiscellaneousSteamPowerExpenses" ns2:type="arc" />
        <ns0:loc ns2:href="../../ferc-core_2021-01-01.xsd#ferc_RentsSteamPowerGeneration" ns2:label="ferc_RentsSteamPowerGeneration" ns2:type="locator" />
        <ns0:presentationArc order="29" preferredLabel="http://ferc.gov/form/2020-01-01/roles/label/F1SteamElectricPlantStats" ns2:arcrole="http://www.xbrl.org/2003/arcrole/parent-child" ns2:from="ferc_SteamElectricGeneratingPlantStatisticsLineItems" ns2:to="ferc_RentsSteamPowerGeneration" ns2:type="arc" />
        <ns0:loc ns2:href="../../ferc-core_2021-01-01.xsd#ferc_Allowances" ns2:label="ferc_Allowances" ns2:type="locator" />
        <ns0:presentationArc order="30" preferredLabel="http://ferc.gov/form/2020-01-01/roles/label/F1SteamElectricPlantStats" ns2:arcrole="http://www.xbrl.org/2003/arcrole/parent-child" ns2:from="ferc_SteamElectricGeneratingPlantStatisticsLineItems" ns2:to="ferc_Allowances" ns2:type="arc" />
        <ns0:loc ns2:href="../../ferc-core_2021-01-01.xsd#ferc_MaintenanceSupervisionAndEngineeringSteamPowerGeneration" ns2:label="ferc_MaintenanceSupervisionAndEngineeringSteamPowerGeneration" ns2:type="locator" />
        <ns0:presentationArc order="31" preferredLabel="http://ferc.gov/form/2020-01-01/roles/label/F1SteamElectricPlantStats" ns2:arcrole="http://www.xbrl.org/2003/arcrole/parent-child" ns2:from="ferc_SteamElectricGeneratingPlantStatisticsLineItems" ns2:to="ferc_MaintenanceSupervisionAndEngineeringSteamPowerGeneration" ns2:type="arc" />
        <ns0:loc ns2:href="../../ferc-core_2021-01-01.xsd#ferc_MaintenanceOfStructuresSteamPowerGeneration" ns2:label="ferc_MaintenanceOfStructuresSteamPowerGeneration" ns2:type="locator" />
        <ns0:presentationArc order="32" preferredLabel="http://ferc.gov/form/2020-01-01/roles/label/F1SteamElectricPlantStats" ns2:arcrole="http://www.xbrl.org/2003/arcrole/parent-child" ns2:from="ferc_SteamElectricGeneratingPlantStatisticsLineItems" ns2:to="ferc_MaintenanceOfStructuresSteamPowerGeneration" ns2:type="arc" />
        <ns0:loc ns2:href="../../ferc-core_2021-01-01.xsd#ferc_MaintenanceOfBoilerPlantSteamPowerGeneration" ns2:label="ferc_MaintenanceOfBoilerPlantSteamPowerGeneration" ns2:type="locator" />
        <ns0:presentationArc order="33" preferredLabel="http://ferc.gov/form/2020-01-01/roles/label/F1SteamElectricPlantStats" ns2:arcrole="http://www.xbrl.org/2003/arcrole/parent-child" ns2:from="ferc_SteamElectricGeneratingPlantStatisticsLineItems" ns2:to="ferc_MaintenanceOfBoilerPlantSteamPowerGeneration" ns2:type="arc" />
        <ns0:loc ns2:href="../../ferc-core_2021-01-01.xsd#ferc_MaintenanceOfElectricPlantSteamPowerGeneration" ns2:label="ferc_MaintenanceOfElectricPlantSteamPowerGeneration" ns2:type="locator" />
        <ns0:presentationArc order="34" preferredLabel="http://ferc.gov/form/2020-01-01/roles/label/F1SteamElectricPlantStats" ns2:arcrole="http://www.xbrl.org/2003/arcrole/parent-child" ns2:from="ferc_SteamElectricGeneratingPlantStatisticsLineItems" ns2:to="ferc_MaintenanceOfElectricPlantSteamPowerGeneration" ns2:type="arc" />
        <ns0:loc ns2:href="../../ferc-core_2021-01-01.xsd#ferc_MaintenanceOfMiscellaneousSteamPlant" ns2:label="ferc_MaintenanceOfMiscellaneousSteamPlant" ns2:type="locator" />
        <ns0:presentationArc order="35" preferredLabel="http://ferc.gov/form/2020-01-01/roles/label/F1SteamElectricPlantStats" ns2:arcrole="http://www.xbrl.org/2003/arcrole/parent-child" ns2:from="ferc_SteamElectricGeneratingPlantStatisticsLineItems" ns2:to="ferc_MaintenanceOfMiscellaneousSteamPlant" ns2:type="arc" />
        <ns0:loc ns2:href="../../ferc-core_2021-01-01.xsd#ferc_PowerProductionExpensesSteamPower" ns2:label="ferc_PowerProductionExpensesSteamPower" ns2:type="locator" />
        <ns0:presentationArc order="36" preferredLabel="http://ferc.gov/form/2020-01-01/roles/label/F1Total" ns2:arcrole="http://www.xbrl.org/2003/arcrole/parent-child" ns2:from="ferc_SteamElectricGeneratingPlantStatisticsLineItems" ns2:to="ferc_PowerProductionExpensesSteamPower" ns2:type="arc" />
        <ns0:loc ns2:href="../../ferc-core_2021-01-01.xsd#ferc_ExpensesPerNetKilowattHour" ns2:label="ferc_ExpensesPerNetKilowattHour" ns2:type="locator" />
        <ns0:presentationArc order="37" preferredLabel="http://ferc.gov/form/2020-01-01/roles/label/F1SteamElectricPlantStats" ns2:arcrole="http://www.xbrl.org/2003/arcrole/parent-child" ns2:from="ferc_SteamElectricGeneratingPlantStatisticsLineItems" ns2:to="ferc_ExpensesPerNetKilowattHour" ns2:type="arc" />
    </ns0:presentationLink>
    <ns0:presentationLink ns2:role="http://ferc.gov/form/2020-01-01/roles/Schedule/F1/ScheduleSteamElectricGeneratingPlantStatisticsFuelStatistics" ns2:type="extended">
        <ns0:loc ns2:href="../../ferc-core_2021-01-01.xsd#ferc_ScheduleSteamElectricGeneratingPlantStatisticsAbstract" ns2:label="ferc_ScheduleSteamElectricGeneratingPlantStatisticsAbstract" ns2:type="locator" />
        <ns0:loc ns2:href="../../ferc-core_2021-01-01.xsd#ferc_SteamElectricGeneratingPlantStatisticsTable" ns2:label="ferc_SteamElectricGeneratingPlantStatisticsTable" ns2:type="locator" />
        <ns0:presentationArc order="1" ns2:arcrole="http://www.xbrl.org/2003/arcrole/parent-child" ns2:from="ferc_ScheduleSteamElectricGeneratingPlantStatisticsAbstract" ns2:to="ferc_SteamElectricGeneratingPlantStatisticsTable" ns2:type="arc" />
        <ns0:loc ns2:href="../../ferc-core_2021-01-01.xsd#ferc_PlantNameAxis" ns2:label="ferc_PlantNameAxis" ns2:type="locator" />
        <ns0:presentationArc order="1" ns2:arcrole="http://www.xbrl.org/2003/arcrole/parent-child" ns2:from="ferc_SteamElectricGeneratingPlantStatisticsTable" ns2:to="ferc_PlantNameAxis" ns2:type="arc" />
        <ns0:loc ns2:href="../../ferc-core_2021-01-01.xsd#ferc_FuelKindAxis" ns2:label="ferc_FuelKindAxis" ns2:type="locator" />
        <ns0:presentationArc order="2" ns2:arcrole="http://www.xbrl.org/2003/arcrole/parent-child" ns2:from="ferc_SteamElectricGeneratingPlantStatisticsTable" ns2:to="ferc_FuelKindAxis" ns2:type="arc" />
        <ns0:loc ns2:href="../../ferc-core_2021-01-01.xsd#ferc_SteamElectricGeneratingPlantStatisticsLineItems" ns2:label="ferc_SteamElectricGeneratingPlantStatisticsLineItems" ns2:type="locator" />
        <ns0:presentationArc order="3" ns2:arcrole="http://www.xbrl.org/2003/arcrole/parent-child" ns2:from="ferc_SteamElectricGeneratingPlantStatisticsTable" ns2:to="ferc_SteamElectricGeneratingPlantStatisticsLineItems" ns2:type="arc" />
        <ns0:loc ns2:href="../../ferc-core_2021-01-01.xsd#ferc_FuelKind" ns2:label="ferc_FuelKind" ns2:type="locator" />
        <ns0:presentationArc order="1" preferredLabel="http://ferc.gov/form/2020-01-01/roles/label/F1SteamElectricPlantStats" ns2:arcrole="http://www.xbrl.org/2003/arcrole/parent-child" ns2:from="ferc_SteamElectricGeneratingPlantStatisticsLineItems" ns2:to="ferc_FuelKind" ns2:type="arc" />
        <ns0:loc ns2:href="../../ferc-core_2021-01-01.xsd#ferc_FuelUnit" ns2:label="ferc_FuelUnit" ns2:type="locator" />
        <ns0:presentationArc order="2" preferredLabel="http://ferc.gov/form/2020-01-01/roles/label/F1SteamElectricPlantStats" ns2:arcrole="http://www.xbrl.org/2003/arcrole/parent-child" ns2:from="ferc_SteamElectricGeneratingPlantStatisticsLineItems" ns2:to="ferc_FuelUnit" ns2:type="arc" />
        <ns0:loc ns2:href="../../ferc-core_2021-01-01.xsd#ferc_QuantityOfFuelBurned" ns2:label="ferc_QuantityOfFuelBurned" ns2:type="locator" />
        <ns0:presentationArc order="3" preferredLabel="http://ferc.gov/form/2020-01-01/roles/label/F1SteamElectricPlantStats" ns2:arcrole="http://www.xbrl.org/2003/arcrole/parent-child" ns2:from="ferc_SteamElectricGeneratingPlantStatisticsLineItems" ns2:to="ferc_QuantityOfFuelBurned" ns2:type="arc" />
        <ns0:loc ns2:href="../../ferc-core_2021-01-01.xsd#ferc_FuelBurnedAverageHeatContent" ns2:label="ferc_FuelBurnedAverageHeatContent" ns2:type="locator" />
        <ns0:presentationArc order="4" preferredLabel="http://ferc.gov/form/2020-01-01/roles/label/F1SteamElectricPlantStats" ns2:arcrole="http://www.xbrl.org/2003/arcrole/parent-child" ns2:from="ferc_SteamElectricGeneratingPlantStatisticsLineItems" ns2:to="ferc_FuelBurnedAverageHeatContent" ns2:type="arc" />
        <ns0:loc ns2:href="../../ferc-core_2021-01-01.xsd#ferc_AverageCostOfFuelPerUnitAsDelivered" ns2:label="ferc_AverageCostOfFuelPerUnitAsDelivered" ns2:type="locator" />
        <ns0:presentationArc order="5" preferredLabel="http://ferc.gov/form/2020-01-01/roles/label/F1SteamElectricPlantStats" ns2:arcrole="http://www.xbrl.org/2003/arcrole/parent-child" ns2:from="ferc_SteamElectricGeneratingPlantStatisticsLineItems" ns2:to="ferc_AverageCostOfFuelPerUnitAsDelivered" ns2:type="arc" />
        <ns0:loc ns2:href="../../ferc-core_2021-01-01.xsd#ferc_AverageCostOfFuelPerUnitBurned" ns2:label="ferc_AverageCostOfFuelPerUnitBurned" ns2:type="locator" />
        <ns0:presentationArc order="6" preferredLabel="http://ferc.gov/form/2020-01-01/roles/label/F1SteamElectricPlantStats" ns2:arcrole="http://www.xbrl.org/2003/arcrole/parent-child" ns2:from="ferc_SteamElectricGeneratingPlantStatisticsLineItems" ns2:to="ferc_AverageCostOfFuelPerUnitBurned" ns2:type="arc" />
        <ns0:loc ns2:href="../../ferc-core_2021-01-01.xsd#ferc_AverageCostOfFuelBurnedPerMillionBritishThermalUnit" ns2:label="ferc_AverageCostOfFuelBurnedPerMillionBritishThermalUnit" ns2:type="locator" />
        <ns0:presentationArc order="7" preferredLabel="http://ferc.gov/form/2020-01-01/roles/label/F1SteamElectricPlantStats" ns2:arcrole="http://www.xbrl.org/2003/arcrole/parent-child" ns2:from="ferc_SteamElectricGeneratingPlantStatisticsLineItems" ns2:to="ferc_AverageCostOfFuelBurnedPerMillionBritishThermalUnit" ns2:type="arc" />
        <ns0:loc ns2:href="../../ferc-core_2021-01-01.xsd#ferc_AverageCostOfFuelBurnedPerKilowattHourNetGeneration" ns2:label="ferc_AverageCostOfFuelBurnedPerKilowattHourNetGeneration" ns2:type="locator" />
        <ns0:presentationArc order="8" preferredLabel="http://ferc.gov/form/2020-01-01/roles/label/F1SteamElectricPlantStats" ns2:arcrole="http://www.xbrl.org/2003/arcrole/parent-child" ns2:from="ferc_SteamElectricGeneratingPlantStatisticsLineItems" ns2:to="ferc_AverageCostOfFuelBurnedPerKilowattHourNetGeneration" ns2:type="arc" />
        <ns0:loc ns2:href="../../ferc-core_2021-01-01.xsd#ferc_AverageBritishThermalUnitPerKilowattHourNetGeneration" ns2:label="ferc_AverageBritishThermalUnitPerKilowattHourNetGeneration" ns2:type="locator" />
        <ns0:presentationArc order="9" preferredLabel="http://ferc.gov/form/2020-01-01/roles/label/F1SteamElectricPlantStats" ns2:arcrole="http://www.xbrl.org/2003/arcrole/parent-child" ns2:from="ferc_SteamElectricGeneratingPlantStatisticsLineItems" ns2:to="ferc_AverageBritishThermalUnitPerKilowattHourNetGeneration" ns2:type="arc" />
    </ns0:presentationLink>
</ns0:linkbase>