<ns0:linkbase xmlns:ns0="http://www.xbrl.org/2003/linkbase" xmlns:ns2="http://www.w3.org/1999/xlink" xmlns:ns3="http://xbrl.org/2005/xbrldt" xmlns:xsi="http://www.w3.org/2001/XMLSchema-instance" xsi:schemaLocation="http://www.xbrl.org/2003/linkbase http://www.xbrl.org/2003/xbrl-linkbase-2003-12-31.xsd">
    <ns0:arcroleRef arcroleURI="http://xbrl.org/int/dim/arcrole/dimension-domain" ns2:href="http://www.xbrl.org/2005/xbrldt-2005.xsd#dimension-domain" ns2:type="simple" />
    <ns0:arcroleRef arcroleURI="http://xbrl.org/int/dim/arcrole/dimension-default" ns2:href="http://www.xbrl.org/2005/xbrldt-2005.xsd#dimension-default" ns2:type="simple" />
    <ns0:arcroleRef arcroleURI="http://xbrl.org/int/dim/arcrole/hypercube-dimension" ns2:href="http://www.xbrl.org/2005/xbrldt-2005.xsd#hypercube-dimension" ns2:type="simple" />
    <ns0:arcroleRef arcroleURI="http://xbrl.org/int/dim/arcrole/all" ns2:href="http://www.xbrl.org/2005/xbrldt-2005.xsd#all" ns2:type="simple" />
    <ns0:roleRef roleURI="http://ferc.gov/form/2020-01-01/roles/Schedule/F1/ScheduleSteamElectricGeneratingPlantStatisticsFuelStatistics" ns2:href="form-1-sched-ScheduleSteamElectricGeneratingPlantStatistics_2021-01-01.xsd#roleType_ScheduleSteamElectricGeneratingPlantStatisticsFuelStatistics" ns2:type="simple" />
    <ns0:roleRef roleURI="http://ferc.gov/form/2020-01-01/roles/Schedule/F1/ScheduleSteamElectricGeneratingPlantStatistics" ns2:href="form-1-sched-ScheduleSteamElectricGeneratingPlantStatistics_2021-01-01.xsd#roleType_ScheduleSteamElectricGeneratingPlantStatistics" ns2:type="simple" />
    <ns0:arcroleRef arcroleURI="http://xbrl.org/int/dim/arcrole/domain-member" ns2:href="http://www.xbrl.org/2005/xbrldt-2005.xsd#domain-member" ns2:type="simple" />
    <ns0:definitionLink ns2:role="http://ferc.gov/form/2020-01-01/roles/Schedule/F1/ScheduleSteamElectricGeneratingPlantStatistics" ns2:type="extended">
        <ns0:loc ns2:href="../../ferc-core_2021-01-01.xsd#ferc_ScheduleSteamElectricGeneratingPlantStatisticsAbstract" ns2:label="ferc_ScheduleSteamElectricGeneratingPlantStatisticsAbstract" ns2:type="locator" />
        <ns0:loc ns2:href="../../ferc-core_2021-01-01.xsd#ferc_SteamElectricGeneratingPlantStatisticsLineItems" ns2:label="ferc_SteamElectricGeneratingPlantStatisticsLineItems" ns2:type="locator" />
        <ns0:definitionArc order="1" ns2:arcrole="http://xbrl.org/int/dim/arcrole/domain-member" ns2:from="ferc_ScheduleSteamElectricGeneratingPlantStatisticsAbstract" ns2:to="ferc_SteamElectricGeneratingPlantStatisticsLineItems" ns2:type="arc" />
        <ns0:loc ns2:href="../../ferc-core_2021-01-01.xsd#ferc_SteamElectricGeneratingPlantStatisticsTable" ns2:label="ferc_SteamElectricGeneratingPlantStatisticsTable" ns2:type="locator" />
        <ns0:definitionArc order="1" ns2:arcrole="http://xbrl.org/int/dim/arcrole/all" ns2:from="ferc_SteamElectricGeneratingPlantStatisticsLineItems" ns2:to="ferc_SteamElectricGeneratingPlantStatisticsTable" ns2:type="arc" ns3:closed="true" ns3:contextElement="segment" />
        <ns0:loc ns2:href="../../ferc-core_2021-01-01.xsd#ferc_PlantNameAxis" ns2:label="ferc_PlantNameAxis" ns2:type="locator" />
        <ns0:definitionArc order="1" ns2:arcrole="http://xbrl.org/int/dim/arcrole/hypercube-dimension" ns2:from="ferc_SteamElectricGeneratingPlantStatisticsTable" ns2:to="ferc_PlantNameAxis" ns2:type="arc" />
        <ns0:loc ns2:href="../../ferc-core_2021-01-01.xsd#ferc_OrderNumber" ns2:label="ferc_OrderNumber" ns2:type="locator" />
        <ns0:definitionArc order="2" ns2:arcrole="http://xbrl.org/int/dim/arcrole/domain-member" ns2:from="ferc_SteamElectricGeneratingPlantStatisticsLineItems" ns2:to="ferc_OrderNumber" ns2:type="arc" />
        <ns0:loc ns2:href="../../ferc-core_2021-01-01.xsd#ferc_PlantName" ns2:label="ferc_PlantName" ns2:type="locator" />
        <ns0:definitionArc order="3" ns2:arcrole="http://xbrl.org/int/dim/arcrole/domain-member" ns2:from="ferc_SteamElectricGeneratingPlantStatisticsLineItems" ns2:to="ferc_PlantName" ns2:type="arc" />
        <ns0:loc ns2:href="../../ferc-core_2021-01-01.xsd#ferc_PlantKind" ns2:label="ferc_PlantKind" ns2:type="locator" />
        <ns0:definitionArc order="4" ns2:arcrole="http://xbrl.org/int/dim/arcrole/domain-member" ns2:from="ferc_SteamElectricGeneratingPlantStatisticsLineItems" ns2:to="ferc_PlantKind" ns2:type="arc" />
        <ns0:loc ns2:href="../../ferc-core_2021-01-01.xsd#ferc_PlantConstructionType" ns2:label="ferc_PlantConstructionType" ns2:type="locator" />
        <ns0:definitionArc order="5" ns2:arcrole="http://xbrl.org/int/dim/arcrole/domain-member" ns2:from="ferc_SteamElectricGeneratingPlantStatisticsLineItems" ns2:to="ferc_PlantConstructionType" ns2:type="arc" />
        <ns0:loc ns2:href="../../ferc-core_2021-01-01.xsd#ferc_YearPlantOriginallyConstructed" ns2:label="ferc_YearPlantOriginallyConstructed" ns2:type="locator" />
        <ns0:definitionArc order="6" ns2:arcrole="http://xbrl.org/int/dim/arcrole/domain-member" ns2:from="ferc_SteamElectricGeneratingPlantStatisticsLineItems" ns2:to="ferc_YearPlantOriginallyConstructed" ns2:type="arc" />
        <ns0:loc ns2:href="../../ferc-core_2021-01-01.xsd#ferc_YearLastUnitOfPlantInstalled" ns2:label="ferc_YearLastUnitOfPlantInstalled" ns2:type="locator" />
        <ns0:definitionArc order="7" ns2:arcrole="http://xbrl.org/int/dim/arcrole/domain-member" ns2:from="ferc_SteamElectricGeneratingPlantStatisticsLineItems" ns2:to="ferc_YearLastUnitOfPlantInstalled" ns2:type="arc" />
        <ns0:loc ns2:href="../../ferc-core_2021-01-01.xsd#ferc_InstalledCapacityOfPlant" ns2:label="ferc_InstalledCapacityOfPlant" ns2:type="locator" />
        <ns0:definitionArc order="8" ns2:arcrole="http://xbrl.org/int/dim/arcrole/domain-member" ns2:from="ferc_SteamElectricGeneratingPlantStatisticsLineItems" ns2:to="ferc_InstalledCapacityOfPlant" ns2:type="arc" />
        <ns0:loc ns2:href="../../ferc-core_2021-01-01.xsd#ferc_NetPeakDemandOnPlant" ns2:label="ferc_NetPeakDemandOnPlant" ns2:type="locator" />
        <ns0:definitionArc order="9" ns2:arcrole="http://xbrl.org/int/dim/arcrole/domain-member" ns2:from="ferc_SteamElectricGeneratingPlantStatisticsLineItems" ns2:to="ferc_NetPeakDemandOnPlant" ns2:type="arc" />
        <ns0:loc ns2:href="../../ferc-core_2021-01-01.xsd#ferc_PlantHoursConnectedToLoad" ns2:label="ferc_PlantHoursConnectedToLoad" ns2:type="locator" />
        <ns0:definitionArc order="10" ns2:arcrole="http://xbrl.org/int/dim/arcrole/domain-member" ns2:from="ferc_SteamElectricGeneratingPlantStatisticsLineItems" ns2:to="ferc_PlantHoursConnectedToLoad" ns2:type="arc" />
        <ns0:loc ns2:href="../../ferc-core_2021-01-01.xsd#ferc_NetContinuousPlantCapability" ns2:label="ferc_NetContinuousPlantCapability" ns2:type="locator" />
        <ns0:definitionArc order="11" ns2:arcrole="http://xbrl.org/int/dim/arcrole/domain-member" ns2:from="ferc_SteamElectricGeneratingPlantStatisticsLineItems" ns2:to="ferc_NetContinuousPlantCapability" ns2:type="arc" />
        <ns0:loc ns2:href="../../ferc-core_2021-01-01.xsd#ferc_NetContinuousPlantCapabilityNotLimitedByCondenserWater" ns2:label="ferc_NetContinuousPlantCapabilityNotLimitedByCondenserWater" ns2:type="locator" />
        <ns0:definitionArc order="12" ns2:arcrole="http://xbrl.org/int/dim/arcrole/domain-member" ns2:from="ferc_SteamElectricGeneratingPlantStatisticsLineItems" ns2:to="ferc_NetContinuousPlantCapabilityNotLimitedByCondenserWater" ns2:type="arc" />
        <ns0:loc ns2:href="../../ferc-core_2021-01-01.xsd#ferc_NetContinuousPlantCapabilityLimitedByCondenserWater" ns2:label="ferc_NetContinuousPlantCapabilityLimitedByCondenserWater" ns2:type="locator" />
        <ns0:definitionArc order="13" ns2:arcrole="http://xbrl.org/int/dim/arcrole/domain-member" ns2:from="ferc_SteamElectricGeneratingPlantStatisticsLineItems" ns2:to="ferc_NetContinuousPlantCapabilityLimitedByCondenserWater" ns2:type="arc" />
        <ns0:loc ns2:href="../../ferc-core_2021-01-01.xsd#ferc_PlantAverageNumberOfEmployees" ns2:label="ferc_PlantAverageNumberOfEmployees" ns2:type="locator" />
        <ns0:definitionArc order="14" ns2:arcrole="http://xbrl.org/int/dim/arcrole/domain-member" ns2:from="ferc_SteamElectricGeneratingPlantStatisticsLineItems" ns2:to="ferc_PlantAverageNumberOfEmployees" ns2:type="arc" />
        <ns0:loc ns2:href="../../ferc-core_2021-01-01.xsd#ferc_NetGenerationExcludingPlantUse" ns2:label="ferc_NetGenerationExcludingPlantUse" ns2:type="locator" />
        <ns0:definitionArc order="15" ns2:arcrole="http://xbrl.org/int/dim/arcrole/domain-member" ns2:from="ferc_SteamElectricGeneratingPlantStatisticsLineItems" ns2:to="ferc_NetGenerationExcludingPlantUse" ns2:type="arc" />
        <ns0:loc ns2:href="../../ferc-core_2021-01-01.xsd#ferc_CostOfLandAndLandRightsSteamProduction" ns2:label="ferc_CostOfLandAndLandRightsSteamProduction" ns2:type="locator" />
        <ns0:definitionArc order="16" ns2:arcrole="http://xbrl.org/int/dim/arcrole/domain-member" ns2:from="ferc_SteamElectricGeneratingPlantStatisticsLineItems" ns2:to="ferc_CostOfLandAndLandRightsSteamProduction" ns2:type="arc" />
        <ns0:loc ns2:href="../../ferc-core_2021-01-01.xsd#ferc_CostOfStructuresAndImprovementsSteamProduction" ns2:label="ferc_CostOfStructuresAndImprovementsSteamProduction" ns2:type="locator" />
        <ns0:definitionArc order="17" ns2:arcrole="http://xbrl.org/int/dim/arcrole/domain-member" ns2:from="ferc_SteamElectricGeneratingPlantStatisticsLineItems" ns2:to="ferc_CostOfStructuresAndImprovementsSteamProduction" ns2:type="arc" />
        <ns0:loc ns2:href="../../ferc-core_2021-01-01.xsd#ferc_CostOfEquipmentSteamProduction" ns2:label="ferc_CostOfEquipmentSteamProduction" ns2:type="locator" />
        <ns0:definitionArc order="18" ns2:arcrole="http://xbrl.org/int/dim/arcrole/domain-member" ns2:from="ferc_SteamElectricGeneratingPlantStatisticsLineItems" ns2:to="ferc_CostOfEquipmentSteamProduction" ns2:type="arc" />
        <ns0:loc ns2:href="../../ferc-core_2021-01-01.xsd#ferc_AssetRetirementCostsSteamProduction" ns2:label="ferc_AssetRetirementCostsSteamProduction" ns2:type="locator" />
        <ns0:definitionArc order="19" ns2:arcrole="http://xbrl.org/int/dim/arcrole/domain-member" ns2:from="ferc_SteamElectricGeneratingPlantStatisticsLineItems" ns2:to="ferc_AssetRetirementCostsSteamProduction" ns2:type="arc" />
        <ns0:loc ns2:href="../../ferc-core_2021-01-01.xsd#ferc_CostOfPlant" ns2:label="ferc_CostOfPlant" ns2:type="locator" />
        <ns0:definitionArc order="20" ns2:arcrole="http://xbrl.org/int/dim/arcrole/domain-member" ns2:from="ferc_SteamElectricGeneratingPlantStatisticsLineItems" ns2:to="ferc_CostOfPlant" ns2:type="arc" />
        <ns0:loc ns2:href="../../ferc-core_2021-01-01.xsd#ferc_CostPerKilowattOfInstalledCapacity" ns2:label="ferc_CostPerKilowattOfInstalledCapacity" ns2:type="locator" />
        <ns0:definitionArc order="21" ns2:arcrole="http://xbrl.org/int/dim/arcrole/domain-member" ns2:from="ferc_SteamElectricGeneratingPlantStatisticsLineItems" ns2:to="ferc_CostPerKilowattOfInstalledCapacity" ns2:type="arc" />
        <ns0:loc ns2:href="../../ferc-core_2021-01-01.xsd#ferc_OperationSupervisionAndEngineeringExpense" ns2:label="ferc_OperationSupervisionAndEngineeringExpense" ns2:type="locator" />
        <ns0:definitionArc order="22" ns2:arcrole="http://xbrl.org/int/dim/arcrole/domain-member" ns2:from="ferc_SteamElectricGeneratingPlantStatisticsLineItems" ns2:to="ferc_OperationSupervisionAndEngineeringExpense" ns2:type="arc" />
        <ns0:loc ns2:href="../../ferc-core_2021-01-01.xsd#ferc_FuelSteamPowerGeneration" ns2:label="ferc_FuelSteamPowerGeneration" ns2:type="locator" />
        <ns0:definitionArc order="23" ns2:arcrole="http://xbrl.org/int/dim/arcrole/domain-member" ns2:from="ferc_SteamElectricGeneratingPlantStatisticsLineItems" ns2:to="ferc_FuelSteamPowerGeneration" ns2:type="arc" />
        <ns0:loc ns2:href="../../ferc-core_2021-01-01.xsd#ferc_CoolantsAndWater" ns2:label="ferc_CoolantsAndWater" ns2:type="locator" />
        <ns0:definitionArc order="24" ns2:arcrole="http://xbrl.org/int/dim/arcrole/domain-member" ns2:from="ferc_SteamElectricGeneratingPlantStatisticsLineItems" ns2:to="ferc_CoolantsAndWater" ns2:type="arc" />
        <ns0:loc ns2:href="../../ferc-core_2021-01-01.xsd#ferc_SteamExpensesSteamPowerGeneration" ns2:label="ferc_SteamExpensesSteamPowerGeneration" ns2:type="locator" />
        <ns0:definitionArc order="25" ns2:arcrole="http://xbrl.org/int/dim/arcrole/domain-member" ns2:from="ferc_SteamElectricGeneratingPlantStatisticsLineItems" ns2:to="ferc_SteamExpensesSteamPowerGeneration" ns2:type="arc" />
        <ns0:loc ns2:href="../../ferc-core_2021-01-01.xsd#ferc_SteamFromOtherSources" ns2:label="ferc_SteamFromOtherSources" ns2:type="locator" />
        <ns0:definitionArc order="26" ns2:arcrole="http://xbrl.org/int/dim/arcrole/domain-member" ns2:from="ferc_SteamElectricGeneratingPlantStatisticsLineItems" ns2:to="ferc_SteamFromOtherSources" ns2:type="arc" />
        <ns0:loc ns2:href="../../ferc-core_2021-01-01.xsd#ferc_SteamTransferredCredit" ns2:label="ferc_SteamTransferredCredit" ns2:type="locator" />
        <ns0:definitionArc order="27" ns2:arcrole="http://xbrl.org/int/dim/arcrole/domain-member" ns2:from="ferc_SteamElectricGeneratingPlantStatisticsLineItems" ns2:to="ferc_SteamTransferredCredit" ns2:type="arc" />
        <ns0:loc ns2:href="../../ferc-core_2021-01-01.xsd#ferc_ElectricExpensesSteamPowerGeneration" ns2:label="ferc_ElectricExpensesSteamPowerGeneration" ns2:type="locator" />
        <ns0:definitionArc order="28" ns2:arcrole="http://xbrl.org/int/dim/arcrole/domain-member" ns2:from="ferc_SteamElectricGeneratingPlantStatisticsLineItems" ns2:to="ferc_ElectricExpensesSteamPowerGeneration" ns2:type="arc" />
        <ns0:loc ns2:href="../../ferc-core_2021-01-01.xsd#ferc_MiscellaneousSteamPowerExpenses" ns2:label="ferc_MiscellaneousSteamPowerExpenses" ns2:type="locator" />
        <ns0:definitionArc order="29" ns2:arcrole="http://xbrl.org/int/dim/arcrole/domain-member" ns2:from="ferc_SteamElectricGeneratingPlantStatisticsLineItems" ns2:to="ferc_MiscellaneousSteamPowerExpenses" ns2:type="arc" />
        <ns0:loc ns2:href="../../ferc-core_2021-01-01.xsd#ferc_RentsSteamPowerGeneration" ns2:label="ferc_RentsSteamPowerGeneration" ns2:type="locator" />
        <ns0:definitionArc order="30" ns2:arcrole="http://xbrl.org/int/dim/arcrole/domain-member" ns2:from="ferc_SteamElectricGeneratingPlantStatisticsLineItems" ns2:to="ferc_RentsSteamPowerGeneration" ns2:type="arc" />
        <ns0:loc ns2:href="../../ferc-core_2021-01-01.xsd#ferc_Allowances" ns2:label="ferc_Allowances" ns2:type="locator" />
        <ns0:definitionArc order="31" ns2:arcrole="http://xbrl.org/int/dim/arcrole/domain-member" ns2:from="ferc_SteamElectricGeneratingPlantStatisticsLineItems" ns2:to="ferc_Allowances" ns2:type="arc" />
        <ns0:loc ns2:href="../../ferc-core_2021-01-01.xsd#ferc_MaintenanceSupervisionAndEngineeringSteamPowerGeneration" ns2:label="ferc_MaintenanceSupervisionAndEngineeringSteamPowerGeneration" ns2:type="locator" />
        <ns0:definitionArc order="32" ns2:arcrole="http://xbrl.org/int/dim/arcrole/domain-member" ns2:from="ferc_SteamElectricGeneratingPlantStatisticsLineItems" ns2:to="ferc_MaintenanceSupervisionAndEngineeringSteamPowerGeneration" ns2:type="arc" />
        <ns0:loc ns2:href="../../ferc-core_2021-01-01.xsd#ferc_MaintenanceOfStructuresSteamPowerGeneration" ns2:label="ferc_MaintenanceOfStructuresSteamPowerGeneration" ns2:type="locator" />
        <ns0:definitionArc order="33" ns2:arcrole="http://xbrl.org/int/dim/arcrole/domain-member" ns2:from="ferc_SteamElectricGeneratingPlantStatisticsLineItems" ns2:to="ferc_MaintenanceOfStructuresSteamPowerGeneration" ns2:type="arc" />
        <ns0:loc ns2:href="../../ferc-core_2021-01-01.xsd#ferc_MaintenanceOfBoilerPlantSteamPowerGeneration" ns2:label="ferc_MaintenanceOfBoilerPlantSteamPowerGeneration" ns2:type="locator" />
        <ns0:definitionArc order="34" ns2:arcrole="http://xbrl.org/int/dim/arcrole/domain-member" ns2:from="ferc_SteamElectricGeneratingPlantStatisticsLineItems" ns2:to="ferc_MaintenanceOfBoilerPlantSteamPowerGeneration" ns2:type="arc" />
        <ns0:loc ns2:href="../../ferc-core_2021-01-01.xsd#ferc_MaintenanceOfElectricPlantSteamPowerGeneration" ns2:label="ferc_MaintenanceOfElectricPlantSteamPowerGeneration" ns2:type="locator" />
        <ns0:definitionArc order="35" ns2:arcrole="http://xbrl.org/int/dim/arcrole/domain-member" ns2:from="ferc_SteamElectricGeneratingPlantStatisticsLineItems" ns2:to="ferc_MaintenanceOfElectricPlantSteamPowerGeneration" ns2:type="arc" />
        <ns0:loc ns2:href="../../ferc-core_2021-01-01.xsd#ferc_MaintenanceOfMiscellaneousSteamPlant" ns2:label="ferc_MaintenanceOfMiscellaneousSteamPlant" ns2:type="locator" />
        <ns0:definitionArc order="36" ns2:arcrole="http://xbrl.org/int/dim/arcrole/domain-member" ns2:from="ferc_SteamElectricGeneratingPlantStatisticsLineItems" ns2:to="ferc_MaintenanceOfMiscellaneousSteamPlant" ns2:type="arc" />
        <ns0:loc ns2:href="../../ferc-core_2021-01-01.xsd#ferc_PowerProductionExpensesSteamPower" ns2:label="ferc_PowerProductionExpensesSteamPower" ns2:type="locator" />
        <ns0:definitionArc order="37" ns2:arcrole="http://xbrl.org/int/dim/arcrole/domain-member" ns2:from="ferc_SteamElectricGeneratingPlantStatisticsLineItems" ns2:to="ferc_PowerProductionExpensesSteamPower" ns2:type="arc" />
        <ns0:loc ns2:href="../../ferc-core_2021-01-01.xsd#ferc_ExpensesPerNetKilowattHour" ns2:label="ferc_ExpensesPerNetKilowattHour" ns2:type="locator" />
        <ns0:definitionArc order="38" ns2:arcrole="http://xbrl.org/int/dim/arcrole/domain-member" ns2:from="ferc_SteamElectricGeneratingPlantStatisticsLineItems" ns2:to="ferc_ExpensesPerNetKilowattHour" ns2:type="arc" />
    </ns0:definitionLink>
    <ns0:definitionLink ns2:role="http://ferc.gov/form/2020-01-01/roles/Schedule/F1/ScheduleSteamElectricGeneratingPlantStatisticsFuelStatistics" ns2:type="extended">
        <ns0:loc ns2:href="../../ferc-core_2021-01-01.xsd#ferc_ScheduleSteamElectricGeneratingPlantStatisticsAbstract" ns2:label="ferc_ScheduleSteamElectricGeneratingPlantStatisticsAbstract" ns2:type="locator" />
        <ns0:loc ns2:href="../../ferc-core_2021-01-01.xsd#ferc_SteamElectricGeneratingPlantStatisticsLineItems" ns2:label="ferc_SteamElectricGeneratingPlantStatisticsLineItems" ns2:type="locator" />
        <ns0:definitionArc order="1" ns2:arcrole="http://xbrl.org/int/dim/arcrole/domain-member" ns2:from="ferc_ScheduleSteamElectricGeneratingPlantStatisticsAbstract" ns2:to="ferc_SteamElectricGeneratingPlantStatisticsLineItems" ns2:type="arc" />
        <ns0:loc ns2:href="../../ferc-core_2021-01-01.xsd#ferc_SteamElectricGeneratingPlantStatisticsTable" ns2:label="ferc_SteamElectricGeneratingPlantStatisticsTable" ns2:type="locator" />
        <ns0:definitionArc order="1" ns2:arcrole="http://xbrl.org/int/dim/arcrole/all" ns2:from="ferc_SteamElectricGeneratingPlantStatisticsLineItems" ns2:to="ferc_SteamElectricGeneratingPlantStatisticsTable" ns2:type="arc" ns3:closed="true" ns3:contextElement="segment" />
        <ns0:loc ns2:href="../../ferc-core_2021-01-01.xsd#ferc_PlantNameAxis" ns2:label="ferc_PlantNameAxis" ns2:type="locator" />
        <ns0:definitionArc order="1" ns2:arcrole="http://xbrl.org/int/dim/arcrole/hypercube-dimension" ns2:from="ferc_SteamElectricGeneratingPlantStatisticsTable" ns2:to="ferc_PlantNameAxis" ns2:type="arc" />
        <ns0:loc ns2:href="../../ferc-core_2021-01-01.xsd#ferc_FuelKindAxis" ns2:label="ferc_FuelKindAxis" ns2:type="locator" />
        <ns0:definitionArc order="2" ns2:arcrole="http://xbrl.org/int/dim/arcrole/hypercube-dimension" ns2:from="ferc_SteamElectricGeneratingPlantStatisticsTable" ns2:to="ferc_FuelKindAxis" ns2:type="arc" />
        <ns0:loc ns2:href="../../ferc-core_2021-01-01.xsd#ferc_FuelKind" ns2:label="ferc_FuelKind" ns2:type="locator" />
        <ns0:definitionArc order="2" ns2:arcrole="http://xbrl.org/int/dim/arcrole/domain-member" ns2:from="ferc_SteamElectricGeneratingPlantStatisticsLineItems" ns2:to="ferc_FuelKind" ns2:type="arc" />
        <ns0:loc ns2:href="../../ferc-core_2021-01-01.xsd#ferc_FuelUnit" ns2:label="ferc_FuelUnit" ns2:type="locator" />
        <ns0:definitionArc order="3" ns2:arcrole="http://xbrl.org/int/dim/arcrole/domain-member" ns2:from="ferc_SteamElectricGeneratingPlantStatisticsLineItems" ns2:to="ferc_FuelUnit" ns2:type="arc" />
        <ns0:loc ns2:href="../../ferc-core_2021-01-01.xsd#ferc_QuantityOfFuelBurned" ns2:label="ferc_QuantityOfFuelBurned" ns2:type="locator" />
        <ns0:definitionArc order="4" ns2:arcrole="http://xbrl.org/int/dim/arcrole/domain-member" ns2:from="ferc_SteamElectricGeneratingPlantStatisticsLineItems" ns2:to="ferc_QuantityOfFuelBurned" ns2:type="arc" />
        <ns0:loc ns2:href="../../ferc-core_2021-01-01.xsd#ferc_FuelBurnedAverageHeatContent" ns2:label="ferc_FuelBurnedAverageHeatContent" ns2:type="locator" />
        <ns0:definitionArc order="5" ns2:arcrole="http://xbrl.org/int/dim/arcrole/domain-member" ns2:from="ferc_SteamElectricGeneratingPlantStatisticsLineItems" ns2:to="ferc_FuelBurnedAverageHeatContent" ns2:type="arc" />
        <ns0:loc ns2:href="../../ferc-core_2021-01-01.xsd#ferc_AverageCostOfFuelPerUnitAsDelivered" ns2:label="ferc_AverageCostOfFuelPerUnitAsDelivered" ns2:type="locator" />
        <ns0:definitionArc order="6" ns2:arcrole="http://xbrl.org/int/dim/arcrole/domain-member" ns2:from="ferc_SteamElectricGeneratingPlantStatisticsLineItems" ns2:to="ferc_AverageCostOfFuelPerUnitAsDelivered" ns2:type="arc" />
        <ns0:loc ns2:href="../../ferc-core_2021-01-01.xsd#ferc_AverageCostOfFuelPerUnitBurned" ns2:label="ferc_AverageCostOfFuelPerUnitBurned" ns2:type="locator" />
        <ns0:definitionArc order="7" ns2:arcrole="http://xbrl.org/int/dim/arcrole/domain-member" ns2:from="ferc_SteamElectricGeneratingPlantStatisticsLineItems" ns2:to="ferc_AverageCostOfFuelPerUnitBurned" ns2:type="arc" />
        <ns0:loc ns2:href="../../ferc-core_2021-01-01.xsd#ferc_AverageCostOfFuelBurnedPerMillionBritishThermalUnit" ns2:label="ferc_AverageCostOfFuelBurnedPerMillionBritishThermalUnit" ns2:type="locator" />
        <ns0:definitionArc order="8" ns2:arcrole="http://xbrl.org/int/dim/arcrole/domain-member" ns2:from="ferc_SteamElectricGeneratingPlantStatisticsLineItems" ns2:to="ferc_AverageCostOfFuelBurnedPerMillionBritishThermalUnit" ns2:type="arc" />
        <ns0:loc ns2:href="../../ferc-core_2021-01-01.xsd#ferc_AverageCostOfFuelBurnedPerKilowattHourNetGeneration" ns2:label="ferc_AverageCostOfFuelBurnedPerKilowattHourNetGeneration" ns2:type="locator" />
        <ns0:definitionArc order="9" ns2:arcrole="http://xbrl.org/int/dim/arcrole/domain-member" ns2:from="ferc_SteamElectricGeneratingPlantStatisticsLineItems" ns2:to="ferc_AverageCostOfFuelBurnedPerKilowattHourNetGeneration" ns2:type="arc" />
        <ns0:loc ns2:href="../../ferc-core_2021-01-01.xsd#ferc_AverageBritishThermalUnitPerKilowattHourNetGeneration" ns2:label="ferc_AverageBritishThermalUnitPerKilowattHourNetGeneration" ns2:type="locator" />
        <ns0:definitionArc order="10" ns2:arcrole="http://xbrl.org/int/dim/arcrole/domain-member" ns2:from="ferc_SteamElectricGeneratingPlantStatisticsLineItems" ns2:to="ferc_AverageBritishThermalUnitPerKilowattHourNetGeneration" ns2:type="arc" />
    </ns0:definitionLink>
    <ns0:definitionLink ns2:role="http://ferc.gov/form/2020-01-01/roles/Schedule/F1/ScheduleSteamElectricGeneratingPlantStatistics" ns2:type="extended" />
    <ns0:definitionLink ns2:role="http://ferc.gov/form/2020-01-01/roles/Schedule/F1/ScheduleSteamElectricGeneratingPlantStatisticsFuelStatistics" ns2:type="extended" />
</ns0:linkbase>